index	seed	set	setId	difficulty	variant
0				-1	-1
1	beko_beko219_difficulty5-4	beko	beko219	5	4
2	beko_beko219_difficulty5-5	beko	beko219	5	5
3	beko_beko219_difficulty6-1	beko	beko219	6	1
4	bfm_bfm229_difficulty6-10	bfm	bfm229	6	10
5	bfm_bfm229_difficulty6-7	bfm	bfm229	6	7
6	bfm_bfm229_difficulty7-6	bfm	bfm229	7	6
7	bfm_bfm229_difficulty7-8	bfm	bfm229	7	8
8	bfm_bfm229_difficulty7-9	bfm	bfm229	7	9
9	bfm_bfm235_difficulty5-8	bfm	bfm235	5	8
10	bfm_bfm235_difficulty6-6	bfm	bfm235	6	6
11	bfm_bfm235_difficulty6-7	bfm	bfm235	6	7
12	bfm_bfm235_difficulty7-10	bfm	bfm235	7	10
13	bfm_bfm235_difficulty7-9	bfm	bfm235	7	9
14	bfm_bfm236_difficulty3-1	bfm	bfm236	3	1
15	bfm_bfm236_difficulty4-2	bfm	bfm236	4	2
16	bfm_bfm236_difficulty4-3	bfm	bfm236	4	3
17	bfm_bfm236_difficulty4-4	bfm	bfm236	4	4
18	bfm_bfm236_difficulty4-5	bfm	bfm236	4	5
19	bfm_bfm239_difficulty4-1	bfm	bfm239	4	1
20	bfm_bfm239_difficulty4-2	bfm	bfm239	4	2
21	bfm_bfm239_difficulty4-3	bfm	bfm239	4	3
22	bfm_bfm239_difficulty4-4	bfm	bfm239	4	4
23	bfm_bfm239_difficulty4-5	bfm	bfm239	4	5
24	bfm_bfm241_difficulty5-1	bfm	bfm241	5	1
25	bfm_bfm241_difficulty5-2	bfm	bfm241	5	2
26	bfm_bfm241_difficulty5-3	bfm	bfm241	5	3
27	bfm_bfm241_difficulty5-4	bfm	bfm241	5	4
28	bfm_bfm241_difficulty5-5	bfm	bfm241	5	5
29	bfm_bfm247_difficulty1-1	bfm	bfm247	1	1
30	bfm_bfm247_difficulty1-2	bfm	bfm247	1	2
31	bfm_bfm247_difficulty1-3	bfm	bfm247	1	3
32	bfm_bfm247_difficulty1-4	bfm	bfm247	1	4
33	bfm_bfm247_difficulty1-5	bfm	bfm247	1	5
34	bfm_bfm248_difficulty4-1	bfm	bfm248	4	1
35	bfm_bfm248_difficulty4-2	bfm	bfm248	4	2
36	bfm_bfm248_difficulty4-3	bfm	bfm248	4	3
37	bfm_bfm248_difficulty4-4	bfm	bfm248	4	4
38	bfm_bfm252_difficulty5-1	bfm	bfm252	5	1
39	bfm_bfm252_difficulty5-2	bfm	bfm252	5	2
40	bfm_bfm252_difficulty5-3	bfm	bfm252	5	3
41	bfm_bfm252_difficulty5-4	bfm	bfm252	5	4
42	bfm_bfm254_difficulty3-2	bfm	bfm254	3	2
43	bfm_bfm254_difficulty3-3	bfm	bfm254	3	3
44	bfm_bfm254_difficulty4-1	bfm	bfm254	4	1
45	bfm_bfm254_difficulty4-4	bfm	bfm254	4	4
46	bfm_bfm254_difficulty4-5	bfm	bfm254	4	5
47	bfm_bfm256_difficulty1-1	bfm	bfm256	1	1
48	bfm_bfm256_difficulty1-2	bfm	bfm256	1	2
49	bfm_bfm256_difficulty1-3	bfm	bfm256	1	3
50	bfm_bfm256_difficulty1-4	bfm	bfm256	1	4
51	bfm_bfm256_difficulty1-5	bfm	bfm256	1	5
52	bfm_bfm262_difficulty6-1	bfm	bfm262	6	1
53	bfm_bfm262_difficulty6-2	bfm	bfm262	6	2
54	bfm_bfm262_difficulty6-4	bfm	bfm262	6	4
55	bfm_bfm262_difficulty6-5	bfm	bfm262	6	5
56	bfm_bfm262_difficulty7-3	bfm	bfm262	7	3
57	bfm_bfm265_difficulty5-1	bfm	bfm265	5	1
58	bfm_bfm265_difficulty5-2	bfm	bfm265	5	2
59	bfm_bfm265_difficulty5-3	bfm	bfm265	5	3
60	bfm_bfm265_difficulty5-4	bfm	bfm265	5	4
61	bfm_bfm265_difficulty5-5	bfm	bfm265	5	5
62	bfm_bfm272_difficulty3-1	bfm	bfm272	3	1
63	bfm_bfm272_difficulty3-2	bfm	bfm272	3	2
64	bfm_bfm272_difficulty3-4	bfm	bfm272	3	4
65	bfm_bfm272_difficulty4-3	bfm	bfm272	4	3
66	bfm_bfm272_difficulty4-5	bfm	bfm272	4	5
67	bfm_bfm274_difficulty3-1	bfm	bfm274	3	1
68	bfm_bfm274_difficulty3-2	bfm	bfm274	3	2
69	bfm_bfm274_difficulty3-5	bfm	bfm274	3	5
70	bfm_bfm274_difficulty4-3	bfm	bfm274	4	3
71	bfm_bfm274_difficulty4-4	bfm	bfm274	4	4
72	bfm_bfm277_difficulty3-2	bfm	bfm277	3	2
73	bfm_bfm277_difficulty3-4	bfm	bfm277	3	4
74	bfm_bfm277_difficulty4-1	bfm	bfm277	4	1
75	bfm_bfm277_difficulty4-3	bfm	bfm277	4	3
76	bfm_bfm277_difficulty4-5	bfm	bfm277	4	5
77	bfm_bfm282_difficulty3-4	bfm	bfm282	3	4
78	bfm_bfm282_difficulty4-1	bfm	bfm282	4	1
79	bfm_bfm282_difficulty4-2	bfm	bfm282	4	2
80	bfm_bfm282_difficulty4-3	bfm	bfm282	4	3
81	bfm_bfm282_difficulty4-5	bfm	bfm282	4	5
82	bfm_bfm285_difficulty4-1	bfm	bfm285	4	1
83	bfm_bfm285_difficulty4-2	bfm	bfm285	4	2
84	bfm_bfm285_difficulty4-3	bfm	bfm285	4	3
85	bfm_bfm285_difficulty4-4	bfm	bfm285	4	4
86	bfm_bfm285_difficulty4-5	bfm	bfm285	4	5
87	bfm_bfm286_difficulty1-1	bfm	bfm286	1	1
88	bfm_bfm286_difficulty1-2	bfm	bfm286	1	2
89	bfm_bfm286_difficulty1-3	bfm	bfm286	1	3
90	bfm_bfm286_difficulty1-4	bfm	bfm286	1	4
91	bfm_bfm286_difficulty1-5	bfm	bfm286	1	5
92	bfm_bfm287_difficulty1-1	bfm	bfm287	1	1
93	bfm_bfm287_difficulty1-2	bfm	bfm287	1	2
94	bfm_bfm287_difficulty1-3	bfm	bfm287	1	3
95	bfm_bfm287_difficulty1-4	bfm	bfm287	1	4
96	bfm_bfm287_difficulty1-5	bfm	bfm287	1	5
97	bfm_bfm288_difficulty1-1	bfm	bfm288	1	1
98	bfm_bfm288_difficulty1-2	bfm	bfm288	1	2
99	bfm_bfm288_difficulty1-3	bfm	bfm288	1	3
100	bfm_bfm288_difficulty1-4	bfm	bfm288	1	4
101	bfm_bfm288_difficulty1-5	bfm	bfm288	1	5
102	bfm_bfm289_difficulty1-1	bfm	bfm289	1	1
103	bfm_bfm289_difficulty1-2	bfm	bfm289	1	2
104	bfm_bfm289_difficulty1-3	bfm	bfm289	1	3
105	bfm_bfm289_difficulty1-4	bfm	bfm289	1	4
106	bfm_bfm289_difficulty1-5	bfm	bfm289	1	5
107	bfm_bfm290_difficulty1-1	bfm	bfm290	1	1
108	bfm_bfm290_difficulty1-2	bfm	bfm290	1	2
109	bfm_bfm290_difficulty1-3	bfm	bfm290	1	3
110	bfm_bfm290_difficulty1-4	bfm	bfm290	1	4
111	bfm_bfm290_difficulty1-5	bfm	bfm290	1	5
112	bfm_bfm291_difficulty1-1	bfm	bfm291	1	1
113	bfm_bfm291_difficulty1-2	bfm	bfm291	1	2
114	bfm_bfm291_difficulty1-3	bfm	bfm291	1	3
115	bfm_bfm291_difficulty1-4	bfm	bfm291	1	4
116	bfm_bfm291_difficulty1-5	bfm	bfm291	1	5
117	bfm_bfm292_difficulty2-1	bfm	bfm292	2	1
118	bfm_bfm292_difficulty2-2	bfm	bfm292	2	2
119	bfm_bfm292_difficulty2-3	bfm	bfm292	2	3
120	bfm_bfm292_difficulty2-4	bfm	bfm292	2	4
121	bfm_bfm292_difficulty2-5	bfm	bfm292	2	5
122	bfm_bfm293_difficulty1-1	bfm	bfm293	1	1
123	bfm_bfm293_difficulty1-2	bfm	bfm293	1	2
124	bfm_bfm293_difficulty1-3	bfm	bfm293	1	3
125	bfm_bfm293_difficulty1-4	bfm	bfm293	1	4
126	bfm_bfm293_difficulty1-5	bfm	bfm293	1	5
127	bfm_bfm294_difficulty2-1	bfm	bfm294	2	1
128	bfm_bfm294_difficulty2-2	bfm	bfm294	2	2
129	bfm_bfm294_difficulty2-3	bfm	bfm294	2	3
130	bfm_bfm294_difficulty2-4	bfm	bfm294	2	4
131	bfm_bfm294_difficulty2-5	bfm	bfm294	2	5
132	bfm_bfm295_difficulty1-1	bfm	bfm295	1	1
133	bfm_bfm295_difficulty1-2	bfm	bfm295	1	2
134	bfm_bfm295_difficulty1-3	bfm	bfm295	1	3
135	bfm_bfm295_difficulty1-4	bfm	bfm295	1	4
136	bfm_bfm295_difficulty1-5	bfm	bfm295	1	5
137	bfm_bfm296_difficulty5-1	bfm	bfm296	5	1
138	bfm_bfm296_difficulty5-2	bfm	bfm296	5	2
139	bfm_bfm296_difficulty5-3	bfm	bfm296	5	3
140	bfm_bfm296_difficulty5-4	bfm	bfm296	5	4
141	bfm_bfm296_difficulty5-5	bfm	bfm296	5	5
142	bfm_bfm302_difficulty4-1	bfm	bfm302	4	1
143	bfm_bfm302_difficulty4-2	bfm	bfm302	4	2
144	bfm_bfm302_difficulty4-3	bfm	bfm302	4	3
145	bfm_bfm302_difficulty4-4	bfm	bfm302	4	4
146	bfm_bfm302_difficulty4-5	bfm	bfm302	4	5
147	bfm_bfm306_difficulty5-1	bfm	bfm306	5	1
148	bfm_bfm306_difficulty5-2	bfm	bfm306	5	2
149	bfm_bfm306_difficulty5-3	bfm	bfm306	5	3
150	bfm_bfm306_difficulty5-4	bfm	bfm306	5	4
151	bfm_bfm306_difficulty5-5	bfm	bfm306	5	5
152	bfm_bfm307_difficulty4-1	bfm	bfm307	4	1
153	bfm_bfm307_difficulty5-2	bfm	bfm307	5	2
154	bfm_bfm307_difficulty5-3	bfm	bfm307	5	3
155	bfm_bfm307_difficulty5-4	bfm	bfm307	5	4
156	bfm_bfm307_difficulty5-5	bfm	bfm307	5	5
157	bfm_bfm309_difficulty4-1	bfm	bfm309	4	1
158	bfm_bfm309_difficulty4-2	bfm	bfm309	4	2
159	bfm_bfm309_difficulty4-3	bfm	bfm309	4	3
160	bfm_bfm309_difficulty4-4	bfm	bfm309	4	4
161	bfm_bfm309_difficulty4-5	bfm	bfm309	4	5
162	bfmdlb_bfmdlb229_difficulty1-3	bfmdlb	bfmdlb229	1	3
163	bfmdlb_bfmdlb229_difficulty2-5	bfmdlb	bfmdlb229	2	5
164	bfmdlb_bfmdlb229_difficulty4-1	bfmdlb	bfmdlb229	4	1
165	bfmdlb_bfmdlb235_difficulty2-3	bfmdlb	bfmdlb235	2	3
166	bfmdlb_bfmdlb235_difficulty4-2	bfmdlb	bfmdlb235	4	2
167	bfmdlb_bfmdlb235_difficulty5-1	bfmdlb	bfmdlb235	5	1
168	bfmdlb_bfmdlb241_difficulty1-5	bfmdlb	bfmdlb241	1	5
169	bfmdlb_bfmdlb241_difficulty2-1	bfmdlb	bfmdlb241	2	1
170	bfmdlb_bfmdlb241_difficulty2-4	bfmdlb	bfmdlb241	2	4
171	bfmdlb_bfmdlb248_difficulty1-1	bfmdlb	bfmdlb248	1	1
172	bfmdlb_bfmdlb248_difficulty1-2	bfmdlb	bfmdlb248	1	2
173	bfmdlb_bfmdlb248_difficulty1-3	bfmdlb	bfmdlb248	1	3
174	bfmdlb_bfmdlb262_difficulty1-3	bfmdlb	bfmdlb262	1	3
175	bfmdlb_bfmdlb262_difficulty4-2	bfmdlb	bfmdlb262	4	2
176	bfmdlb_bfmdlb262_difficulty5-1	bfmdlb	bfmdlb262	5	1
177	bfmdlb_bfmdlb296_difficulty1-1	bfmdlb	bfmdlb296	1	1
178	bfmdlb_bfmdlb296_difficulty1-2	bfmdlb	bfmdlb296	1	2
179	bfmdlb_bfmdlb296_difficulty2-3	bfmdlb	bfmdlb296	2	3
180	daily_daily102_difficulty4-1	daily	daily102	4	1
181	daily_daily102_difficulty4-2	daily	daily102	4	2
182	daily_daily102_difficulty4-3	daily	daily102	4	3
183	daily_daily102_difficulty4-4	daily	daily102	4	4
184	daily_daily102_difficulty4-5	daily	daily102	4	5
185	daily_daily105_difficulty4-1	daily	daily105	4	1
186	daily_daily105_difficulty4-2	daily	daily105	4	2
187	daily_daily105_difficulty4-3	daily	daily105	4	3
188	daily_daily105_difficulty4-4	daily	daily105	4	4
189	daily_daily105_difficulty4-5	daily	daily105	4	5
190	daily_daily107_difficulty4-1	daily	daily107	4	1
191	daily_daily107_difficulty4-2	daily	daily107	4	2
192	daily_daily107_difficulty4-3	daily	daily107	4	3
193	daily_daily107_difficulty4-4	daily	daily107	4	4
194	daily_daily107_difficulty4-5	daily	daily107	4	5
195	daily_daily108_difficulty4-1	daily	daily108	4	1
196	daily_daily108_difficulty4-2	daily	daily108	4	2
197	daily_daily108_difficulty4-3	daily	daily108	4	3
198	daily_daily108_difficulty4-4	daily	daily108	4	4
199	daily_daily108_difficulty4-5	daily	daily108	4	5
200	daily_daily109_difficulty4-1	daily	daily109	4	1
201	daily_daily109_difficulty4-2	daily	daily109	4	2
202	daily_daily109_difficulty4-3	daily	daily109	4	3
203	daily_daily109_difficulty4-4	daily	daily109	4	4
204	daily_daily109_difficulty4-5	daily	daily109	4	5
205	daily_daily10_difficulty5-10	daily	daily10	5	10
206	daily_daily10_difficulty5-6	daily	daily10	5	6
207	daily_daily10_difficulty5-7	daily	daily10	5	7
208	daily_daily10_difficulty5-8	daily	daily10	5	8
209	daily_daily10_difficulty5-9	daily	daily10	5	9
210	daily_daily110_difficulty4-1	daily	daily110	4	1
211	daily_daily110_difficulty4-2	daily	daily110	4	2
212	daily_daily110_difficulty4-3	daily	daily110	4	3
213	daily_daily110_difficulty4-4	daily	daily110	4	4
214	daily_daily110_difficulty4-5	daily	daily110	4	5
215	daily_daily111_difficulty4-1	daily	daily111	4	1
216	daily_daily111_difficulty4-2	daily	daily111	4	2
217	daily_daily111_difficulty4-3	daily	daily111	4	3
218	daily_daily111_difficulty4-4	daily	daily111	4	4
219	daily_daily111_difficulty4-5	daily	daily111	4	5
220	daily_daily112_difficulty4-1	daily	daily112	4	1
221	daily_daily112_difficulty4-2	daily	daily112	4	2
222	daily_daily112_difficulty4-3	daily	daily112	4	3
223	daily_daily112_difficulty4-4	daily	daily112	4	4
224	daily_daily112_difficulty4-5	daily	daily112	4	5
225	daily_daily113_difficulty4-1	daily	daily113	4	1
226	daily_daily113_difficulty4-2	daily	daily113	4	2
227	daily_daily113_difficulty4-3	daily	daily113	4	3
228	daily_daily113_difficulty4-4	daily	daily113	4	4
229	daily_daily113_difficulty4-5	daily	daily113	4	5
230	daily_daily114_difficulty4-1	daily	daily114	4	1
231	daily_daily114_difficulty4-2	daily	daily114	4	2
232	daily_daily114_difficulty4-3	daily	daily114	4	3
233	daily_daily114_difficulty4-4	daily	daily114	4	4
234	daily_daily114_difficulty4-5	daily	daily114	4	5
235	daily_daily11_difficulty5-10	daily	daily11	5	10
236	daily_daily12_difficulty5-10	daily	daily12	5	10
237	daily_daily12_difficulty5-6	daily	daily12	5	6
238	daily_daily12_difficulty5-7	daily	daily12	5	7
239	daily_daily12_difficulty5-8	daily	daily12	5	8
240	daily_daily12_difficulty5-9	daily	daily12	5	9
241	daily_daily13_difficulty1-11	daily	daily13	1	11
242	daily_daily13_difficulty1-12	daily	daily13	1	12
243	daily_daily13_difficulty1-13	daily	daily13	1	13
244	daily_daily13_difficulty1-14	daily	daily13	1	14
245	daily_daily13_difficulty1-15	daily	daily13	1	15
246	daily_daily15_difficulty1-10	daily	daily15	1	10
247	daily_daily15_difficulty1-6	daily	daily15	1	6
248	daily_daily15_difficulty1-7	daily	daily15	1	7
249	daily_daily15_difficulty1-8	daily	daily15	1	8
250	daily_daily15_difficulty1-9	daily	daily15	1	9
251	daily_daily16_difficulty1-10	daily	daily16	1	10
252	daily_daily17_difficulty1-10	daily	daily17	1	10
253	daily_daily17_difficulty1-6	daily	daily17	1	6
254	daily_daily17_difficulty1-7	daily	daily17	1	7
255	daily_daily17_difficulty1-8	daily	daily17	1	8
256	daily_daily17_difficulty1-9	daily	daily17	1	9
257	daily_daily18_difficulty1-10	daily	daily18	1	10
258	daily_daily19_difficulty1-10	daily	daily19	1	10
259	daily_daily19_difficulty1-6	daily	daily19	1	6
260	daily_daily19_difficulty1-7	daily	daily19	1	7
261	daily_daily19_difficulty1-8	daily	daily19	1	8
262	daily_daily19_difficulty1-9	daily	daily19	1	9
263	daily_daily1_difficulty1-15	daily	daily1	1	15
264	daily_daily20_difficulty4-6	daily	daily20	4	6
265	daily_daily20_difficulty4-7	daily	daily20	4	7
266	daily_daily20_difficulty4-8	daily	daily20	4	8
267	daily_daily20_difficulty4-9	daily	daily20	4	9
268	daily_daily20_difficulty5-10	daily	daily20	5	10
269	daily_daily21_difficulty1-8	daily	daily21	1	8
270	daily_daily21_difficulty1-9	daily	daily21	1	9
271	daily_daily21_difficulty2-10	daily	daily21	2	10
272	daily_daily21_difficulty2-6	daily	daily21	2	6
273	daily_daily21_difficulty3-7	daily	daily21	3	7
274	daily_daily22_difficulty4-3	daily	daily22	4	3
275	daily_daily22_difficulty4-4	daily	daily22	4	4
276	daily_daily22_difficulty5-1	daily	daily22	5	1
277	daily_daily22_difficulty5-2	daily	daily22	5	2
278	daily_daily22_difficulty5-5	daily	daily22	5	5
279	daily_daily23_difficulty2-1	daily	daily23	2	1
280	daily_daily23_difficulty2-2	daily	daily23	2	2
281	daily_daily23_difficulty2-3	daily	daily23	2	3
282	daily_daily23_difficulty2-4	daily	daily23	2	4
283	daily_daily23_difficulty3-5	daily	daily23	3	5
284	daily_daily24_difficulty4-1	daily	daily24	4	1
285	daily_daily24_difficulty4-2	daily	daily24	4	2
286	daily_daily24_difficulty4-4	daily	daily24	4	4
287	daily_daily24_difficulty4-5	daily	daily24	4	5
288	daily_daily24_difficulty5-3	daily	daily24	5	3
289	daily_daily25_difficulty1-2	daily	daily25	1	2
290	daily_daily25_difficulty1-5	daily	daily25	1	5
291	daily_daily25_difficulty2-1	daily	daily25	2	1
292	daily_daily25_difficulty2-4	daily	daily25	2	4
293	daily_daily25_difficulty3-3	daily	daily25	3	3
294	daily_daily26_difficulty4-1	daily	daily26	4	1
295	daily_daily26_difficulty4-3	daily	daily26	4	3
296	daily_daily26_difficulty4-4	daily	daily26	4	4
297	daily_daily26_difficulty4-5	daily	daily26	4	5
298	daily_daily26_difficulty5-2	daily	daily26	5	2
299	daily_daily27_difficulty1-1	daily	daily27	1	1
300	daily_daily27_difficulty2-2	daily	daily27	2	2
301	daily_daily27_difficulty2-3	daily	daily27	2	3
302	daily_daily27_difficulty2-4	daily	daily27	2	4
303	daily_daily27_difficulty2-5	daily	daily27	2	5
304	daily_daily28_difficulty4-1	daily	daily28	4	1
305	daily_daily28_difficulty4-2	daily	daily28	4	2
306	daily_daily28_difficulty4-3	daily	daily28	4	3
307	daily_daily28_difficulty5-4	daily	daily28	5	4
308	daily_daily28_difficulty5-5	daily	daily28	5	5
309	daily_daily29_difficulty1-1	daily	daily29	1	1
310	daily_daily29_difficulty1-2	daily	daily29	1	2
311	daily_daily29_difficulty2-3	daily	daily29	2	3
312	daily_daily29_difficulty2-4	daily	daily29	2	4
313	daily_daily29_difficulty2-5	daily	daily29	2	5
314	daily_daily2_difficulty5-9	daily	daily2	5	9
315	daily_daily30_difficulty4-1	daily	daily30	4	1
316	daily_daily30_difficulty4-2	daily	daily30	4	2
317	daily_daily30_difficulty4-5	daily	daily30	4	5
318	daily_daily30_difficulty5-3	daily	daily30	5	3
319	daily_daily30_difficulty5-4	daily	daily30	5	4
320	daily_daily31_difficulty1-2	daily	daily31	1	2
321	daily_daily31_difficulty2-3	daily	daily31	2	3
322	daily_daily31_difficulty2-4	daily	daily31	2	4
323	daily_daily31_difficulty2-5	daily	daily31	2	5
324	daily_daily31_difficulty3-1	daily	daily31	3	1
325	daily_daily32_difficulty4-2	daily	daily32	4	2
326	daily_daily32_difficulty4-3	daily	daily32	4	3
327	daily_daily32_difficulty4-4	daily	daily32	4	4
328	daily_daily32_difficulty5-1	daily	daily32	5	1
329	daily_daily32_difficulty5-5	daily	daily32	5	5
330	daily_daily33_difficulty1-2	daily	daily33	1	2
331	daily_daily33_difficulty2-1	daily	daily33	2	1
332	daily_daily33_difficulty2-3	daily	daily33	2	3
333	daily_daily33_difficulty2-5	daily	daily33	2	5
334	daily_daily33_difficulty3-4	daily	daily33	3	4
335	daily_daily34_difficulty4-1	daily	daily34	4	1
336	daily_daily34_difficulty4-2	daily	daily34	4	2
337	daily_daily34_difficulty4-3	daily	daily34	4	3
338	daily_daily34_difficulty4-4	daily	daily34	4	4
339	daily_daily34_difficulty4-5	daily	daily34	4	5
340	daily_daily35_difficulty1-2	daily	daily35	1	2
341	daily_daily35_difficulty2-1	daily	daily35	2	1
342	daily_daily35_difficulty2-3	daily	daily35	2	3
343	daily_daily35_difficulty2-4	daily	daily35	2	4
344	daily_daily35_difficulty3-5	daily	daily35	3	5
345	daily_daily36_difficulty4-1	daily	daily36	4	1
346	daily_daily36_difficulty4-5	daily	daily36	4	5
347	daily_daily36_difficulty5-2	daily	daily36	5	2
348	daily_daily36_difficulty5-3	daily	daily36	5	3
349	daily_daily36_difficulty5-4	daily	daily36	5	4
350	daily_daily37_difficulty2-1	daily	daily37	2	1
351	daily_daily37_difficulty2-2	daily	daily37	2	2
352	daily_daily37_difficulty2-3	daily	daily37	2	3
353	daily_daily37_difficulty2-4	daily	daily37	2	4
354	daily_daily37_difficulty2-5	daily	daily37	2	5
355	daily_daily38_difficulty4-1	daily	daily38	4	1
356	daily_daily38_difficulty4-5	daily	daily38	4	5
357	daily_daily38_difficulty5-2	daily	daily38	5	2
358	daily_daily38_difficulty5-3	daily	daily38	5	3
359	daily_daily38_difficulty5-4	daily	daily38	5	4
360	daily_daily39_difficulty1-2	daily	daily39	1	2
361	daily_daily39_difficulty2-1	daily	daily39	2	1
362	daily_daily39_difficulty2-3	daily	daily39	2	3
363	daily_daily39_difficulty2-4	daily	daily39	2	4
364	daily_daily39_difficulty2-5	daily	daily39	2	5
365	daily_daily3_difficulty1-13	daily	daily3	1	13
366	daily_daily3_difficulty2-14	daily	daily3	2	14
367	daily_daily3_difficulty2-15	daily	daily3	2	15
368	daily_daily3_difficulty3-11	daily	daily3	3	11
369	daily_daily3_difficulty3-12	daily	daily3	3	12
370	daily_daily40_difficulty4-1	daily	daily40	4	1
371	daily_daily40_difficulty4-2	daily	daily40	4	2
372	daily_daily40_difficulty4-3	daily	daily40	4	3
373	daily_daily40_difficulty4-4	daily	daily40	4	4
374	daily_daily40_difficulty4-5	daily	daily40	4	5
375	daily_daily41_difficulty1-2	daily	daily41	1	2
376	daily_daily41_difficulty1-3	daily	daily41	1	3
377	daily_daily41_difficulty1-4	daily	daily41	1	4
378	daily_daily41_difficulty2-1	daily	daily41	2	1
379	daily_daily41_difficulty3-5	daily	daily41	3	5
380	daily_daily42_difficulty4-2	daily	daily42	4	2
381	daily_daily42_difficulty4-4	daily	daily42	4	4
382	daily_daily42_difficulty5-1	daily	daily42	5	1
383	daily_daily42_difficulty5-3	daily	daily42	5	3
384	daily_daily42_difficulty5-5	daily	daily42	5	5
385	daily_daily43_difficulty1-2	daily	daily43	1	2
386	daily_daily43_difficulty1-3	daily	daily43	1	3
387	daily_daily43_difficulty2-1	daily	daily43	2	1
388	daily_daily43_difficulty2-4	daily	daily43	2	4
389	daily_daily43_difficulty2-5	daily	daily43	2	5
390	daily_daily44_difficulty4-3	daily	daily44	4	3
391	daily_daily44_difficulty4-5	daily	daily44	4	5
392	daily_daily44_difficulty5-1	daily	daily44	5	1
393	daily_daily44_difficulty5-2	daily	daily44	5	2
394	daily_daily44_difficulty5-4	daily	daily44	5	4
395	daily_daily45_difficulty1-1	daily	daily45	1	1
396	daily_daily45_difficulty2-2	daily	daily45	2	2
397	daily_daily45_difficulty2-3	daily	daily45	2	3
398	daily_daily45_difficulty2-4	daily	daily45	2	4
399	daily_daily45_difficulty2-5	daily	daily45	2	5
400	daily_daily46_difficulty4-3	daily	daily46	4	3
401	daily_daily46_difficulty4-4	daily	daily46	4	4
402	daily_daily46_difficulty4-5	daily	daily46	4	5
403	daily_daily46_difficulty5-1	daily	daily46	5	1
404	daily_daily46_difficulty5-2	daily	daily46	5	2
405	daily_daily47_difficulty1-5	daily	daily47	1	5
406	daily_daily48_difficulty4-5	daily	daily48	4	5
407	daily_daily49_difficulty1-1	daily	daily49	1	1
408	daily_daily49_difficulty1-4	daily	daily49	1	4
409	daily_daily49_difficulty2-2	daily	daily49	2	2
410	daily_daily49_difficulty2-3	daily	daily49	2	3
411	daily_daily49_difficulty2-5	daily	daily49	2	5
412	daily_daily4_difficulty5-10	daily	daily4	5	10
413	daily_daily4_difficulty5-6	daily	daily4	5	6
414	daily_daily4_difficulty5-7	daily	daily4	5	7
415	daily_daily4_difficulty5-8	daily	daily4	5	8
416	daily_daily4_difficulty5-9	daily	daily4	5	9
417	daily_daily50_difficulty4-2	daily	daily50	4	2
418	daily_daily50_difficulty4-3	daily	daily50	4	3
419	daily_daily50_difficulty4-4	daily	daily50	4	4
420	daily_daily50_difficulty5-1	daily	daily50	5	1
421	daily_daily50_difficulty5-5	daily	daily50	5	5
422	daily_daily54_difficulty1-1	daily	daily54	1	1
423	daily_daily54_difficulty1-2	daily	daily54	1	2
424	daily_daily54_difficulty1-3	daily	daily54	1	3
425	daily_daily54_difficulty1-4	daily	daily54	1	4
426	daily_daily54_difficulty1-5	daily	daily54	1	5
427	daily_daily59_difficulty1-1	daily	daily59	1	1
428	daily_daily59_difficulty1-2	daily	daily59	1	2
429	daily_daily59_difficulty1-3	daily	daily59	1	3
430	daily_daily59_difficulty1-4	daily	daily59	1	4
431	daily_daily59_difficulty1-5	daily	daily59	1	5
432	daily_daily5_difficulty1-15	daily	daily5	1	15
433	daily_daily60_difficulty1-1	daily	daily60	1	1
434	daily_daily60_difficulty1-2	daily	daily60	1	2
435	daily_daily60_difficulty1-3	daily	daily60	1	3
436	daily_daily60_difficulty1-4	daily	daily60	1	4
437	daily_daily60_difficulty1-5	daily	daily60	1	5
438	daily_daily61_difficulty1-1	daily	daily61	1	1
439	daily_daily61_difficulty1-2	daily	daily61	1	2
440	daily_daily61_difficulty1-3	daily	daily61	1	3
441	daily_daily61_difficulty1-4	daily	daily61	1	4
442	daily_daily61_difficulty1-5	daily	daily61	1	5
443	daily_daily62_difficulty1-5	daily	daily62	1	5
444	daily_daily63_difficulty1-1	daily	daily63	1	1
445	daily_daily63_difficulty1-2	daily	daily63	1	2
446	daily_daily63_difficulty1-3	daily	daily63	1	3
447	daily_daily63_difficulty1-4	daily	daily63	1	4
448	daily_daily63_difficulty1-5	daily	daily63	1	5
449	daily_daily64_difficulty1-1	daily	daily64	1	1
450	daily_daily64_difficulty1-2	daily	daily64	1	2
451	daily_daily64_difficulty1-3	daily	daily64	1	3
452	daily_daily64_difficulty1-4	daily	daily64	1	4
453	daily_daily64_difficulty1-5	daily	daily64	1	5
454	daily_daily65_difficulty1-1	daily	daily65	1	1
455	daily_daily65_difficulty1-2	daily	daily65	1	2
456	daily_daily65_difficulty1-3	daily	daily65	1	3
457	daily_daily65_difficulty1-4	daily	daily65	1	4
458	daily_daily65_difficulty1-5	daily	daily65	1	5
459	daily_daily66_difficulty1-1	daily	daily66	1	1
460	daily_daily66_difficulty1-2	daily	daily66	1	2
461	daily_daily66_difficulty1-3	daily	daily66	1	3
462	daily_daily66_difficulty1-4	daily	daily66	1	4
463	daily_daily66_difficulty1-5	daily	daily66	1	5
464	daily_daily6_difficulty5-10	daily	daily6	5	10
465	daily_daily6_difficulty5-6	daily	daily6	5	6
466	daily_daily6_difficulty5-7	daily	daily6	5	7
467	daily_daily6_difficulty5-8	daily	daily6	5	8
468	daily_daily6_difficulty5-9	daily	daily6	5	9
469	daily_daily70_difficulty1-1	daily	daily70	1	1
470	daily_daily70_difficulty1-2	daily	daily70	1	2
471	daily_daily70_difficulty1-3	daily	daily70	1	3
472	daily_daily70_difficulty1-4	daily	daily70	1	4
473	daily_daily70_difficulty1-5	daily	daily70	1	5
474	daily_daily73_difficulty1-1	daily	daily73	1	1
475	daily_daily73_difficulty1-2	daily	daily73	1	2
476	daily_daily73_difficulty1-3	daily	daily73	1	3
477	daily_daily73_difficulty1-4	daily	daily73	1	4
478	daily_daily73_difficulty1-5	daily	daily73	1	5
479	daily_daily75_difficulty1-1	daily	daily75	1	1
480	daily_daily75_difficulty1-2	daily	daily75	1	2
481	daily_daily75_difficulty1-3	daily	daily75	1	3
482	daily_daily75_difficulty1-4	daily	daily75	1	4
483	daily_daily75_difficulty1-5	daily	daily75	1	5
484	daily_daily76_difficulty1-1	daily	daily76	1	1
485	daily_daily76_difficulty1-2	daily	daily76	1	2
486	daily_daily76_difficulty1-3	daily	daily76	1	3
487	daily_daily76_difficulty1-4	daily	daily76	1	4
488	daily_daily76_difficulty1-5	daily	daily76	1	5
489	daily_daily77_difficulty1-1	daily	daily77	1	1
490	daily_daily77_difficulty1-2	daily	daily77	1	2
491	daily_daily77_difficulty1-3	daily	daily77	1	3
492	daily_daily77_difficulty1-4	daily	daily77	1	4
493	daily_daily77_difficulty1-5	daily	daily77	1	5
494	daily_daily78_difficulty1-1	daily	daily78	1	1
495	daily_daily78_difficulty1-2	daily	daily78	1	2
496	daily_daily78_difficulty1-3	daily	daily78	1	3
497	daily_daily78_difficulty1-4	daily	daily78	1	4
498	daily_daily78_difficulty1-5	daily	daily78	1	5
499	daily_daily79_difficulty1-1	daily	daily79	1	1
500	daily_daily79_difficulty1-2	daily	daily79	1	2
501	daily_daily79_difficulty1-3	daily	daily79	1	3
502	daily_daily79_difficulty1-4	daily	daily79	1	4
503	daily_daily79_difficulty1-5	daily	daily79	1	5
504	daily_daily7_difficulty4-10	daily	daily7	4	10
505	daily_daily7_difficulty4-6	daily	daily7	4	6
506	daily_daily7_difficulty4-7	daily	daily7	4	7
507	daily_daily7_difficulty4-8	daily	daily7	4	8
508	daily_daily7_difficulty4-9	daily	daily7	4	9
509	daily_daily80_difficulty1-1	daily	daily80	1	1
510	daily_daily80_difficulty1-2	daily	daily80	1	2
511	daily_daily80_difficulty1-3	daily	daily80	1	3
512	daily_daily80_difficulty1-4	daily	daily80	1	4
513	daily_daily80_difficulty1-5	daily	daily80	1	5
514	daily_daily81_difficulty1-1	daily	daily81	1	1
515	daily_daily81_difficulty1-2	daily	daily81	1	2
516	daily_daily81_difficulty1-3	daily	daily81	1	3
517	daily_daily81_difficulty1-4	daily	daily81	1	4
518	daily_daily81_difficulty1-5	daily	daily81	1	5
519	daily_daily82_difficulty1-1	daily	daily82	1	1
520	daily_daily82_difficulty1-2	daily	daily82	1	2
521	daily_daily82_difficulty1-3	daily	daily82	1	3
522	daily_daily82_difficulty1-4	daily	daily82	1	4
523	daily_daily82_difficulty1-5	daily	daily82	1	5
524	daily_daily86_difficulty5-1	daily	daily86	5	1
525	daily_daily86_difficulty5-2	daily	daily86	5	2
526	daily_daily86_difficulty5-3	daily	daily86	5	3
527	daily_daily86_difficulty5-4	daily	daily86	5	4
528	daily_daily86_difficulty5-5	daily	daily86	5	5
529	daily_daily89_difficulty5-1	daily	daily89	5	1
530	daily_daily89_difficulty5-2	daily	daily89	5	2
531	daily_daily89_difficulty5-3	daily	daily89	5	3
532	daily_daily89_difficulty5-4	daily	daily89	5	4
533	daily_daily89_difficulty5-5	daily	daily89	5	5
534	daily_daily8_difficulty4-10	daily	daily8	4	10
535	daily_daily8_difficulty4-6	daily	daily8	4	6
536	daily_daily8_difficulty4-7	daily	daily8	4	7
537	daily_daily8_difficulty4-8	daily	daily8	4	8
538	daily_daily8_difficulty4-9	daily	daily8	4	9
539	daily_daily91_difficulty5-1	daily	daily91	5	1
540	daily_daily91_difficulty5-2	daily	daily91	5	2
541	daily_daily91_difficulty5-3	daily	daily91	5	3
542	daily_daily91_difficulty5-4	daily	daily91	5	4
543	daily_daily91_difficulty5-5	daily	daily91	5	5
544	daily_daily92_difficulty5-1	daily	daily92	5	1
545	daily_daily92_difficulty5-2	daily	daily92	5	2
546	daily_daily92_difficulty5-3	daily	daily92	5	3
547	daily_daily92_difficulty5-4	daily	daily92	5	4
548	daily_daily92_difficulty5-5	daily	daily92	5	5
549	daily_daily93_difficulty5-1	daily	daily93	5	1
550	daily_daily93_difficulty5-2	daily	daily93	5	2
551	daily_daily93_difficulty5-3	daily	daily93	5	3
552	daily_daily93_difficulty5-4	daily	daily93	5	4
553	daily_daily93_difficulty5-5	daily	daily93	5	5
554	daily_daily94_difficulty5-1	daily	daily94	5	1
555	daily_daily94_difficulty5-2	daily	daily94	5	2
556	daily_daily94_difficulty5-3	daily	daily94	5	3
557	daily_daily94_difficulty5-4	daily	daily94	5	4
558	daily_daily94_difficulty5-5	daily	daily94	5	5
559	daily_daily95_difficulty5-1	daily	daily95	5	1
560	daily_daily95_difficulty5-2	daily	daily95	5	2
561	daily_daily95_difficulty5-3	daily	daily95	5	3
562	daily_daily95_difficulty5-4	daily	daily95	5	4
563	daily_daily95_difficulty5-5	daily	daily95	5	5
564	daily_daily96_difficulty5-1	daily	daily96	5	1
565	daily_daily96_difficulty5-2	daily	daily96	5	2
566	daily_daily96_difficulty5-3	daily	daily96	5	3
567	daily_daily96_difficulty5-4	daily	daily96	5	4
568	daily_daily96_difficulty5-5	daily	daily96	5	5
569	daily_daily98_difficulty5-1	daily	daily98	5	1
570	daily_daily98_difficulty5-2	daily	daily98	5	2
571	daily_daily98_difficulty5-3	daily	daily98	5	3
572	daily_daily98_difficulty5-4	daily	daily98	5	4
573	daily_daily98_difficulty5-5	daily	daily98	5	5
574	daily_daily9_difficulty4-10	daily	daily9	4	10
575	daily_daily9_difficulty4-6	daily	daily9	4	6
576	daily_daily9_difficulty4-7	daily	daily9	4	7
577	daily_daily9_difficulty4-8	daily	daily9	4	8
578	daily_daily9_difficulty4-9	daily	daily9	4	9
579	dlb_dlb24_difficulty1-1	dlb	dlb24	1	1
580	dlb_dlb24_difficulty1-2	dlb	dlb24	1	2
581	dlb_dlb24_difficulty1-3	dlb	dlb24	1	3
582	dlb_dlb29_difficulty1-3	dlb	dlb29	1	3
583	dlb_dlb29_difficulty2-1	dlb	dlb29	2	1
584	dlb_dlb29_difficulty2-2	dlb	dlb29	2	2
585	dlb_dlb34_difficulty1-3	dlb	dlb34	1	3
586	dlb_dlb34_difficulty2-1	dlb	dlb34	2	1
587	dlb_dlb34_difficulty2-2	dlb	dlb34	2	2
588	dlb_dlb39_difficulty2-1	dlb	dlb39	2	1
589	dlb_dlb39_difficulty2-2	dlb	dlb39	2	2
590	dlb_dlb39_difficulty2-3	dlb	dlb39	2	3
591	dlb_dlb49_difficulty1-1	dlb	dlb49	1	1
592	dlb_dlb49_difficulty1-2	dlb	dlb49	1	2
593	dlb_dlb49_difficulty1-3	dlb	dlb49	1	3
594	dlb_dlb54_difficulty2-1	dlb	dlb54	2	1
595	dlb_dlb54_difficulty2-2	dlb	dlb54	2	2
596	dlb_dlb54_difficulty2-3	dlb	dlb54	2	3
597	dlb_dlb59_difficulty1-2	dlb	dlb59	1	2
598	dlb_dlb59_difficulty1-3	dlb	dlb59	1	3
599	dlb_dlb59_difficulty4-1	dlb	dlb59	4	1
600	dlb_dlb99_difficulty1-3	dlb	dlb99	1	3
601	dlb_dlb99_difficulty2-2	dlb	dlb99	2	2
602	dlb_dlb99_difficulty4-1	dlb	dlb99	4	1
603	earlyflow_earlyflow100_difficulty1-1	earlyflow	earlyflow100	1	1
604	earlyflow_earlyflow100_difficulty1-2	earlyflow	earlyflow100	1	2
605	earlyflow_earlyflow100_difficulty1-3	earlyflow	earlyflow100	1	3
606	earlyflow_earlyflow100_difficulty1-4	earlyflow	earlyflow100	1	4
607	earlyflow_earlyflow100_difficulty1-5	earlyflow	earlyflow100	1	5
608	earlyflow_earlyflow101_difficulty1-1	earlyflow	earlyflow101	1	1
609	earlyflow_earlyflow101_difficulty1-2	earlyflow	earlyflow101	1	2
610	earlyflow_earlyflow101_difficulty1-3	earlyflow	earlyflow101	1	3
611	earlyflow_earlyflow101_difficulty1-4	earlyflow	earlyflow101	1	4
612	earlyflow_earlyflow101_difficulty1-5	earlyflow	earlyflow101	1	5
613	earlyflow_earlyflow102_difficulty1-1	earlyflow	earlyflow102	1	1
614	earlyflow_earlyflow102_difficulty1-2	earlyflow	earlyflow102	1	2
615	earlyflow_earlyflow102_difficulty1-3	earlyflow	earlyflow102	1	3
616	earlyflow_earlyflow102_difficulty1-4	earlyflow	earlyflow102	1	4
617	earlyflow_earlyflow102_difficulty1-5	earlyflow	earlyflow102	1	5
618	earlyflow_earlyflow103_difficulty1-1	earlyflow	earlyflow103	1	1
619	earlyflow_earlyflow103_difficulty1-2	earlyflow	earlyflow103	1	2
620	earlyflow_earlyflow103_difficulty1-3	earlyflow	earlyflow103	1	3
621	earlyflow_earlyflow103_difficulty1-4	earlyflow	earlyflow103	1	4
622	earlyflow_earlyflow103_difficulty1-5	earlyflow	earlyflow103	1	5
623	earlyflow_earlyflow105_difficulty1-1	earlyflow	earlyflow105	1	1
624	earlyflow_earlyflow105_difficulty1-2	earlyflow	earlyflow105	1	2
625	earlyflow_earlyflow105_difficulty1-3	earlyflow	earlyflow105	1	3
626	earlyflow_earlyflow105_difficulty1-4	earlyflow	earlyflow105	1	4
627	earlyflow_earlyflow105_difficulty1-5	earlyflow	earlyflow105	1	5
628	earlyflow_earlyflow106_difficulty1-1	earlyflow	earlyflow106	1	1
629	earlyflow_earlyflow106_difficulty1-2	earlyflow	earlyflow106	1	2
630	earlyflow_earlyflow106_difficulty1-3	earlyflow	earlyflow106	1	3
631	earlyflow_earlyflow106_difficulty1-4	earlyflow	earlyflow106	1	4
632	earlyflow_earlyflow106_difficulty1-5	earlyflow	earlyflow106	1	5
633	earlyflow_earlyflow107_difficulty2-1	earlyflow	earlyflow107	2	1
634	earlyflow_earlyflow107_difficulty2-2	earlyflow	earlyflow107	2	2
635	earlyflow_earlyflow107_difficulty2-3	earlyflow	earlyflow107	2	3
636	earlyflow_earlyflow107_difficulty2-4	earlyflow	earlyflow107	2	4
637	earlyflow_earlyflow107_difficulty2-5	earlyflow	earlyflow107	2	5
638	earlyflow_earlyflow108_difficulty1-10	earlyflow	earlyflow108	1	10
639	earlyflow_earlyflow108_difficulty1-6	earlyflow	earlyflow108	1	6
640	earlyflow_earlyflow108_difficulty1-7	earlyflow	earlyflow108	1	7
641	earlyflow_earlyflow108_difficulty1-8	earlyflow	earlyflow108	1	8
642	earlyflow_earlyflow108_difficulty1-9	earlyflow	earlyflow108	1	9
643	earlyflow_earlyflow109_difficulty5-10	earlyflow	earlyflow109	5	10
644	earlyflow_earlyflow109_difficulty5-6	earlyflow	earlyflow109	5	6
645	earlyflow_earlyflow109_difficulty5-7	earlyflow	earlyflow109	5	7
646	earlyflow_earlyflow109_difficulty5-8	earlyflow	earlyflow109	5	8
647	earlyflow_earlyflow109_difficulty5-9	earlyflow	earlyflow109	5	9
648	earlyflow_earlyflow10_difficulty1-1	earlyflow	earlyflow10	1	1
649	earlyflow_earlyflow10_difficulty1-2	earlyflow	earlyflow10	1	2
650	earlyflow_earlyflow10_difficulty1-3	earlyflow	earlyflow10	1	3
651	earlyflow_earlyflow10_difficulty1-4	earlyflow	earlyflow10	1	4
652	earlyflow_earlyflow10_difficulty1-5	earlyflow	earlyflow10	1	5
653	earlyflow_earlyflow110_difficulty1-1	earlyflow	earlyflow110	1	1
654	earlyflow_earlyflow110_difficulty1-2	earlyflow	earlyflow110	1	2
655	earlyflow_earlyflow110_difficulty1-3	earlyflow	earlyflow110	1	3
656	earlyflow_earlyflow110_difficulty1-4	earlyflow	earlyflow110	1	4
657	earlyflow_earlyflow110_difficulty1-5	earlyflow	earlyflow110	1	5
658	earlyflow_earlyflow111_difficulty1-1	earlyflow	earlyflow111	1	1
659	earlyflow_earlyflow111_difficulty1-2	earlyflow	earlyflow111	1	2
660	earlyflow_earlyflow111_difficulty1-3	earlyflow	earlyflow111	1	3
661	earlyflow_earlyflow111_difficulty1-4	earlyflow	earlyflow111	1	4
662	earlyflow_earlyflow111_difficulty1-5	earlyflow	earlyflow111	1	5
663	earlyflow_earlyflow112_difficulty2-1	earlyflow	earlyflow112	2	1
664	earlyflow_earlyflow112_difficulty2-2	earlyflow	earlyflow112	2	2
665	earlyflow_earlyflow112_difficulty2-3	earlyflow	earlyflow112	2	3
666	earlyflow_earlyflow112_difficulty2-4	earlyflow	earlyflow112	2	4
667	earlyflow_earlyflow112_difficulty2-5	earlyflow	earlyflow112	2	5
668	earlyflow_earlyflow113_difficulty1-1	earlyflow	earlyflow113	1	1
669	earlyflow_earlyflow113_difficulty1-2	earlyflow	earlyflow113	1	2
670	earlyflow_earlyflow113_difficulty1-3	earlyflow	earlyflow113	1	3
671	earlyflow_earlyflow113_difficulty1-4	earlyflow	earlyflow113	1	4
672	earlyflow_earlyflow113_difficulty1-5	earlyflow	earlyflow113	1	5
673	earlyflow_earlyflow115_difficulty1-1	earlyflow	earlyflow115	1	1
674	earlyflow_earlyflow115_difficulty1-2	earlyflow	earlyflow115	1	2
675	earlyflow_earlyflow115_difficulty1-3	earlyflow	earlyflow115	1	3
676	earlyflow_earlyflow115_difficulty1-4	earlyflow	earlyflow115	1	4
677	earlyflow_earlyflow115_difficulty1-5	earlyflow	earlyflow115	1	5
678	earlyflow_earlyflow116_difficulty3-1	earlyflow	earlyflow116	3	1
679	earlyflow_earlyflow116_difficulty3-2	earlyflow	earlyflow116	3	2
680	earlyflow_earlyflow116_difficulty3-4	earlyflow	earlyflow116	3	4
681	earlyflow_earlyflow116_difficulty4-3	earlyflow	earlyflow116	4	3
682	earlyflow_earlyflow116_difficulty4-5	earlyflow	earlyflow116	4	5
683	earlyflow_earlyflow117_difficulty2-1	earlyflow	earlyflow117	2	1
684	earlyflow_earlyflow117_difficulty2-2	earlyflow	earlyflow117	2	2
685	earlyflow_earlyflow117_difficulty2-3	earlyflow	earlyflow117	2	3
686	earlyflow_earlyflow117_difficulty2-4	earlyflow	earlyflow117	2	4
687	earlyflow_earlyflow117_difficulty2-5	earlyflow	earlyflow117	2	5
688	earlyflow_earlyflow118_difficulty1-1	earlyflow	earlyflow118	1	1
689	earlyflow_earlyflow118_difficulty1-2	earlyflow	earlyflow118	1	2
690	earlyflow_earlyflow118_difficulty1-3	earlyflow	earlyflow118	1	3
691	earlyflow_earlyflow118_difficulty1-4	earlyflow	earlyflow118	1	4
692	earlyflow_earlyflow118_difficulty1-5	earlyflow	earlyflow118	1	5
693	earlyflow_earlyflow11_difficulty1-1	earlyflow	earlyflow11	1	1
694	earlyflow_earlyflow11_difficulty1-2	earlyflow	earlyflow11	1	2
695	earlyflow_earlyflow11_difficulty1-3	earlyflow	earlyflow11	1	3
696	earlyflow_earlyflow11_difficulty1-4	earlyflow	earlyflow11	1	4
697	earlyflow_earlyflow11_difficulty1-5	earlyflow	earlyflow11	1	5
698	earlyflow_earlyflow120_difficulty1-1	earlyflow	earlyflow120	1	1
699	earlyflow_earlyflow120_difficulty1-2	earlyflow	earlyflow120	1	2
700	earlyflow_earlyflow120_difficulty1-3	earlyflow	earlyflow120	1	3
701	earlyflow_earlyflow120_difficulty1-4	earlyflow	earlyflow120	1	4
702	earlyflow_earlyflow120_difficulty1-5	earlyflow	earlyflow120	1	5
703	earlyflow_earlyflow122_difficulty3-9	earlyflow	earlyflow122	3	9
704	earlyflow_earlyflow122_difficulty4-10	earlyflow	earlyflow122	4	10
705	earlyflow_earlyflow122_difficulty4-6	earlyflow	earlyflow122	4	6
706	earlyflow_earlyflow122_difficulty4-7	earlyflow	earlyflow122	4	7
707	earlyflow_earlyflow122_difficulty4-8	earlyflow	earlyflow122	4	8
708	earlyflow_earlyflow123_difficulty1-1	earlyflow	earlyflow123	1	1
709	earlyflow_earlyflow123_difficulty1-2	earlyflow	earlyflow123	1	2
710	earlyflow_earlyflow123_difficulty1-3	earlyflow	earlyflow123	1	3
711	earlyflow_earlyflow123_difficulty1-4	earlyflow	earlyflow123	1	4
712	earlyflow_earlyflow123_difficulty1-5	earlyflow	earlyflow123	1	5
713	earlyflow_earlyflow127_difficulty3-1	earlyflow	earlyflow127	3	1
714	earlyflow_earlyflow127_difficulty3-3	earlyflow	earlyflow127	3	3
715	earlyflow_earlyflow127_difficulty3-4	earlyflow	earlyflow127	3	4
716	earlyflow_earlyflow127_difficulty3-5	earlyflow	earlyflow127	3	5
717	earlyflow_earlyflow127_difficulty4-2	earlyflow	earlyflow127	4	2
718	earlyflow_earlyflow129_difficulty6-10	earlyflow	earlyflow129	6	10
719	earlyflow_earlyflow129_difficulty6-6	earlyflow	earlyflow129	6	6
720	earlyflow_earlyflow129_difficulty6-7	earlyflow	earlyflow129	6	7
721	earlyflow_earlyflow129_difficulty7-8	earlyflow	earlyflow129	7	8
722	earlyflow_earlyflow129_difficulty7-9	earlyflow	earlyflow129	7	9
723	earlyflow_earlyflow12_difficulty1-1	earlyflow	earlyflow12	1	1
724	earlyflow_earlyflow12_difficulty1-2	earlyflow	earlyflow12	1	2
725	earlyflow_earlyflow12_difficulty1-3	earlyflow	earlyflow12	1	3
726	earlyflow_earlyflow12_difficulty1-4	earlyflow	earlyflow12	1	4
727	earlyflow_earlyflow12_difficulty1-5	earlyflow	earlyflow12	1	5
728	earlyflow_earlyflow130_difficulty1-1	earlyflow	earlyflow130	1	1
729	earlyflow_earlyflow130_difficulty1-2	earlyflow	earlyflow130	1	2
730	earlyflow_earlyflow130_difficulty1-3	earlyflow	earlyflow130	1	3
731	earlyflow_earlyflow130_difficulty1-4	earlyflow	earlyflow130	1	4
732	earlyflow_earlyflow130_difficulty1-5	earlyflow	earlyflow130	1	5
733	earlyflow_earlyflow131_difficulty1-1	earlyflow	earlyflow131	1	1
734	earlyflow_earlyflow131_difficulty1-2	earlyflow	earlyflow131	1	2
735	earlyflow_earlyflow131_difficulty1-3	earlyflow	earlyflow131	1	3
736	earlyflow_earlyflow131_difficulty1-4	earlyflow	earlyflow131	1	4
737	earlyflow_earlyflow131_difficulty1-5	earlyflow	earlyflow131	1	5
738	earlyflow_earlyflow133_difficulty1-1	earlyflow	earlyflow133	1	1
739	earlyflow_earlyflow133_difficulty1-2	earlyflow	earlyflow133	1	2
740	earlyflow_earlyflow133_difficulty1-3	earlyflow	earlyflow133	1	3
741	earlyflow_earlyflow133_difficulty1-4	earlyflow	earlyflow133	1	4
742	earlyflow_earlyflow133_difficulty1-5	earlyflow	earlyflow133	1	5
743	earlyflow_earlyflow134_difficulty4-10	earlyflow	earlyflow134	4	10
744	earlyflow_earlyflow134_difficulty4-6	earlyflow	earlyflow134	4	6
745	earlyflow_earlyflow134_difficulty4-7	earlyflow	earlyflow134	4	7
746	earlyflow_earlyflow134_difficulty4-8	earlyflow	earlyflow134	4	8
747	earlyflow_earlyflow134_difficulty4-9	earlyflow	earlyflow134	4	9
748	earlyflow_earlyflow135_difficulty1-1	earlyflow	earlyflow135	1	1
749	earlyflow_earlyflow135_difficulty1-2	earlyflow	earlyflow135	1	2
750	earlyflow_earlyflow135_difficulty1-3	earlyflow	earlyflow135	1	3
751	earlyflow_earlyflow135_difficulty1-4	earlyflow	earlyflow135	1	4
752	earlyflow_earlyflow135_difficulty1-5	earlyflow	earlyflow135	1	5
753	earlyflow_earlyflow137_difficulty2-1	earlyflow	earlyflow137	2	1
754	earlyflow_earlyflow137_difficulty2-2	earlyflow	earlyflow137	2	2
755	earlyflow_earlyflow137_difficulty2-3	earlyflow	earlyflow137	2	3
756	earlyflow_earlyflow137_difficulty2-4	earlyflow	earlyflow137	2	4
757	earlyflow_earlyflow137_difficulty2-5	earlyflow	earlyflow137	2	5
758	earlyflow_earlyflow138_difficulty1-1	earlyflow	earlyflow138	1	1
759	earlyflow_earlyflow138_difficulty1-2	earlyflow	earlyflow138	1	2
760	earlyflow_earlyflow138_difficulty1-3	earlyflow	earlyflow138	1	3
761	earlyflow_earlyflow138_difficulty1-4	earlyflow	earlyflow138	1	4
762	earlyflow_earlyflow138_difficulty1-5	earlyflow	earlyflow138	1	5
763	earlyflow_earlyflow139_difficulty5-1	earlyflow	earlyflow139	5	1
764	earlyflow_earlyflow139_difficulty5-2	earlyflow	earlyflow139	5	2
765	earlyflow_earlyflow139_difficulty5-3	earlyflow	earlyflow139	5	3
766	earlyflow_earlyflow139_difficulty5-4	earlyflow	earlyflow139	5	4
767	earlyflow_earlyflow139_difficulty5-5	earlyflow	earlyflow139	5	5
768	earlyflow_earlyflow13_difficulty1-1	earlyflow	earlyflow13	1	1
769	earlyflow_earlyflow13_difficulty1-2	earlyflow	earlyflow13	1	2
770	earlyflow_earlyflow13_difficulty1-3	earlyflow	earlyflow13	1	3
771	earlyflow_earlyflow13_difficulty1-4	earlyflow	earlyflow13	1	4
772	earlyflow_earlyflow13_difficulty1-5	earlyflow	earlyflow13	1	5
773	earlyflow_earlyflow140_difficulty1-1	earlyflow	earlyflow140	1	1
774	earlyflow_earlyflow140_difficulty1-2	earlyflow	earlyflow140	1	2
775	earlyflow_earlyflow140_difficulty1-3	earlyflow	earlyflow140	1	3
776	earlyflow_earlyflow140_difficulty1-4	earlyflow	earlyflow140	1	4
777	earlyflow_earlyflow140_difficulty1-5	earlyflow	earlyflow140	1	5
778	earlyflow_earlyflow141_difficulty3-1	earlyflow	earlyflow141	3	1
779	earlyflow_earlyflow141_difficulty3-2	earlyflow	earlyflow141	3	2
780	earlyflow_earlyflow141_difficulty3-5	earlyflow	earlyflow141	3	5
781	earlyflow_earlyflow141_difficulty4-3	earlyflow	earlyflow141	4	3
782	earlyflow_earlyflow141_difficulty4-4	earlyflow	earlyflow141	4	4
783	earlyflow_earlyflow142_difficulty3-1	earlyflow	earlyflow142	3	1
784	earlyflow_earlyflow142_difficulty3-2	earlyflow	earlyflow142	3	2
785	earlyflow_earlyflow142_difficulty3-4	earlyflow	earlyflow142	3	4
786	earlyflow_earlyflow142_difficulty4-3	earlyflow	earlyflow142	4	3
787	earlyflow_earlyflow142_difficulty4-5	earlyflow	earlyflow142	4	5
788	earlyflow_earlyflow143_difficulty1-1	earlyflow	earlyflow143	1	1
789	earlyflow_earlyflow143_difficulty1-2	earlyflow	earlyflow143	1	2
790	earlyflow_earlyflow143_difficulty1-3	earlyflow	earlyflow143	1	3
791	earlyflow_earlyflow143_difficulty1-4	earlyflow	earlyflow143	1	4
792	earlyflow_earlyflow143_difficulty1-5	earlyflow	earlyflow143	1	5
793	earlyflow_earlyflow144_difficulty5-1	earlyflow	earlyflow144	5	1
794	earlyflow_earlyflow144_difficulty5-2	earlyflow	earlyflow144	5	2
795	earlyflow_earlyflow144_difficulty5-3	earlyflow	earlyflow144	5	3
796	earlyflow_earlyflow144_difficulty5-4	earlyflow	earlyflow144	5	4
797	earlyflow_earlyflow144_difficulty5-5	earlyflow	earlyflow144	5	5
798	earlyflow_earlyflow146_difficulty2-1	earlyflow	earlyflow146	2	1
799	earlyflow_earlyflow146_difficulty2-3	earlyflow	earlyflow146	2	3
800	earlyflow_earlyflow146_difficulty3-2	earlyflow	earlyflow146	3	2
801	earlyflow_earlyflow146_difficulty3-4	earlyflow	earlyflow146	3	4
802	earlyflow_earlyflow146_difficulty3-5	earlyflow	earlyflow146	3	5
803	earlyflow_earlyflow147_difficulty2-1	earlyflow	earlyflow147	2	1
804	earlyflow_earlyflow147_difficulty2-2	earlyflow	earlyflow147	2	2
805	earlyflow_earlyflow147_difficulty2-3	earlyflow	earlyflow147	2	3
806	earlyflow_earlyflow147_difficulty2-4	earlyflow	earlyflow147	2	4
807	earlyflow_earlyflow147_difficulty2-5	earlyflow	earlyflow147	2	5
808	earlyflow_earlyflow148_difficulty1-1	earlyflow	earlyflow148	1	1
809	earlyflow_earlyflow148_difficulty1-2	earlyflow	earlyflow148	1	2
810	earlyflow_earlyflow148_difficulty1-3	earlyflow	earlyflow148	1	3
811	earlyflow_earlyflow148_difficulty1-4	earlyflow	earlyflow148	1	4
812	earlyflow_earlyflow148_difficulty1-5	earlyflow	earlyflow148	1	5
813	earlyflow_earlyflow149_difficulty5-1	earlyflow	earlyflow149	5	1
814	earlyflow_earlyflow149_difficulty5-2	earlyflow	earlyflow149	5	2
815	earlyflow_earlyflow149_difficulty5-3	earlyflow	earlyflow149	5	3
816	earlyflow_earlyflow149_difficulty5-4	earlyflow	earlyflow149	5	4
817	earlyflow_earlyflow149_difficulty5-5	earlyflow	earlyflow149	5	5
818	earlyflow_earlyflow14_difficulty1-1	earlyflow	earlyflow14	1	1
819	earlyflow_earlyflow14_difficulty1-2	earlyflow	earlyflow14	1	2
820	earlyflow_earlyflow14_difficulty1-3	earlyflow	earlyflow14	1	3
821	earlyflow_earlyflow14_difficulty1-4	earlyflow	earlyflow14	1	4
822	earlyflow_earlyflow14_difficulty1-5	earlyflow	earlyflow14	1	5
823	earlyflow_earlyflow150_difficulty1-1	earlyflow	earlyflow150	1	1
824	earlyflow_earlyflow150_difficulty1-2	earlyflow	earlyflow150	1	2
825	earlyflow_earlyflow150_difficulty1-3	earlyflow	earlyflow150	1	3
826	earlyflow_earlyflow150_difficulty1-4	earlyflow	earlyflow150	1	4
827	earlyflow_earlyflow150_difficulty1-5	earlyflow	earlyflow150	1	5
828	earlyflow_earlyflow151_difficulty1-1	earlyflow	earlyflow151	1	1
829	earlyflow_earlyflow151_difficulty1-2	earlyflow	earlyflow151	1	2
830	earlyflow_earlyflow151_difficulty1-3	earlyflow	earlyflow151	1	3
831	earlyflow_earlyflow151_difficulty1-4	earlyflow	earlyflow151	1	4
832	earlyflow_earlyflow151_difficulty1-5	earlyflow	earlyflow151	1	5
833	earlyflow_earlyflow152_difficulty3-1	earlyflow	earlyflow152	3	1
834	earlyflow_earlyflow152_difficulty3-3	earlyflow	earlyflow152	3	3
835	earlyflow_earlyflow152_difficulty4-2	earlyflow	earlyflow152	4	2
836	earlyflow_earlyflow152_difficulty4-4	earlyflow	earlyflow152	4	4
837	earlyflow_earlyflow152_difficulty4-5	earlyflow	earlyflow152	4	5
838	earlyflow_earlyflow153_difficulty1-1	earlyflow	earlyflow153	1	1
839	earlyflow_earlyflow153_difficulty1-2	earlyflow	earlyflow153	1	2
840	earlyflow_earlyflow153_difficulty1-3	earlyflow	earlyflow153	1	3
841	earlyflow_earlyflow153_difficulty1-4	earlyflow	earlyflow153	1	4
842	earlyflow_earlyflow153_difficulty1-5	earlyflow	earlyflow153	1	5
843	earlyflow_earlyflow155_difficulty1-1	earlyflow	earlyflow155	1	1
844	earlyflow_earlyflow155_difficulty1-2	earlyflow	earlyflow155	1	2
845	earlyflow_earlyflow155_difficulty1-3	earlyflow	earlyflow155	1	3
846	earlyflow_earlyflow155_difficulty1-4	earlyflow	earlyflow155	1	4
847	earlyflow_earlyflow155_difficulty1-5	earlyflow	earlyflow155	1	5
848	earlyflow_earlyflow156_difficulty2-1	earlyflow	earlyflow156	2	1
849	earlyflow_earlyflow156_difficulty2-2	earlyflow	earlyflow156	2	2
850	earlyflow_earlyflow156_difficulty2-3	earlyflow	earlyflow156	2	3
851	earlyflow_earlyflow156_difficulty2-4	earlyflow	earlyflow156	2	4
852	earlyflow_earlyflow156_difficulty2-5	earlyflow	earlyflow156	2	5
853	earlyflow_earlyflow157_difficulty5-1	earlyflow	earlyflow157	5	1
854	earlyflow_earlyflow157_difficulty5-2	earlyflow	earlyflow157	5	2
855	earlyflow_earlyflow157_difficulty5-3	earlyflow	earlyflow157	5	3
856	earlyflow_earlyflow157_difficulty5-4	earlyflow	earlyflow157	5	4
857	earlyflow_earlyflow157_difficulty5-5	earlyflow	earlyflow157	5	5
858	earlyflow_earlyflow158_difficulty1-1	earlyflow	earlyflow158	1	1
859	earlyflow_earlyflow158_difficulty1-2	earlyflow	earlyflow158	1	2
860	earlyflow_earlyflow158_difficulty1-3	earlyflow	earlyflow158	1	3
861	earlyflow_earlyflow158_difficulty1-4	earlyflow	earlyflow158	1	4
862	earlyflow_earlyflow158_difficulty1-5	earlyflow	earlyflow158	1	5
863	earlyflow_earlyflow15_difficulty1-1	earlyflow	earlyflow15	1	1
864	earlyflow_earlyflow15_difficulty1-2	earlyflow	earlyflow15	1	2
865	earlyflow_earlyflow15_difficulty1-3	earlyflow	earlyflow15	1	3
866	earlyflow_earlyflow15_difficulty1-4	earlyflow	earlyflow15	1	4
867	earlyflow_earlyflow15_difficulty1-5	earlyflow	earlyflow15	1	5
868	earlyflow_earlyflow16_difficulty1-1	earlyflow	earlyflow16	1	1
869	earlyflow_earlyflow16_difficulty1-2	earlyflow	earlyflow16	1	2
870	earlyflow_earlyflow16_difficulty1-3	earlyflow	earlyflow16	1	3
871	earlyflow_earlyflow16_difficulty1-4	earlyflow	earlyflow16	1	4
872	earlyflow_earlyflow16_difficulty1-5	earlyflow	earlyflow16	1	5
873	earlyflow_earlyflow17_difficulty1-1	earlyflow	earlyflow17	1	1
874	earlyflow_earlyflow17_difficulty1-2	earlyflow	earlyflow17	1	2
875	earlyflow_earlyflow17_difficulty1-3	earlyflow	earlyflow17	1	3
876	earlyflow_earlyflow17_difficulty1-4	earlyflow	earlyflow17	1	4
877	earlyflow_earlyflow17_difficulty1-5	earlyflow	earlyflow17	1	5
878	earlyflow_earlyflow18_difficulty1-1	earlyflow	earlyflow18	1	1
879	earlyflow_earlyflow18_difficulty1-2	earlyflow	earlyflow18	1	2
880	earlyflow_earlyflow18_difficulty1-3	earlyflow	earlyflow18	1	3
881	earlyflow_earlyflow18_difficulty1-4	earlyflow	earlyflow18	1	4
882	earlyflow_earlyflow18_difficulty1-5	earlyflow	earlyflow18	1	5
883	earlyflow_earlyflow19_difficulty2-1	earlyflow	earlyflow19	2	1
884	earlyflow_earlyflow19_difficulty2-2	earlyflow	earlyflow19	2	2
885	earlyflow_earlyflow19_difficulty2-3	earlyflow	earlyflow19	2	3
886	earlyflow_earlyflow19_difficulty2-4	earlyflow	earlyflow19	2	4
887	earlyflow_earlyflow19_difficulty2-5	earlyflow	earlyflow19	2	5
888	earlyflow_earlyflow22_difficulty1-1	earlyflow	earlyflow22	1	1
889	earlyflow_earlyflow22_difficulty1-2	earlyflow	earlyflow22	1	2
890	earlyflow_earlyflow22_difficulty1-3	earlyflow	earlyflow22	1	3
891	earlyflow_earlyflow22_difficulty1-4	earlyflow	earlyflow22	1	4
892	earlyflow_earlyflow22_difficulty1-5	earlyflow	earlyflow22	1	5
893	earlyflow_earlyflow23_difficulty1-1	earlyflow	earlyflow23	1	1
894	earlyflow_earlyflow23_difficulty1-2	earlyflow	earlyflow23	1	2
895	earlyflow_earlyflow23_difficulty1-3	earlyflow	earlyflow23	1	3
896	earlyflow_earlyflow23_difficulty1-4	earlyflow	earlyflow23	1	4
897	earlyflow_earlyflow23_difficulty1-5	earlyflow	earlyflow23	1	5
898	earlyflow_earlyflow24_difficulty2-1	earlyflow	earlyflow24	2	1
899	earlyflow_earlyflow24_difficulty2-2	earlyflow	earlyflow24	2	2
900	earlyflow_earlyflow24_difficulty2-3	earlyflow	earlyflow24	2	3
901	earlyflow_earlyflow24_difficulty2-4	earlyflow	earlyflow24	2	4
902	earlyflow_earlyflow24_difficulty2-5	earlyflow	earlyflow24	2	5
903	earlyflow_earlyflow25_difficulty1-1	earlyflow	earlyflow25	1	1
904	earlyflow_earlyflow25_difficulty1-2	earlyflow	earlyflow25	1	2
905	earlyflow_earlyflow25_difficulty1-3	earlyflow	earlyflow25	1	3
906	earlyflow_earlyflow25_difficulty1-4	earlyflow	earlyflow25	1	4
907	earlyflow_earlyflow25_difficulty1-5	earlyflow	earlyflow25	1	5
908	earlyflow_earlyflow26_difficulty1-1	earlyflow	earlyflow26	1	1
909	earlyflow_earlyflow26_difficulty1-2	earlyflow	earlyflow26	1	2
910	earlyflow_earlyflow26_difficulty1-3	earlyflow	earlyflow26	1	3
911	earlyflow_earlyflow26_difficulty1-4	earlyflow	earlyflow26	1	4
912	earlyflow_earlyflow26_difficulty1-5	earlyflow	earlyflow26	1	5
913	earlyflow_earlyflow27_difficulty1-1	earlyflow	earlyflow27	1	1
914	earlyflow_earlyflow27_difficulty1-2	earlyflow	earlyflow27	1	2
915	earlyflow_earlyflow27_difficulty1-3	earlyflow	earlyflow27	1	3
916	earlyflow_earlyflow27_difficulty1-4	earlyflow	earlyflow27	1	4
917	earlyflow_earlyflow27_difficulty1-5	earlyflow	earlyflow27	1	5
918	earlyflow_earlyflow28_difficulty1-1	earlyflow	earlyflow28	1	1
919	earlyflow_earlyflow28_difficulty1-2	earlyflow	earlyflow28	1	2
920	earlyflow_earlyflow28_difficulty1-3	earlyflow	earlyflow28	1	3
921	earlyflow_earlyflow28_difficulty1-4	earlyflow	earlyflow28	1	4
922	earlyflow_earlyflow28_difficulty1-5	earlyflow	earlyflow28	1	5
923	earlyflow_earlyflow30_difficulty1-1	earlyflow	earlyflow30	1	1
924	earlyflow_earlyflow30_difficulty1-2	earlyflow	earlyflow30	1	2
925	earlyflow_earlyflow30_difficulty1-3	earlyflow	earlyflow30	1	3
926	earlyflow_earlyflow30_difficulty1-4	earlyflow	earlyflow30	1	4
927	earlyflow_earlyflow30_difficulty1-5	earlyflow	earlyflow30	1	5
928	earlyflow_earlyflow31_difficulty1-2	earlyflow	earlyflow31	1	2
929	earlyflow_earlyflow31_difficulty2-1	earlyflow	earlyflow31	2	1
930	earlyflow_earlyflow31_difficulty2-3	earlyflow	earlyflow31	2	3
931	earlyflow_earlyflow31_difficulty2-4	earlyflow	earlyflow31	2	4
932	earlyflow_earlyflow31_difficulty2-5	earlyflow	earlyflow31	2	5
933	earlyflow_earlyflow32_difficulty1-1	earlyflow	earlyflow32	1	1
934	earlyflow_earlyflow32_difficulty1-2	earlyflow	earlyflow32	1	2
935	earlyflow_earlyflow32_difficulty1-3	earlyflow	earlyflow32	1	3
936	earlyflow_earlyflow32_difficulty1-4	earlyflow	earlyflow32	1	4
937	earlyflow_earlyflow32_difficulty1-5	earlyflow	earlyflow32	1	5
938	earlyflow_earlyflow33_difficulty1-1	earlyflow	earlyflow33	1	1
939	earlyflow_earlyflow33_difficulty1-2	earlyflow	earlyflow33	1	2
940	earlyflow_earlyflow33_difficulty1-3	earlyflow	earlyflow33	1	3
941	earlyflow_earlyflow33_difficulty1-4	earlyflow	earlyflow33	1	4
942	earlyflow_earlyflow33_difficulty1-5	earlyflow	earlyflow33	1	5
943	earlyflow_earlyflow35_difficulty1-1	earlyflow	earlyflow35	1	1
944	earlyflow_earlyflow35_difficulty1-2	earlyflow	earlyflow35	1	2
945	earlyflow_earlyflow35_difficulty1-3	earlyflow	earlyflow35	1	3
946	earlyflow_earlyflow35_difficulty1-4	earlyflow	earlyflow35	1	4
947	earlyflow_earlyflow35_difficulty1-5	earlyflow	earlyflow35	1	5
948	earlyflow_earlyflow36_difficulty1-1	earlyflow	earlyflow36	1	1
949	earlyflow_earlyflow36_difficulty1-2	earlyflow	earlyflow36	1	2
950	earlyflow_earlyflow36_difficulty1-3	earlyflow	earlyflow36	1	3
951	earlyflow_earlyflow36_difficulty1-4	earlyflow	earlyflow36	1	4
952	earlyflow_earlyflow36_difficulty1-5	earlyflow	earlyflow36	1	5
953	earlyflow_earlyflow38_difficulty1-1	earlyflow	earlyflow38	1	1
954	earlyflow_earlyflow38_difficulty1-2	earlyflow	earlyflow38	1	2
955	earlyflow_earlyflow38_difficulty1-3	earlyflow	earlyflow38	1	3
956	earlyflow_earlyflow38_difficulty1-4	earlyflow	earlyflow38	1	4
957	earlyflow_earlyflow38_difficulty1-5	earlyflow	earlyflow38	1	5
958	earlyflow_earlyflow40_difficulty1-1	earlyflow	earlyflow40	1	1
959	earlyflow_earlyflow40_difficulty1-2	earlyflow	earlyflow40	1	2
960	earlyflow_earlyflow40_difficulty1-3	earlyflow	earlyflow40	1	3
961	earlyflow_earlyflow40_difficulty1-4	earlyflow	earlyflow40	1	4
962	earlyflow_earlyflow40_difficulty1-5	earlyflow	earlyflow40	1	5
963	earlyflow_earlyflow41_difficulty1-1	earlyflow	earlyflow41	1	1
964	earlyflow_earlyflow41_difficulty1-2	earlyflow	earlyflow41	1	2
965	earlyflow_earlyflow41_difficulty1-3	earlyflow	earlyflow41	1	3
966	earlyflow_earlyflow41_difficulty1-4	earlyflow	earlyflow41	1	4
967	earlyflow_earlyflow41_difficulty1-5	earlyflow	earlyflow41	1	5
968	earlyflow_earlyflow42_difficulty1-1	earlyflow	earlyflow42	1	1
969	earlyflow_earlyflow42_difficulty1-2	earlyflow	earlyflow42	1	2
970	earlyflow_earlyflow42_difficulty1-3	earlyflow	earlyflow42	1	3
971	earlyflow_earlyflow42_difficulty1-4	earlyflow	earlyflow42	1	4
972	earlyflow_earlyflow42_difficulty1-5	earlyflow	earlyflow42	1	5
973	earlyflow_earlyflow43_difficulty1-1	earlyflow	earlyflow43	1	1
974	earlyflow_earlyflow43_difficulty1-2	earlyflow	earlyflow43	1	2
975	earlyflow_earlyflow43_difficulty1-3	earlyflow	earlyflow43	1	3
976	earlyflow_earlyflow43_difficulty1-4	earlyflow	earlyflow43	1	4
977	earlyflow_earlyflow43_difficulty1-5	earlyflow	earlyflow43	1	5
978	earlyflow_earlyflow44_difficulty4-10	earlyflow	earlyflow44	4	10
979	earlyflow_earlyflow44_difficulty4-6	earlyflow	earlyflow44	4	6
980	earlyflow_earlyflow44_difficulty4-7	earlyflow	earlyflow44	4	7
981	earlyflow_earlyflow44_difficulty4-8	earlyflow	earlyflow44	4	8
982	earlyflow_earlyflow44_difficulty4-9	earlyflow	earlyflow44	4	9
983	earlyflow_earlyflow45_difficulty1-1	earlyflow	earlyflow45	1	1
984	earlyflow_earlyflow45_difficulty1-2	earlyflow	earlyflow45	1	2
985	earlyflow_earlyflow45_difficulty1-3	earlyflow	earlyflow45	1	3
986	earlyflow_earlyflow45_difficulty1-4	earlyflow	earlyflow45	1	4
987	earlyflow_earlyflow45_difficulty1-5	earlyflow	earlyflow45	1	5
988	earlyflow_earlyflow47_difficulty1-1	earlyflow	earlyflow47	1	1
989	earlyflow_earlyflow47_difficulty1-2	earlyflow	earlyflow47	1	2
990	earlyflow_earlyflow47_difficulty1-3	earlyflow	earlyflow47	1	3
991	earlyflow_earlyflow47_difficulty1-4	earlyflow	earlyflow47	1	4
992	earlyflow_earlyflow47_difficulty1-5	earlyflow	earlyflow47	1	5
993	earlyflow_earlyflow48_difficulty1-1	earlyflow	earlyflow48	1	1
994	earlyflow_earlyflow48_difficulty1-2	earlyflow	earlyflow48	1	2
995	earlyflow_earlyflow48_difficulty1-3	earlyflow	earlyflow48	1	3
996	earlyflow_earlyflow48_difficulty1-4	earlyflow	earlyflow48	1	4
997	earlyflow_earlyflow48_difficulty1-5	earlyflow	earlyflow48	1	5
998	earlyflow_earlyflow49_difficulty4-5	earlyflow	earlyflow49	4	5
999	earlyflow_earlyflow49_difficulty5-2	earlyflow	earlyflow49	5	2
1000	earlyflow_earlyflow49_difficulty5-3	earlyflow	earlyflow49	5	3
1001	earlyflow_earlyflow49_difficulty5-4	earlyflow	earlyflow49	5	4
1002	earlyflow_earlyflow49_difficulty5-6	earlyflow	earlyflow49	5	6
1003	earlyflow_earlyflow50_difficulty1-1	earlyflow	earlyflow50	1	1
1004	earlyflow_earlyflow50_difficulty1-2	earlyflow	earlyflow50	1	2
1005	earlyflow_earlyflow50_difficulty1-3	earlyflow	earlyflow50	1	3
1006	earlyflow_earlyflow50_difficulty1-4	earlyflow	earlyflow50	1	4
1007	earlyflow_earlyflow50_difficulty1-5	earlyflow	earlyflow50	1	5
1008	earlyflow_earlyflow51_difficulty1-1	earlyflow	earlyflow51	1	1
1009	earlyflow_earlyflow51_difficulty1-2	earlyflow	earlyflow51	1	2
1010	earlyflow_earlyflow51_difficulty1-3	earlyflow	earlyflow51	1	3
1011	earlyflow_earlyflow51_difficulty1-4	earlyflow	earlyflow51	1	4
1012	earlyflow_earlyflow51_difficulty1-5	earlyflow	earlyflow51	1	5
1013	earlyflow_earlyflow52_difficulty2-1	earlyflow	earlyflow52	2	1
1014	earlyflow_earlyflow52_difficulty2-2	earlyflow	earlyflow52	2	2
1015	earlyflow_earlyflow52_difficulty2-3	earlyflow	earlyflow52	2	3
1016	earlyflow_earlyflow52_difficulty2-4	earlyflow	earlyflow52	2	4
1017	earlyflow_earlyflow52_difficulty2-5	earlyflow	earlyflow52	2	5
1018	earlyflow_earlyflow53_difficulty1-1	earlyflow	earlyflow53	1	1
1019	earlyflow_earlyflow53_difficulty1-2	earlyflow	earlyflow53	1	2
1020	earlyflow_earlyflow53_difficulty1-3	earlyflow	earlyflow53	1	3
1021	earlyflow_earlyflow53_difficulty1-4	earlyflow	earlyflow53	1	4
1022	earlyflow_earlyflow53_difficulty1-5	earlyflow	earlyflow53	1	5
1023	earlyflow_earlyflow55_difficulty1-1	earlyflow	earlyflow55	1	1
1024	earlyflow_earlyflow55_difficulty1-2	earlyflow	earlyflow55	1	2
1025	earlyflow_earlyflow55_difficulty1-3	earlyflow	earlyflow55	1	3
1026	earlyflow_earlyflow55_difficulty1-4	earlyflow	earlyflow55	1	4
1027	earlyflow_earlyflow55_difficulty1-5	earlyflow	earlyflow55	1	5
1028	earlyflow_earlyflow56_difficulty2-1	earlyflow	earlyflow56	2	1
1029	earlyflow_earlyflow56_difficulty2-2	earlyflow	earlyflow56	2	2
1030	earlyflow_earlyflow56_difficulty2-3	earlyflow	earlyflow56	2	3
1031	earlyflow_earlyflow56_difficulty2-4	earlyflow	earlyflow56	2	4
1032	earlyflow_earlyflow56_difficulty2-5	earlyflow	earlyflow56	2	5
1033	earlyflow_earlyflow57_difficulty1-4	earlyflow	earlyflow57	1	4
1034	earlyflow_earlyflow57_difficulty1-5	earlyflow	earlyflow57	1	5
1035	earlyflow_earlyflow57_difficulty2-1	earlyflow	earlyflow57	2	1
1036	earlyflow_earlyflow57_difficulty2-2	earlyflow	earlyflow57	2	2
1037	earlyflow_earlyflow57_difficulty2-3	earlyflow	earlyflow57	2	3
1038	earlyflow_earlyflow58_difficulty1-1	earlyflow	earlyflow58	1	1
1039	earlyflow_earlyflow58_difficulty1-2	earlyflow	earlyflow58	1	2
1040	earlyflow_earlyflow58_difficulty1-3	earlyflow	earlyflow58	1	3
1041	earlyflow_earlyflow58_difficulty1-4	earlyflow	earlyflow58	1	4
1042	earlyflow_earlyflow58_difficulty1-5	earlyflow	earlyflow58	1	5
1043	earlyflow_earlyflow62_difficulty1-1	earlyflow	earlyflow62	1	1
1044	earlyflow_earlyflow62_difficulty1-2	earlyflow	earlyflow62	1	2
1045	earlyflow_earlyflow62_difficulty1-3	earlyflow	earlyflow62	1	3
1046	earlyflow_earlyflow62_difficulty1-4	earlyflow	earlyflow62	1	4
1047	earlyflow_earlyflow62_difficulty1-5	earlyflow	earlyflow62	1	5
1048	earlyflow_earlyflow63_difficulty1-1	earlyflow	earlyflow63	1	1
1049	earlyflow_earlyflow63_difficulty1-2	earlyflow	earlyflow63	1	2
1050	earlyflow_earlyflow63_difficulty1-3	earlyflow	earlyflow63	1	3
1051	earlyflow_earlyflow63_difficulty1-4	earlyflow	earlyflow63	1	4
1052	earlyflow_earlyflow63_difficulty1-5	earlyflow	earlyflow63	1	5
1053	earlyflow_earlyflow65_difficulty1-1	earlyflow	earlyflow65	1	1
1054	earlyflow_earlyflow65_difficulty1-2	earlyflow	earlyflow65	1	2
1055	earlyflow_earlyflow65_difficulty1-3	earlyflow	earlyflow65	1	3
1056	earlyflow_earlyflow65_difficulty1-4	earlyflow	earlyflow65	1	4
1057	earlyflow_earlyflow65_difficulty1-5	earlyflow	earlyflow65	1	5
1058	earlyflow_earlyflow66_difficulty1-1	earlyflow	earlyflow66	1	1
1059	earlyflow_earlyflow66_difficulty1-2	earlyflow	earlyflow66	1	2
1060	earlyflow_earlyflow66_difficulty1-3	earlyflow	earlyflow66	1	3
1061	earlyflow_earlyflow66_difficulty1-4	earlyflow	earlyflow66	1	4
1062	earlyflow_earlyflow66_difficulty1-5	earlyflow	earlyflow66	1	5
1063	earlyflow_earlyflow68_difficulty1-10	earlyflow	earlyflow68	1	10
1064	earlyflow_earlyflow68_difficulty1-6	earlyflow	earlyflow68	1	6
1065	earlyflow_earlyflow68_difficulty1-7	earlyflow	earlyflow68	1	7
1066	earlyflow_earlyflow68_difficulty1-8	earlyflow	earlyflow68	1	8
1067	earlyflow_earlyflow68_difficulty1-9	earlyflow	earlyflow68	1	9
1068	earlyflow_earlyflow70_difficulty1-1	earlyflow	earlyflow70	1	1
1069	earlyflow_earlyflow70_difficulty1-2	earlyflow	earlyflow70	1	2
1070	earlyflow_earlyflow70_difficulty1-3	earlyflow	earlyflow70	1	3
1071	earlyflow_earlyflow70_difficulty1-4	earlyflow	earlyflow70	1	4
1072	earlyflow_earlyflow70_difficulty1-5	earlyflow	earlyflow70	1	5
1073	earlyflow_earlyflow71_difficulty1-1	earlyflow	earlyflow71	1	1
1074	earlyflow_earlyflow71_difficulty1-2	earlyflow	earlyflow71	1	2
1075	earlyflow_earlyflow71_difficulty1-3	earlyflow	earlyflow71	1	3
1076	earlyflow_earlyflow71_difficulty1-4	earlyflow	earlyflow71	1	4
1077	earlyflow_earlyflow71_difficulty1-5	earlyflow	earlyflow71	1	5
1078	earlyflow_earlyflow72_difficulty1-1	earlyflow	earlyflow72	1	1
1079	earlyflow_earlyflow72_difficulty1-2	earlyflow	earlyflow72	1	2
1080	earlyflow_earlyflow72_difficulty1-3	earlyflow	earlyflow72	1	3
1081	earlyflow_earlyflow72_difficulty1-4	earlyflow	earlyflow72	1	4
1082	earlyflow_earlyflow72_difficulty1-5	earlyflow	earlyflow72	1	5
1083	earlyflow_earlyflow73_difficulty1-1	earlyflow	earlyflow73	1	1
1084	earlyflow_earlyflow73_difficulty1-2	earlyflow	earlyflow73	1	2
1085	earlyflow_earlyflow73_difficulty1-3	earlyflow	earlyflow73	1	3
1086	earlyflow_earlyflow73_difficulty1-4	earlyflow	earlyflow73	1	4
1087	earlyflow_earlyflow73_difficulty1-5	earlyflow	earlyflow73	1	5
1088	earlyflow_earlyflow74_difficulty4-8	earlyflow	earlyflow74	4	8
1089	earlyflow_earlyflow74_difficulty4-9	earlyflow	earlyflow74	4	9
1090	earlyflow_earlyflow74_difficulty5-10	earlyflow	earlyflow74	5	10
1091	earlyflow_earlyflow74_difficulty5-6	earlyflow	earlyflow74	5	6
1092	earlyflow_earlyflow74_difficulty5-7	earlyflow	earlyflow74	5	7
1093	earlyflow_earlyflow75_difficulty1-1	earlyflow	earlyflow75	1	1
1094	earlyflow_earlyflow75_difficulty1-2	earlyflow	earlyflow75	1	2
1095	earlyflow_earlyflow75_difficulty1-3	earlyflow	earlyflow75	1	3
1096	earlyflow_earlyflow75_difficulty1-4	earlyflow	earlyflow75	1	4
1097	earlyflow_earlyflow75_difficulty1-5	earlyflow	earlyflow75	1	5
1098	earlyflow_earlyflow76_difficulty1-1	earlyflow	earlyflow76	1	1
1099	earlyflow_earlyflow76_difficulty1-2	earlyflow	earlyflow76	1	2
1100	earlyflow_earlyflow76_difficulty1-3	earlyflow	earlyflow76	1	3
1101	earlyflow_earlyflow76_difficulty1-4	earlyflow	earlyflow76	1	4
1102	earlyflow_earlyflow76_difficulty1-5	earlyflow	earlyflow76	1	5
1103	earlyflow_earlyflow77_difficulty2-10	earlyflow	earlyflow77	2	10
1104	earlyflow_earlyflow77_difficulty2-6	earlyflow	earlyflow77	2	6
1105	earlyflow_earlyflow77_difficulty2-7	earlyflow	earlyflow77	2	7
1106	earlyflow_earlyflow77_difficulty2-8	earlyflow	earlyflow77	2	8
1107	earlyflow_earlyflow77_difficulty2-9	earlyflow	earlyflow77	2	9
1108	earlyflow_earlyflow78_difficulty1-10	earlyflow	earlyflow78	1	10
1109	earlyflow_earlyflow78_difficulty1-6	earlyflow	earlyflow78	1	6
1110	earlyflow_earlyflow78_difficulty1-7	earlyflow	earlyflow78	1	7
1111	earlyflow_earlyflow78_difficulty1-8	earlyflow	earlyflow78	1	8
1112	earlyflow_earlyflow78_difficulty1-9	earlyflow	earlyflow78	1	9
1113	earlyflow_earlyflow80_difficulty1-1	earlyflow	earlyflow80	1	1
1114	earlyflow_earlyflow80_difficulty1-2	earlyflow	earlyflow80	1	2
1115	earlyflow_earlyflow80_difficulty1-3	earlyflow	earlyflow80	1	3
1116	earlyflow_earlyflow80_difficulty1-4	earlyflow	earlyflow80	1	4
1117	earlyflow_earlyflow80_difficulty1-5	earlyflow	earlyflow80	1	5
1118	earlyflow_earlyflow81_difficulty1-1	earlyflow	earlyflow81	1	1
1119	earlyflow_earlyflow81_difficulty1-2	earlyflow	earlyflow81	1	2
1120	earlyflow_earlyflow81_difficulty1-3	earlyflow	earlyflow81	1	3
1121	earlyflow_earlyflow81_difficulty1-4	earlyflow	earlyflow81	1	4
1122	earlyflow_earlyflow81_difficulty1-5	earlyflow	earlyflow81	1	5
1123	earlyflow_earlyflow82_difficulty1-1	earlyflow	earlyflow82	1	1
1124	earlyflow_earlyflow82_difficulty1-2	earlyflow	earlyflow82	1	2
1125	earlyflow_earlyflow82_difficulty1-3	earlyflow	earlyflow82	1	3
1126	earlyflow_earlyflow82_difficulty1-4	earlyflow	earlyflow82	1	4
1127	earlyflow_earlyflow82_difficulty1-5	earlyflow	earlyflow82	1	5
1128	earlyflow_earlyflow83_difficulty1-1	earlyflow	earlyflow83	1	1
1129	earlyflow_earlyflow83_difficulty1-2	earlyflow	earlyflow83	1	2
1130	earlyflow_earlyflow83_difficulty1-3	earlyflow	earlyflow83	1	3
1131	earlyflow_earlyflow83_difficulty1-4	earlyflow	earlyflow83	1	4
1132	earlyflow_earlyflow83_difficulty1-5	earlyflow	earlyflow83	1	5
1133	earlyflow_earlyflow85_difficulty1-1	earlyflow	earlyflow85	1	1
1134	earlyflow_earlyflow85_difficulty1-2	earlyflow	earlyflow85	1	2
1135	earlyflow_earlyflow85_difficulty1-3	earlyflow	earlyflow85	1	3
1136	earlyflow_earlyflow85_difficulty1-4	earlyflow	earlyflow85	1	4
1137	earlyflow_earlyflow85_difficulty1-5	earlyflow	earlyflow85	1	5
1138	earlyflow_earlyflow86_difficulty1-1	earlyflow	earlyflow86	1	1
1139	earlyflow_earlyflow86_difficulty1-2	earlyflow	earlyflow86	1	2
1140	earlyflow_earlyflow86_difficulty1-3	earlyflow	earlyflow86	1	3
1141	earlyflow_earlyflow86_difficulty1-4	earlyflow	earlyflow86	1	4
1142	earlyflow_earlyflow86_difficulty1-5	earlyflow	earlyflow86	1	5
1143	earlyflow_earlyflow88_difficulty1-1	earlyflow	earlyflow88	1	1
1144	earlyflow_earlyflow88_difficulty1-2	earlyflow	earlyflow88	1	2
1145	earlyflow_earlyflow88_difficulty1-3	earlyflow	earlyflow88	1	3
1146	earlyflow_earlyflow88_difficulty1-4	earlyflow	earlyflow88	1	4
1147	earlyflow_earlyflow88_difficulty1-5	earlyflow	earlyflow88	1	5
1148	earlyflow_earlyflow90_difficulty1-10	earlyflow	earlyflow90	1	10
1149	earlyflow_earlyflow90_difficulty1-6	earlyflow	earlyflow90	1	6
1150	earlyflow_earlyflow90_difficulty1-7	earlyflow	earlyflow90	1	7
1151	earlyflow_earlyflow90_difficulty1-8	earlyflow	earlyflow90	1	8
1152	earlyflow_earlyflow90_difficulty1-9	earlyflow	earlyflow90	1	9
1153	earlyflow_earlyflow91_difficulty1-1	earlyflow	earlyflow91	1	1
1154	earlyflow_earlyflow91_difficulty1-2	earlyflow	earlyflow91	1	2
1155	earlyflow_earlyflow91_difficulty1-3	earlyflow	earlyflow91	1	3
1156	earlyflow_earlyflow91_difficulty1-4	earlyflow	earlyflow91	1	4
1157	earlyflow_earlyflow91_difficulty1-5	earlyflow	earlyflow91	1	5
1158	earlyflow_earlyflow92_difficulty3-10	earlyflow	earlyflow92	3	10
1159	earlyflow_earlyflow92_difficulty3-6	earlyflow	earlyflow92	3	6
1160	earlyflow_earlyflow92_difficulty3-7	earlyflow	earlyflow92	3	7
1161	earlyflow_earlyflow92_difficulty3-8	earlyflow	earlyflow92	3	8
1162	earlyflow_earlyflow92_difficulty3-9	earlyflow	earlyflow92	3	9
1163	earlyflow_earlyflow93_difficulty1-1	earlyflow	earlyflow93	1	1
1164	earlyflow_earlyflow93_difficulty1-2	earlyflow	earlyflow93	1	2
1165	earlyflow_earlyflow93_difficulty1-3	earlyflow	earlyflow93	1	3
1166	earlyflow_earlyflow93_difficulty1-4	earlyflow	earlyflow93	1	4
1167	earlyflow_earlyflow93_difficulty1-5	earlyflow	earlyflow93	1	5
1168	earlyflow_earlyflow94_difficulty4-9	earlyflow	earlyflow94	4	9
1169	earlyflow_earlyflow94_difficulty5-10	earlyflow	earlyflow94	5	10
1170	earlyflow_earlyflow94_difficulty5-6	earlyflow	earlyflow94	5	6
1171	earlyflow_earlyflow94_difficulty5-7	earlyflow	earlyflow94	5	7
1172	earlyflow_earlyflow94_difficulty5-8	earlyflow	earlyflow94	5	8
1173	earlyflow_earlyflow97_difficulty1-1	earlyflow	earlyflow97	1	1
1174	earlyflow_earlyflow97_difficulty1-2	earlyflow	earlyflow97	1	2
1175	earlyflow_earlyflow97_difficulty1-3	earlyflow	earlyflow97	1	3
1176	earlyflow_earlyflow97_difficulty1-4	earlyflow	earlyflow97	1	4
1177	earlyflow_earlyflow97_difficulty1-5	earlyflow	earlyflow97	1	5
1178	earlyflow_earlyflow98_difficulty1-1	earlyflow	earlyflow98	1	1
1179	earlyflow_earlyflow98_difficulty1-2	earlyflow	earlyflow98	1	2
1180	earlyflow_earlyflow98_difficulty1-3	earlyflow	earlyflow98	1	3
1181	earlyflow_earlyflow98_difficulty1-4	earlyflow	earlyflow98	1	4
1182	earlyflow_earlyflow98_difficulty1-5	earlyflow	earlyflow98	1	5
1183	earlyflowdlb_earlyflowdlb129_difficulty3-3	earlyflowdlb	earlyflowdlb129	3	3
1184	earlyflowdlb_earlyflowdlb129_difficulty4-2	earlyflowdlb	earlyflowdlb129	4	2
1185	earlyflowdlb_earlyflowdlb129_difficulty5-1	earlyflowdlb	earlyflowdlb129	5	1
1186	getcolor_getcolor100_difficulty5-1	getcolor	getcolor100	5	1
1187	getcolor_getcolor101_difficulty7-1	getcolor	getcolor101	7	1
1188	getcolor_getcolor102_difficulty3-1	getcolor	getcolor102	3	1
1189	getcolor_getcolor103_difficulty6-1	getcolor	getcolor103	6	1
1190	getcolor_getcolor104_difficulty4-1	getcolor	getcolor104	4	1
1191	getcolor_getcolor105_difficulty7-1	getcolor	getcolor105	7	1
1192	getcolor_getcolor106_difficulty6-1	getcolor	getcolor106	6	1
1193	getcolor_getcolor107_difficulty7-1	getcolor	getcolor107	7	1
1194	getcolor_getcolor108_difficulty5-1	getcolor	getcolor108	5	1
1195	getcolor_getcolor109_difficulty7-1	getcolor	getcolor109	7	1
1196	getcolor_getcolor10_difficulty4-1	getcolor	getcolor10	4	1
1197	getcolor_getcolor110_difficulty5-1	getcolor	getcolor110	5	1
1198	getcolor_getcolor111_difficulty5-1	getcolor	getcolor111	5	1
1199	getcolor_getcolor112_difficulty6-1	getcolor	getcolor112	6	1
1200	getcolor_getcolor113_difficulty7-1	getcolor	getcolor113	7	1
1201	getcolor_getcolor114_difficulty6-1	getcolor	getcolor114	6	1
1202	getcolor_getcolor115_difficulty7-1	getcolor	getcolor115	7	1
1203	getcolor_getcolor116_difficulty4-1	getcolor	getcolor116	4	1
1204	getcolor_getcolor117_difficulty7-1	getcolor	getcolor117	7	1
1205	getcolor_getcolor118_difficulty4-1	getcolor	getcolor118	4	1
1206	getcolor_getcolor119_difficulty6-1	getcolor	getcolor119	6	1
1207	getcolor_getcolor11_difficulty1-1	getcolor	getcolor11	1	1
1208	getcolor_getcolor120_difficulty5-1	getcolor	getcolor120	5	1
1209	getcolor_getcolor121_difficulty5-1	getcolor	getcolor121	5	1
1210	getcolor_getcolor122_difficulty2-1	getcolor	getcolor122	2	1
1211	getcolor_getcolor123_difficulty5-1	getcolor	getcolor123	5	1
1212	getcolor_getcolor124_difficulty5-1	getcolor	getcolor124	5	1
1213	getcolor_getcolor125_difficulty7-1	getcolor	getcolor125	7	1
1214	getcolor_getcolor126_difficulty4-1	getcolor	getcolor126	4	1
1215	getcolor_getcolor127_difficulty5-1	getcolor	getcolor127	5	1
1216	getcolor_getcolor128_difficulty5-1	getcolor	getcolor128	5	1
1217	getcolor_getcolor129_difficulty7-1	getcolor	getcolor129	7	1
1218	getcolor_getcolor12_difficulty1-1	getcolor	getcolor12	1	1
1219	getcolor_getcolor130_difficulty7-1	getcolor	getcolor130	7	1
1220	getcolor_getcolor131_difficulty6-1	getcolor	getcolor131	6	1
1221	getcolor_getcolor132_difficulty5-1	getcolor	getcolor132	5	1
1222	getcolor_getcolor133_difficulty7-1	getcolor	getcolor133	7	1
1223	getcolor_getcolor134_difficulty1-1	getcolor	getcolor134	1	1
1224	getcolor_getcolor135_difficulty7-1	getcolor	getcolor135	7	1
1225	getcolor_getcolor136_difficulty4-1	getcolor	getcolor136	4	1
1226	getcolor_getcolor137_difficulty7-1	getcolor	getcolor137	7	1
1227	getcolor_getcolor138_difficulty5-1	getcolor	getcolor138	5	1
1228	getcolor_getcolor139_difficulty7-1	getcolor	getcolor139	7	1
1229	getcolor_getcolor13_difficulty2-1	getcolor	getcolor13	2	1
1230	getcolor_getcolor140_difficulty5-1	getcolor	getcolor140	5	1
1231	getcolor_getcolor141_difficulty7-1	getcolor	getcolor141	7	1
1232	getcolor_getcolor142_difficulty5-1	getcolor	getcolor142	5	1
1233	getcolor_getcolor143_difficulty7-1	getcolor	getcolor143	7	1
1234	getcolor_getcolor144_difficulty5-1	getcolor	getcolor144	5	1
1235	getcolor_getcolor145_difficulty7-1	getcolor	getcolor145	7	1
1236	getcolor_getcolor146_difficulty5-1	getcolor	getcolor146	5	1
1237	getcolor_getcolor147_difficulty7-1	getcolor	getcolor147	7	1
1238	getcolor_getcolor148_difficulty5-1	getcolor	getcolor148	5	1
1239	getcolor_getcolor149_difficulty6-1	getcolor	getcolor149	6	1
1240	getcolor_getcolor14_difficulty1-1	getcolor	getcolor14	1	1
1241	getcolor_getcolor150_difficulty4-1	getcolor	getcolor150	4	1
1242	getcolor_getcolor151_difficulty7-1	getcolor	getcolor151	7	1
1243	getcolor_getcolor152_difficulty4-1	getcolor	getcolor152	4	1
1244	getcolor_getcolor153_difficulty7-1	getcolor	getcolor153	7	1
1245	getcolor_getcolor154_difficulty5-1	getcolor	getcolor154	5	1
1246	getcolor_getcolor155_difficulty7-1	getcolor	getcolor155	7	1
1247	getcolor_getcolor156_difficulty6-1	getcolor	getcolor156	6	1
1248	getcolor_getcolor157_difficulty7-1	getcolor	getcolor157	7	1
1249	getcolor_getcolor158_difficulty5-1	getcolor	getcolor158	5	1
1250	getcolor_getcolor159_difficulty7-1	getcolor	getcolor159	7	1
1251	getcolor_getcolor15_difficulty1-1	getcolor	getcolor15	1	1
1252	getcolor_getcolor160_difficulty6-1	getcolor	getcolor160	6	1
1253	getcolor_getcolor161_difficulty7-1	getcolor	getcolor161	7	1
1254	getcolor_getcolor162_difficulty4-1	getcolor	getcolor162	4	1
1255	getcolor_getcolor163_difficulty7-1	getcolor	getcolor163	7	1
1256	getcolor_getcolor164_difficulty4-1	getcolor	getcolor164	4	1
1257	getcolor_getcolor165_difficulty7-1	getcolor	getcolor165	7	1
1258	getcolor_getcolor166_difficulty4-1	getcolor	getcolor166	4	1
1259	getcolor_getcolor167_difficulty7-1	getcolor	getcolor167	7	1
1260	getcolor_getcolor168_difficulty5-1	getcolor	getcolor168	5	1
1261	getcolor_getcolor169_difficulty6-1	getcolor	getcolor169	6	1
1262	getcolor_getcolor16_difficulty2-1	getcolor	getcolor16	2	1
1263	getcolor_getcolor170_difficulty5-1	getcolor	getcolor170	5	1
1264	getcolor_getcolor171_difficulty7-1	getcolor	getcolor171	7	1
1265	getcolor_getcolor172_difficulty6-1	getcolor	getcolor172	6	1
1266	getcolor_getcolor173_difficulty7-1	getcolor	getcolor173	7	1
1267	getcolor_getcolor174_difficulty3-1	getcolor	getcolor174	3	1
1268	getcolor_getcolor175_difficulty5-1	getcolor	getcolor175	5	1
1269	getcolor_getcolor176_difficulty5-1	getcolor	getcolor176	5	1
1270	getcolor_getcolor177_difficulty7-1	getcolor	getcolor177	7	1
1271	getcolor_getcolor178_difficulty6-1	getcolor	getcolor178	6	1
1272	getcolor_getcolor179_difficulty7-1	getcolor	getcolor179	7	1
1273	getcolor_getcolor17_difficulty1-1	getcolor	getcolor17	1	1
1274	getcolor_getcolor180_difficulty5-1	getcolor	getcolor180	5	1
1275	getcolor_getcolor181_difficulty7-1	getcolor	getcolor181	7	1
1276	getcolor_getcolor182_difficulty4-1	getcolor	getcolor182	4	1
1277	getcolor_getcolor183_difficulty7-1	getcolor	getcolor183	7	1
1278	getcolor_getcolor184_difficulty2-1	getcolor	getcolor184	2	1
1279	getcolor_getcolor185_difficulty7-1	getcolor	getcolor185	7	1
1280	getcolor_getcolor186_difficulty4-1	getcolor	getcolor186	4	1
1281	getcolor_getcolor187_difficulty7-1	getcolor	getcolor187	7	1
1282	getcolor_getcolor188_difficulty5-1	getcolor	getcolor188	5	1
1283	getcolor_getcolor189_difficulty7-1	getcolor	getcolor189	7	1
1284	getcolor_getcolor18_difficulty1-1	getcolor	getcolor18	1	1
1285	getcolor_getcolor190_difficulty4-1	getcolor	getcolor190	4	1
1286	getcolor_getcolor191_difficulty7-1	getcolor	getcolor191	7	1
1287	getcolor_getcolor192_difficulty5-1	getcolor	getcolor192	5	1
1288	getcolor_getcolor193_difficulty7-1	getcolor	getcolor193	7	1
1289	getcolor_getcolor194_difficulty4-1	getcolor	getcolor194	4	1
1290	getcolor_getcolor195_difficulty5-1	getcolor	getcolor195	5	1
1291	getcolor_getcolor196_difficulty4-1	getcolor	getcolor196	4	1
1292	getcolor_getcolor197_difficulty7-1	getcolor	getcolor197	7	1
1293	getcolor_getcolor198_difficulty6-1	getcolor	getcolor198	6	1
1294	getcolor_getcolor199_difficulty7-1	getcolor	getcolor199	7	1
1295	getcolor_getcolor19_difficulty1-1	getcolor	getcolor19	1	1
1296	getcolor_getcolor200_difficulty4-1	getcolor	getcolor200	4	1
1297	getcolor_getcolor20_difficulty2-1	getcolor	getcolor20	2	1
1298	getcolor_getcolor21_difficulty1-1	getcolor	getcolor21	1	1
1299	getcolor_getcolor22_difficulty3-1	getcolor	getcolor22	3	1
1300	getcolor_getcolor23_difficulty2-1	getcolor	getcolor23	2	1
1301	getcolor_getcolor24_difficulty1-1	getcolor	getcolor24	1	1
1302	getcolor_getcolor25_difficulty4-1	getcolor	getcolor25	4	1
1303	getcolor_getcolor26_difficulty4-1	getcolor	getcolor26	4	1
1304	getcolor_getcolor27_difficulty1-1	getcolor	getcolor27	1	1
1305	getcolor_getcolor28_difficulty2-1	getcolor	getcolor28	2	1
1306	getcolor_getcolor29_difficulty2-1	getcolor	getcolor29	2	1
1307	getcolor_getcolor30_difficulty4-1	getcolor	getcolor30	4	1
1308	getcolor_getcolor31_difficulty4-1	getcolor	getcolor31	4	1
1309	getcolor_getcolor32_difficulty2-1	getcolor	getcolor32	2	1
1310	getcolor_getcolor33_difficulty3-1	getcolor	getcolor33	3	1
1311	getcolor_getcolor34_difficulty4-1	getcolor	getcolor34	4	1
1312	getcolor_getcolor35_difficulty5-1	getcolor	getcolor35	5	1
1313	getcolor_getcolor36_difficulty2-1	getcolor	getcolor36	2	1
1314	getcolor_getcolor37_difficulty5-1	getcolor	getcolor37	5	1
1315	getcolor_getcolor38_difficulty3-1	getcolor	getcolor38	3	1
1316	getcolor_getcolor39_difficulty2-1	getcolor	getcolor39	2	1
1317	getcolor_getcolor40_difficulty5-1	getcolor	getcolor40	5	1
1318	getcolor_getcolor41_difficulty5-1	getcolor	getcolor41	5	1
1319	getcolor_getcolor42_difficulty4-1	getcolor	getcolor42	4	1
1320	getcolor_getcolor43_difficulty5-1	getcolor	getcolor43	5	1
1321	getcolor_getcolor44_difficulty5-1	getcolor	getcolor44	5	1
1322	getcolor_getcolor45_difficulty4-1	getcolor	getcolor45	4	1
1323	getcolor_getcolor46_difficulty5-1	getcolor	getcolor46	5	1
1324	getcolor_getcolor47_difficulty5-1	getcolor	getcolor47	5	1
1325	getcolor_getcolor48_difficulty2-1	getcolor	getcolor48	2	1
1326	getcolor_getcolor49_difficulty2-1	getcolor	getcolor49	2	1
1327	getcolor_getcolor50_difficulty5-1	getcolor	getcolor50	5	1
1328	getcolor_getcolor51_difficulty3-1	getcolor	getcolor51	3	1
1329	getcolor_getcolor52_difficulty4-1	getcolor	getcolor52	4	1
1330	getcolor_getcolor53_difficulty4-1	getcolor	getcolor53	4	1
1331	getcolor_getcolor54_difficulty2-1	getcolor	getcolor54	2	1
1332	getcolor_getcolor55_difficulty5-1	getcolor	getcolor55	5	1
1333	getcolor_getcolor56_difficulty6-1	getcolor	getcolor56	6	1
1334	getcolor_getcolor57_difficulty3-1	getcolor	getcolor57	3	1
1335	getcolor_getcolor58_difficulty4-1	getcolor	getcolor58	4	1
1336	getcolor_getcolor59_difficulty4-1	getcolor	getcolor59	4	1
1337	getcolor_getcolor5_difficulty1-1	getcolor	getcolor5	1	1
1338	getcolor_getcolor60_difficulty2-1	getcolor	getcolor60	2	1
1339	getcolor_getcolor61_difficulty3-1	getcolor	getcolor61	3	1
1340	getcolor_getcolor62_difficulty6-1	getcolor	getcolor62	6	1
1341	getcolor_getcolor63_difficulty1-1	getcolor	getcolor63	1	1
1342	getcolor_getcolor64_difficulty5-1	getcolor	getcolor64	5	1
1343	getcolor_getcolor65_difficulty4-1	getcolor	getcolor65	4	1
1344	getcolor_getcolor66_difficulty4-1	getcolor	getcolor66	4	1
1345	getcolor_getcolor67_difficulty5-1	getcolor	getcolor67	5	1
1346	getcolor_getcolor68_difficulty6-1	getcolor	getcolor68	6	1
1347	getcolor_getcolor69_difficulty1-1	getcolor	getcolor69	1	1
1348	getcolor_getcolor6_difficulty1-1	getcolor	getcolor6	1	1
1349	getcolor_getcolor70_difficulty4-1	getcolor	getcolor70	4	1
1350	getcolor_getcolor71_difficulty5-1	getcolor	getcolor71	5	1
1351	getcolor_getcolor72_difficulty1-1	getcolor	getcolor72	1	1
1352	getcolor_getcolor73_difficulty5-1	getcolor	getcolor73	5	1
1353	getcolor_getcolor74_difficulty7-1	getcolor	getcolor74	7	1
1354	getcolor_getcolor75_difficulty1-1	getcolor	getcolor75	1	1
1355	getcolor_getcolor76_difficulty5-1	getcolor	getcolor76	5	1
1356	getcolor_getcolor77_difficulty5-1	getcolor	getcolor77	5	1
1357	getcolor_getcolor78_difficulty1-1	getcolor	getcolor78	1	1
1358	getcolor_getcolor79_difficulty5-1	getcolor	getcolor79	5	1
1359	getcolor_getcolor7_difficulty1-1	getcolor	getcolor7	1	1
1360	getcolor_getcolor80_difficulty5-1	getcolor	getcolor80	5	1
1361	getcolor_getcolor81_difficulty2-1	getcolor	getcolor81	2	1
1362	getcolor_getcolor82_difficulty5-1	getcolor	getcolor82	5	1
1363	getcolor_getcolor83_difficulty3-1	getcolor	getcolor83	3	1
1364	getcolor_getcolor84_difficulty1-1	getcolor	getcolor84	1	1
1365	getcolor_getcolor85_difficulty4-1	getcolor	getcolor85	4	1
1366	getcolor_getcolor86_difficulty5-1	getcolor	getcolor86	5	1
1367	getcolor_getcolor87_difficulty2-1	getcolor	getcolor87	2	1
1368	getcolor_getcolor88_difficulty5-1	getcolor	getcolor88	5	1
1369	getcolor_getcolor89_difficulty4-1	getcolor	getcolor89	4	1
1370	getcolor_getcolor8_difficulty1-1	getcolor	getcolor8	1	1
1371	getcolor_getcolor90_difficulty1-1	getcolor	getcolor90	1	1
1372	getcolor_getcolor91_difficulty3-1	getcolor	getcolor91	3	1
1373	getcolor_getcolor92_difficulty5-1	getcolor	getcolor92	5	1
1374	getcolor_getcolor93_difficulty1-1	getcolor	getcolor93	1	1
1375	getcolor_getcolor94_difficulty5-1	getcolor	getcolor94	5	1
1376	getcolor_getcolor95_difficulty5-1	getcolor	getcolor95	5	1
1377	getcolor_getcolor96_difficulty1-1	getcolor	getcolor96	1	1
1378	getcolor_getcolor97_difficulty4-1	getcolor	getcolor97	4	1
1379	getcolor_getcolor98_difficulty4-1	getcolor	getcolor98	4	1
1380	getcolor_getcolor99_difficulty4-1	getcolor	getcolor99	4	1
1381	getcolor_getcolor9_difficulty1-1	getcolor	getcolor9	1	1
1382	iapmagicsort_iapmagicsort102_difficulty1-1	iapmagicsort	iapmagicsort102	1	1
1383	iapmagicsort_iapmagicsort102_difficulty1-2	iapmagicsort	iapmagicsort102	1	2
1384	iapmagicsort_iapmagicsort102_difficulty1-3	iapmagicsort	iapmagicsort102	1	3
1385	iapmagicsort_iapmagicsort102_difficulty1-4	iapmagicsort	iapmagicsort102	1	4
1386	iapmagicsort_iapmagicsort102_difficulty2-5	iapmagicsort	iapmagicsort102	2	5
1387	iapmagicsort_iapmagicsort104_difficulty4-1	iapmagicsort	iapmagicsort104	4	1
1388	iapmagicsort_iapmagicsort104_difficulty4-2	iapmagicsort	iapmagicsort104	4	2
1389	iapmagicsort_iapmagicsort104_difficulty4-3	iapmagicsort	iapmagicsort104	4	3
1390	iapmagicsort_iapmagicsort104_difficulty4-4	iapmagicsort	iapmagicsort104	4	4
1391	iapmagicsort_iapmagicsort104_difficulty4-5	iapmagicsort	iapmagicsort104	4	5
1392	iapmagicsort_iapmagicsort109_difficulty4-6	iapmagicsort	iapmagicsort109	4	6
1393	iapmagicsort_iapmagicsort109_difficulty5-10	iapmagicsort	iapmagicsort109	5	10
1394	iapmagicsort_iapmagicsort109_difficulty5-7	iapmagicsort	iapmagicsort109	5	7
1395	iapmagicsort_iapmagicsort109_difficulty5-8	iapmagicsort	iapmagicsort109	5	8
1396	iapmagicsort_iapmagicsort109_difficulty5-9	iapmagicsort	iapmagicsort109	5	9
1397	iapmagicsort_iapmagicsort110_difficulty1-1	iapmagicsort	iapmagicsort110	1	1
1398	iapmagicsort_iapmagicsort110_difficulty1-2	iapmagicsort	iapmagicsort110	1	2
1399	iapmagicsort_iapmagicsort110_difficulty1-3	iapmagicsort	iapmagicsort110	1	3
1400	iapmagicsort_iapmagicsort110_difficulty1-4	iapmagicsort	iapmagicsort110	1	4
1401	iapmagicsort_iapmagicsort110_difficulty1-5	iapmagicsort	iapmagicsort110	1	5
1402	iapmagicsort_iapmagicsort119_difficulty4-1	iapmagicsort	iapmagicsort119	4	1
1403	iapmagicsort_iapmagicsort119_difficulty4-2	iapmagicsort	iapmagicsort119	4	2
1404	iapmagicsort_iapmagicsort119_difficulty4-3	iapmagicsort	iapmagicsort119	4	3
1405	iapmagicsort_iapmagicsort119_difficulty4-4	iapmagicsort	iapmagicsort119	4	4
1406	iapmagicsort_iapmagicsort119_difficulty4-5	iapmagicsort	iapmagicsort119	4	5
1407	iapmagicsort_iapmagicsort11_difficulty1-10	iapmagicsort	iapmagicsort11	1	10
1408	iapmagicsort_iapmagicsort11_difficulty1-11	iapmagicsort	iapmagicsort11	1	11
1409	iapmagicsort_iapmagicsort11_difficulty1-12	iapmagicsort	iapmagicsort11	1	12
1410	iapmagicsort_iapmagicsort11_difficulty1-13	iapmagicsort	iapmagicsort11	1	13
1411	iapmagicsort_iapmagicsort11_difficulty1-8	iapmagicsort	iapmagicsort11	1	8
1412	iapmagicsort_iapmagicsort134_difficulty4-2	iapmagicsort	iapmagicsort134	4	2
1413	iapmagicsort_iapmagicsort134_difficulty4-3	iapmagicsort	iapmagicsort134	4	3
1414	iapmagicsort_iapmagicsort134_difficulty4-4	iapmagicsort	iapmagicsort134	4	4
1415	iapmagicsort_iapmagicsort134_difficulty5-1	iapmagicsort	iapmagicsort134	5	1
1416	iapmagicsort_iapmagicsort134_difficulty5-5	iapmagicsort	iapmagicsort134	5	5
1417	iapmagicsort_iapmagicsort139_difficulty5-1	iapmagicsort	iapmagicsort139	5	1
1418	iapmagicsort_iapmagicsort139_difficulty5-2	iapmagicsort	iapmagicsort139	5	2
1419	iapmagicsort_iapmagicsort139_difficulty5-3	iapmagicsort	iapmagicsort139	5	3
1420	iapmagicsort_iapmagicsort139_difficulty5-4	iapmagicsort	iapmagicsort139	5	4
1421	iapmagicsort_iapmagicsort139_difficulty5-5	iapmagicsort	iapmagicsort139	5	5
1422	iapmagicsort_iapmagicsort13_difficulty1-10	iapmagicsort	iapmagicsort13	1	10
1423	iapmagicsort_iapmagicsort13_difficulty1-11	iapmagicsort	iapmagicsort13	1	11
1424	iapmagicsort_iapmagicsort13_difficulty1-12	iapmagicsort	iapmagicsort13	1	12
1425	iapmagicsort_iapmagicsort13_difficulty1-8	iapmagicsort	iapmagicsort13	1	8
1426	iapmagicsort_iapmagicsort13_difficulty1-9	iapmagicsort	iapmagicsort13	1	9
1427	iapmagicsort_iapmagicsort18_difficulty1-10	iapmagicsort	iapmagicsort18	1	10
1428	iapmagicsort_iapmagicsort18_difficulty1-7	iapmagicsort	iapmagicsort18	1	7
1429	iapmagicsort_iapmagicsort18_difficulty1-8	iapmagicsort	iapmagicsort18	1	8
1430	iapmagicsort_iapmagicsort18_difficulty1-9	iapmagicsort	iapmagicsort18	1	9
1431	iapmagicsort_iapmagicsort18_difficulty2-6	iapmagicsort	iapmagicsort18	2	6
1432	iapmagicsort_iapmagicsort26_difficulty1-2	iapmagicsort	iapmagicsort26	1	2
1433	iapmagicsort_iapmagicsort26_difficulty1-3	iapmagicsort	iapmagicsort26	1	3
1434	iapmagicsort_iapmagicsort26_difficulty1-4	iapmagicsort	iapmagicsort26	1	4
1435	iapmagicsort_iapmagicsort26_difficulty2-1	iapmagicsort	iapmagicsort26	2	1
1436	iapmagicsort_iapmagicsort26_difficulty2-5	iapmagicsort	iapmagicsort26	2	5
1437	iapmagicsort_iapmagicsort27_difficulty1-10	iapmagicsort	iapmagicsort27	1	10
1438	iapmagicsort_iapmagicsort27_difficulty1-6	iapmagicsort	iapmagicsort27	1	6
1439	iapmagicsort_iapmagicsort27_difficulty1-7	iapmagicsort	iapmagicsort27	1	7
1440	iapmagicsort_iapmagicsort27_difficulty1-8	iapmagicsort	iapmagicsort27	1	8
1441	iapmagicsort_iapmagicsort27_difficulty1-9	iapmagicsort	iapmagicsort27	1	9
1442	iapmagicsort_iapmagicsort30_difficulty1-1	iapmagicsort	iapmagicsort30	1	1
1443	iapmagicsort_iapmagicsort30_difficulty1-2	iapmagicsort	iapmagicsort30	1	2
1444	iapmagicsort_iapmagicsort30_difficulty1-3	iapmagicsort	iapmagicsort30	1	3
1445	iapmagicsort_iapmagicsort30_difficulty1-4	iapmagicsort	iapmagicsort30	1	4
1446	iapmagicsort_iapmagicsort30_difficulty1-5	iapmagicsort	iapmagicsort30	1	5
1447	iapmagicsort_iapmagicsort32_difficulty1-10	iapmagicsort	iapmagicsort32	1	10
1448	iapmagicsort_iapmagicsort32_difficulty1-6	iapmagicsort	iapmagicsort32	1	6
1449	iapmagicsort_iapmagicsort32_difficulty1-7	iapmagicsort	iapmagicsort32	1	7
1450	iapmagicsort_iapmagicsort32_difficulty1-8	iapmagicsort	iapmagicsort32	1	8
1451	iapmagicsort_iapmagicsort32_difficulty1-9	iapmagicsort	iapmagicsort32	1	9
1452	iapmagicsort_iapmagicsort34_difficulty3-4	iapmagicsort	iapmagicsort34	3	4
1453	iapmagicsort_iapmagicsort34_difficulty3-5	iapmagicsort	iapmagicsort34	3	5
1454	iapmagicsort_iapmagicsort34_difficulty4-1	iapmagicsort	iapmagicsort34	4	1
1455	iapmagicsort_iapmagicsort34_difficulty4-2	iapmagicsort	iapmagicsort34	4	2
1456	iapmagicsort_iapmagicsort34_difficulty4-3	iapmagicsort	iapmagicsort34	4	3
1457	iapmagicsort_iapmagicsort36_difficulty1-1	iapmagicsort	iapmagicsort36	1	1
1458	iapmagicsort_iapmagicsort36_difficulty1-2	iapmagicsort	iapmagicsort36	1	2
1459	iapmagicsort_iapmagicsort36_difficulty1-3	iapmagicsort	iapmagicsort36	1	3
1460	iapmagicsort_iapmagicsort36_difficulty1-4	iapmagicsort	iapmagicsort36	1	4
1461	iapmagicsort_iapmagicsort36_difficulty1-5	iapmagicsort	iapmagicsort36	1	5
1462	iapmagicsort_iapmagicsort37_difficulty2-1	iapmagicsort	iapmagicsort37	2	1
1463	iapmagicsort_iapmagicsort37_difficulty2-2	iapmagicsort	iapmagicsort37	2	2
1464	iapmagicsort_iapmagicsort37_difficulty2-3	iapmagicsort	iapmagicsort37	2	3
1465	iapmagicsort_iapmagicsort37_difficulty2-4	iapmagicsort	iapmagicsort37	2	4
1466	iapmagicsort_iapmagicsort37_difficulty2-5	iapmagicsort	iapmagicsort37	2	5
1467	iapmagicsort_iapmagicsort39_difficulty4-10	iapmagicsort	iapmagicsort39	4	10
1468	iapmagicsort_iapmagicsort39_difficulty4-7	iapmagicsort	iapmagicsort39	4	7
1469	iapmagicsort_iapmagicsort39_difficulty4-8	iapmagicsort	iapmagicsort39	4	8
1470	iapmagicsort_iapmagicsort39_difficulty5-6	iapmagicsort	iapmagicsort39	5	6
1471	iapmagicsort_iapmagicsort39_difficulty5-9	iapmagicsort	iapmagicsort39	5	9
1472	iapmagicsort_iapmagicsort41_difficulty1-10	iapmagicsort	iapmagicsort41	1	10
1473	iapmagicsort_iapmagicsort41_difficulty1-6	iapmagicsort	iapmagicsort41	1	6
1474	iapmagicsort_iapmagicsort41_difficulty1-7	iapmagicsort	iapmagicsort41	1	7
1475	iapmagicsort_iapmagicsort41_difficulty1-8	iapmagicsort	iapmagicsort41	1	8
1476	iapmagicsort_iapmagicsort41_difficulty1-9	iapmagicsort	iapmagicsort41	1	9
1477	iapmagicsort_iapmagicsort45_difficulty1-10	iapmagicsort	iapmagicsort45	1	10
1478	iapmagicsort_iapmagicsort45_difficulty1-6	iapmagicsort	iapmagicsort45	1	6
1479	iapmagicsort_iapmagicsort45_difficulty1-7	iapmagicsort	iapmagicsort45	1	7
1480	iapmagicsort_iapmagicsort45_difficulty1-8	iapmagicsort	iapmagicsort45	1	8
1481	iapmagicsort_iapmagicsort45_difficulty1-9	iapmagicsort	iapmagicsort45	1	9
1482	iapmagicsort_iapmagicsort51_difficulty1-10	iapmagicsort	iapmagicsort51	1	10
1483	iapmagicsort_iapmagicsort51_difficulty1-6	iapmagicsort	iapmagicsort51	1	6
1484	iapmagicsort_iapmagicsort51_difficulty1-7	iapmagicsort	iapmagicsort51	1	7
1485	iapmagicsort_iapmagicsort51_difficulty1-8	iapmagicsort	iapmagicsort51	1	8
1486	iapmagicsort_iapmagicsort51_difficulty1-9	iapmagicsort	iapmagicsort51	1	9
1487	iapmagicsort_iapmagicsort69_difficulty3-2	iapmagicsort	iapmagicsort69	3	2
1488	iapmagicsort_iapmagicsort69_difficulty3-3	iapmagicsort	iapmagicsort69	3	3
1489	iapmagicsort_iapmagicsort69_difficulty3-5	iapmagicsort	iapmagicsort69	3	5
1490	iapmagicsort_iapmagicsort69_difficulty4-1	iapmagicsort	iapmagicsort69	4	1
1491	iapmagicsort_iapmagicsort69_difficulty4-4	iapmagicsort	iapmagicsort69	4	4
1492	iapmagicsort_iapmagicsort71_difficulty1-1	iapmagicsort	iapmagicsort71	1	1
1493	iapmagicsort_iapmagicsort71_difficulty1-2	iapmagicsort	iapmagicsort71	1	2
1494	iapmagicsort_iapmagicsort71_difficulty1-3	iapmagicsort	iapmagicsort71	1	3
1495	iapmagicsort_iapmagicsort71_difficulty1-4	iapmagicsort	iapmagicsort71	1	4
1496	iapmagicsort_iapmagicsort71_difficulty1-5	iapmagicsort	iapmagicsort71	1	5
1497	iapmagicsort_iapmagicsort73_difficulty1-1	iapmagicsort	iapmagicsort73	1	1
1498	iapmagicsort_iapmagicsort73_difficulty1-2	iapmagicsort	iapmagicsort73	1	2
1499	iapmagicsort_iapmagicsort73_difficulty1-3	iapmagicsort	iapmagicsort73	1	3
1500	iapmagicsort_iapmagicsort73_difficulty1-4	iapmagicsort	iapmagicsort73	1	4
1501	iapmagicsort_iapmagicsort73_difficulty1-5	iapmagicsort	iapmagicsort73	1	5
1502	iapmagicsort_iapmagicsort74_difficulty5-10	iapmagicsort	iapmagicsort74	5	10
1503	iapmagicsort_iapmagicsort74_difficulty5-11	iapmagicsort	iapmagicsort74	5	11
1504	iapmagicsort_iapmagicsort74_difficulty5-12	iapmagicsort	iapmagicsort74	5	12
1505	iapmagicsort_iapmagicsort74_difficulty5-8	iapmagicsort	iapmagicsort74	5	8
1506	iapmagicsort_iapmagicsort74_difficulty5-9	iapmagicsort	iapmagicsort74	5	9
1507	iapmagicsort_iapmagicsort82_difficulty1-10	iapmagicsort	iapmagicsort82	1	10
1508	iapmagicsort_iapmagicsort82_difficulty1-6	iapmagicsort	iapmagicsort82	1	6
1509	iapmagicsort_iapmagicsort82_difficulty1-7	iapmagicsort	iapmagicsort82	1	7
1510	iapmagicsort_iapmagicsort82_difficulty1-8	iapmagicsort	iapmagicsort82	1	8
1511	iapmagicsort_iapmagicsort82_difficulty1-9	iapmagicsort	iapmagicsort82	1	9
1512	iapmagicsort_iapmagicsort83_difficulty2-1	iapmagicsort	iapmagicsort83	2	1
1513	iapmagicsort_iapmagicsort83_difficulty2-2	iapmagicsort	iapmagicsort83	2	2
1514	iapmagicsort_iapmagicsort83_difficulty2-3	iapmagicsort	iapmagicsort83	2	3
1515	iapmagicsort_iapmagicsort83_difficulty2-4	iapmagicsort	iapmagicsort83	2	4
1516	iapmagicsort_iapmagicsort83_difficulty2-5	iapmagicsort	iapmagicsort83	2	5
1517	iapmagicsort_iapmagicsort89_difficulty4-10	iapmagicsort	iapmagicsort89	4	10
1518	iapmagicsort_iapmagicsort89_difficulty4-6	iapmagicsort	iapmagicsort89	4	6
1519	iapmagicsort_iapmagicsort89_difficulty4-8	iapmagicsort	iapmagicsort89	4	8
1520	iapmagicsort_iapmagicsort89_difficulty5-7	iapmagicsort	iapmagicsort89	5	7
1521	iapmagicsort_iapmagicsort89_difficulty5-9	iapmagicsort	iapmagicsort89	5	9
1522	iapmagicsort_iapmagicsort91_difficulty1-10	iapmagicsort	iapmagicsort91	1	10
1523	iapmagicsort_iapmagicsort91_difficulty1-6	iapmagicsort	iapmagicsort91	1	6
1524	iapmagicsort_iapmagicsort91_difficulty1-7	iapmagicsort	iapmagicsort91	1	7
1525	iapmagicsort_iapmagicsort91_difficulty1-8	iapmagicsort	iapmagicsort91	1	8
1526	iapmagicsort_iapmagicsort91_difficulty1-9	iapmagicsort	iapmagicsort91	1	9
1527	iapmagicsort_iapmagicsort92_difficulty2-4	iapmagicsort	iapmagicsort92	2	4
1528	iapmagicsort_iapmagicsort92_difficulty2-5	iapmagicsort	iapmagicsort92	2	5
1529	iapmagicsort_iapmagicsort92_difficulty2-6	iapmagicsort	iapmagicsort92	2	6
1530	iapmagicsort_iapmagicsort92_difficulty3-3	iapmagicsort	iapmagicsort92	3	3
1531	iapmagicsort_iapmagicsort92_difficulty3-7	iapmagicsort	iapmagicsort92	3	7
1532	magicsort_magicsort1_difficulty1-1	magicsort	magicsort1	1	1
1533	magicsort_magicsort2_difficulty1-1	magicsort	magicsort2	1	1
1534	magicsort_magicsort3_difficulty1-1	magicsort	magicsort3	1	1
1535	magicsort_magicsort4_difficulty1-1	magicsort	magicsort4	1	1
1536	paywallms_paywallms109_difficulty5-10	paywallms	paywallms109	5	10
1537	paywallms_paywallms109_difficulty5-11	paywallms	paywallms109	5	11
1538	paywallms_paywallms109_difficulty5-7	paywallms	paywallms109	5	7
1539	paywallms_paywallms109_difficulty5-8	paywallms	paywallms109	5	8
1540	paywallms_paywallms109_difficulty5-9	paywallms	paywallms109	5	9
1541	paywallms_paywallms10_difficulty1-11	paywallms	paywallms10	1	11
1542	paywallms_paywallms10_difficulty1-12	paywallms	paywallms10	1	12
1543	paywallms_paywallms10_difficulty1-13	paywallms	paywallms10	1	13
1544	paywallms_paywallms10_difficulty1-14	paywallms	paywallms10	1	14
1545	paywallms_paywallms10_difficulty1-15	paywallms	paywallms10	1	15
1546	paywallms_paywallms129_difficulty5-11	paywallms	paywallms129	5	11
1547	paywallms_paywallms129_difficulty5-12	paywallms	paywallms129	5	12
1548	paywallms_paywallms129_difficulty5-13	paywallms	paywallms129	5	13
1549	paywallms_paywallms129_difficulty5-14	paywallms	paywallms129	5	14
1550	paywallms_paywallms129_difficulty5-15	paywallms	paywallms129	5	15
1551	paywallms_paywallms147_difficulty1-4	paywallms	paywallms147	1	4
1552	paywallms_paywallms147_difficulty2-1	paywallms	paywallms147	2	1
1553	paywallms_paywallms147_difficulty2-2	paywallms	paywallms147	2	2
1554	paywallms_paywallms147_difficulty2-3	paywallms	paywallms147	2	3
1555	paywallms_paywallms147_difficulty2-5	paywallms	paywallms147	2	5
1556	paywallms_paywallms151_difficulty2-1	paywallms	paywallms151	2	1
1557	paywallms_paywallms151_difficulty2-2	paywallms	paywallms151	2	2
1558	paywallms_paywallms151_difficulty2-3	paywallms	paywallms151	2	3
1559	paywallms_paywallms151_difficulty2-4	paywallms	paywallms151	2	4
1560	paywallms_paywallms151_difficulty2-5	paywallms	paywallms151	2	5
1561	paywallms_paywallms158_difficulty1-14	paywallms	paywallms158	1	14
1562	paywallms_paywallms158_difficulty1-16	paywallms	paywallms158	1	16
1563	paywallms_paywallms158_difficulty2-13	paywallms	paywallms158	2	13
1564	paywallms_paywallms158_difficulty2-15	paywallms	paywallms158	2	15
1565	paywallms_paywallms158_difficulty2-17	paywallms	paywallms158	2	17
1566	paywallms_paywallms159_difficulty5-26	paywallms	paywallms159	5	26
1567	paywallms_paywallms159_difficulty5-27	paywallms	paywallms159	5	27
1568	paywallms_paywallms159_difficulty5-29	paywallms	paywallms159	5	29
1569	paywallms_paywallms159_difficulty5-30	paywallms	paywallms159	5	30
1570	paywallms_paywallms159_difficulty6-21	paywallms	paywallms159	6	21
1571	paywallms_paywallms177_difficulty1-7	paywallms	paywallms177	1	7
1572	paywallms_paywallms177_difficulty2-10	paywallms	paywallms177	2	10
1573	paywallms_paywallms177_difficulty2-6	paywallms	paywallms177	2	6
1574	paywallms_paywallms177_difficulty2-8	paywallms	paywallms177	2	8
1575	paywallms_paywallms177_difficulty2-9	paywallms	paywallms177	2	9
1576	paywallms_paywallms179_difficulty5-1	paywallms	paywallms179	5	1
1577	paywallms_paywallms179_difficulty5-2	paywallms	paywallms179	5	2
1578	paywallms_paywallms179_difficulty5-3	paywallms	paywallms179	5	3
1579	paywallms_paywallms179_difficulty5-4	paywallms	paywallms179	5	4
1580	paywallms_paywallms179_difficulty5-5	paywallms	paywallms179	5	5
1581	paywallms_paywallms187_difficulty1-10	paywallms	paywallms187	1	10
1582	paywallms_paywallms187_difficulty1-6	paywallms	paywallms187	1	6
1583	paywallms_paywallms187_difficulty1-7	paywallms	paywallms187	1	7
1584	paywallms_paywallms187_difficulty1-8	paywallms	paywallms187	1	8
1585	paywallms_paywallms187_difficulty1-9	paywallms	paywallms187	1	9
1586	paywallms_paywallms192_difficulty1-10	paywallms	paywallms192	1	10
1587	paywallms_paywallms192_difficulty1-6	paywallms	paywallms192	1	6
1588	paywallms_paywallms192_difficulty1-7	paywallms	paywallms192	1	7
1589	paywallms_paywallms192_difficulty1-8	paywallms	paywallms192	1	8
1590	paywallms_paywallms192_difficulty2-9	paywallms	paywallms192	2	9
1591	paywallms_paywallms193_difficulty2-1	paywallms	paywallms193	2	1
1592	paywallms_paywallms193_difficulty2-2	paywallms	paywallms193	2	2
1593	paywallms_paywallms193_difficulty2-3	paywallms	paywallms193	2	3
1594	paywallms_paywallms193_difficulty2-4	paywallms	paywallms193	2	4
1595	paywallms_paywallms193_difficulty2-5	paywallms	paywallms193	2	5
1596	paywallms_paywallms196_difficulty1-7	paywallms	paywallms196	1	7
1597	paywallms_paywallms196_difficulty2-10	paywallms	paywallms196	2	10
1598	paywallms_paywallms196_difficulty2-6	paywallms	paywallms196	2	6
1599	paywallms_paywallms196_difficulty2-8	paywallms	paywallms196	2	8
1600	paywallms_paywallms196_difficulty2-9	paywallms	paywallms196	2	9
1601	paywallms_paywallms197_difficulty2-1	paywallms	paywallms197	2	1
1602	paywallms_paywallms197_difficulty2-2	paywallms	paywallms197	2	2
1603	paywallms_paywallms197_difficulty2-3	paywallms	paywallms197	2	3
1604	paywallms_paywallms197_difficulty2-4	paywallms	paywallms197	2	4
1605	paywallms_paywallms197_difficulty2-5	paywallms	paywallms197	2	5
1606	paywallms_paywallms199_difficulty5-11	paywallms	paywallms199	5	11
1607	paywallms_paywallms199_difficulty5-12	paywallms	paywallms199	5	12
1608	paywallms_paywallms199_difficulty5-13	paywallms	paywallms199	5	13
1609	paywallms_paywallms199_difficulty5-14	paywallms	paywallms199	5	14
1610	paywallms_paywallms199_difficulty5-15	paywallms	paywallms199	5	15
1611	paywallms_paywallms19_difficulty2-11	paywallms	paywallms19	2	11
1612	paywallms_paywallms19_difficulty2-12	paywallms	paywallms19	2	12
1613	paywallms_paywallms19_difficulty2-13	paywallms	paywallms19	2	13
1614	paywallms_paywallms19_difficulty2-14	paywallms	paywallms19	2	14
1615	paywallms_paywallms19_difficulty2-15	paywallms	paywallms19	2	15
1616	paywallms_paywallms202_difficulty1-1	paywallms	paywallms202	1	1
1617	paywallms_paywallms202_difficulty2-2	paywallms	paywallms202	2	2
1618	paywallms_paywallms202_difficulty2-3	paywallms	paywallms202	2	3
1619	paywallms_paywallms202_difficulty2-4	paywallms	paywallms202	2	4
1620	paywallms_paywallms202_difficulty2-5	paywallms	paywallms202	2	5
1621	paywallms_paywallms206_difficulty2-1	paywallms	paywallms206	2	1
1622	paywallms_paywallms206_difficulty2-2	paywallms	paywallms206	2	2
1623	paywallms_paywallms206_difficulty2-3	paywallms	paywallms206	2	3
1624	paywallms_paywallms206_difficulty2-4	paywallms	paywallms206	2	4
1625	paywallms_paywallms206_difficulty2-5	paywallms	paywallms206	2	5
1626	paywallms_paywallms216_difficulty1-5	paywallms	paywallms216	1	5
1627	paywallms_paywallms216_difficulty2-1	paywallms	paywallms216	2	1
1628	paywallms_paywallms216_difficulty2-2	paywallms	paywallms216	2	2
1629	paywallms_paywallms216_difficulty2-3	paywallms	paywallms216	2	3
1630	paywallms_paywallms216_difficulty2-4	paywallms	paywallms216	2	4
1631	paywallms_paywallms219_difficulty5-6	paywallms	paywallms219	5	6
1632	paywallms_paywallms219_difficulty5-7	paywallms	paywallms219	5	7
1633	paywallms_paywallms219_difficulty5-8	paywallms	paywallms219	5	8
1634	paywallms_paywallms219_difficulty5-9	paywallms	paywallms219	5	9
1635	paywallms_paywallms219_difficulty6-10	paywallms	paywallms219	6	10
1636	paywallms_paywallms23_difficulty1-1	paywallms	paywallms23	1	1
1637	paywallms_paywallms23_difficulty1-2	paywallms	paywallms23	1	2
1638	paywallms_paywallms23_difficulty1-3	paywallms	paywallms23	1	3
1639	paywallms_paywallms23_difficulty1-4	paywallms	paywallms23	1	4
1640	paywallms_paywallms23_difficulty1-5	paywallms	paywallms23	1	5
1641	paywallms_paywallms34_difficulty2-19	paywallms	paywallms34	2	19
1642	paywallms_paywallms34_difficulty3-16	paywallms	paywallms34	3	16
1643	paywallms_paywallms34_difficulty3-17	paywallms	paywallms34	3	17
1644	paywallms_paywallms34_difficulty3-18	paywallms	paywallms34	3	18
1645	paywallms_paywallms34_difficulty3-20	paywallms	paywallms34	3	20
1646	paywallms_paywallms54_difficulty3-16	paywallms	paywallms54	3	16
1647	paywallms_paywallms54_difficulty3-17	paywallms	paywallms54	3	17
1648	paywallms_paywallms54_difficulty3-18	paywallms	paywallms54	3	18
1649	paywallms_paywallms54_difficulty3-19	paywallms	paywallms54	3	19
1650	paywallms_paywallms54_difficulty3-20	paywallms	paywallms54	3	20
1651	paywallms_paywallms59_difficulty5-26	paywallms	paywallms59	5	26
1652	paywallms_paywallms59_difficulty5-27	paywallms	paywallms59	5	27
1653	paywallms_paywallms59_difficulty5-28	paywallms	paywallms59	5	28
1654	paywallms_paywallms59_difficulty5-29	paywallms	paywallms59	5	29
1655	paywallms_paywallms59_difficulty5-30	paywallms	paywallms59	5	30
1656	paywallms_paywallms79_difficulty5-31	paywallms	paywallms79	5	31
1657	paywallms_paywallms79_difficulty5-32	paywallms	paywallms79	5	32
1658	paywallms_paywallms79_difficulty5-33	paywallms	paywallms79	5	33
1659	paywallms_paywallms79_difficulty5-34	paywallms	paywallms79	5	34
1660	paywallms_paywallms79_difficulty5-35	paywallms	paywallms79	5	35
1661	paywallms_paywallms81_difficulty1-21	paywallms	paywallms81	1	21
1662	paywallms_paywallms81_difficulty1-23	paywallms	paywallms81	1	23
1663	paywallms_paywallms81_difficulty1-25	paywallms	paywallms81	1	25
1664	paywallms_paywallms81_difficulty2-22	paywallms	paywallms81	2	22
1665	paywallms_paywallms81_difficulty2-24	paywallms	paywallms81	2	24
1666	paywallms_paywallms87_difficulty1-10	paywallms	paywallms87	1	10
1667	paywallms_paywallms87_difficulty1-6	paywallms	paywallms87	1	6
1668	paywallms_paywallms87_difficulty1-7	paywallms	paywallms87	1	7
1669	paywallms_paywallms87_difficulty1-9	paywallms	paywallms87	1	9
1670	paywallms_paywallms87_difficulty2-8	paywallms	paywallms87	2	8
1671	paywallms_paywallms89_difficulty5-21	paywallms	paywallms89	5	21
1672	paywallms_paywallms89_difficulty5-22	paywallms	paywallms89	5	22
1673	paywallms_paywallms89_difficulty5-23	paywallms	paywallms89	5	23
1674	paywallms_paywallms89_difficulty5-24	paywallms	paywallms89	5	24
1675	paywallms_paywallms89_difficulty5-25	paywallms	paywallms89	5	25
1676	paywallms_paywallms99_difficulty5-25	paywallms	paywallms99	5	25
1677	paywallms_paywallms99_difficulty5-31	paywallms	paywallms99	5	31
1678	paywallms_paywallms99_difficulty5-32	paywallms	paywallms99	5	32
1679	paywallms_paywallms99_difficulty5-33	paywallms	paywallms99	5	33
1680	paywallms_paywallms99_difficulty5-34	paywallms	paywallms99	5	34
1681	v2blockerprod_v2blockerprod100_difficulty1-1	v2blockerprod	v2blockerprod100	1	1
1682	v2blockerprod_v2blockerprod100_difficulty1-2	v2blockerprod	v2blockerprod100	1	2
1683	v2blockerprod_v2blockerprod100_difficulty1-3	v2blockerprod	v2blockerprod100	1	3
1684	v2blockerprod_v2blockerprod100_difficulty1-4	v2blockerprod	v2blockerprod100	1	4
1685	v2blockerprod_v2blockerprod100_difficulty1-5	v2blockerprod	v2blockerprod100	1	5
1686	v2blockerprod_v2blockerprod101_difficulty3-1	v2blockerprod	v2blockerprod101	3	1
1687	v2blockerprod_v2blockerprod101_difficulty3-5	v2blockerprod	v2blockerprod101	3	5
1688	v2blockerprod_v2blockerprod101_difficulty4-2	v2blockerprod	v2blockerprod101	4	2
1689	v2blockerprod_v2blockerprod101_difficulty4-3	v2blockerprod	v2blockerprod101	4	3
1690	v2blockerprod_v2blockerprod101_difficulty4-4	v2blockerprod	v2blockerprod101	4	4
1691	v2blockerprod_v2blockerprod102_difficulty2-1	v2blockerprod	v2blockerprod102	2	1
1692	v2blockerprod_v2blockerprod102_difficulty2-3	v2blockerprod	v2blockerprod102	2	3
1693	v2blockerprod_v2blockerprod102_difficulty2-4	v2blockerprod	v2blockerprod102	2	4
1694	v2blockerprod_v2blockerprod102_difficulty3-2	v2blockerprod	v2blockerprod102	3	2
1695	v2blockerprod_v2blockerprod102_difficulty3-5	v2blockerprod	v2blockerprod102	3	5
1696	v2blockerprod_v2blockerprod103_difficulty2-1	v2blockerprod	v2blockerprod103	2	1
1697	v2blockerprod_v2blockerprod103_difficulty2-2	v2blockerprod	v2blockerprod103	2	2
1698	v2blockerprod_v2blockerprod103_difficulty2-4	v2blockerprod	v2blockerprod103	2	4
1699	v2blockerprod_v2blockerprod103_difficulty2-5	v2blockerprod	v2blockerprod103	2	5
1700	v2blockerprod_v2blockerprod103_difficulty3-3	v2blockerprod	v2blockerprod103	3	3
1701	v2blockerprod_v2blockerprod104_difficulty2-1	v2blockerprod	v2blockerprod104	2	1
1702	v2blockerprod_v2blockerprod104_difficulty2-3	v2blockerprod	v2blockerprod104	2	3
1703	v2blockerprod_v2blockerprod104_difficulty3-2	v2blockerprod	v2blockerprod104	3	2
1704	v2blockerprod_v2blockerprod104_difficulty3-4	v2blockerprod	v2blockerprod104	3	4
1705	v2blockerprod_v2blockerprod104_difficulty3-5	v2blockerprod	v2blockerprod104	3	5
1706	v2blockerprod_v2blockerprod105_difficulty1-2	v2blockerprod	v2blockerprod105	1	2
1707	v2blockerprod_v2blockerprod105_difficulty2-1	v2blockerprod	v2blockerprod105	2	1
1708	v2blockerprod_v2blockerprod105_difficulty2-3	v2blockerprod	v2blockerprod105	2	3
1709	v2blockerprod_v2blockerprod105_difficulty2-4	v2blockerprod	v2blockerprod105	2	4
1710	v2blockerprod_v2blockerprod105_difficulty2-5	v2blockerprod	v2blockerprod105	2	5
1711	v2blockerprod_v2blockerprod106_difficulty2-1	v2blockerprod	v2blockerprod106	2	1
1712	v2blockerprod_v2blockerprod106_difficulty2-2	v2blockerprod	v2blockerprod106	2	2
1713	v2blockerprod_v2blockerprod106_difficulty2-3	v2blockerprod	v2blockerprod106	2	3
1714	v2blockerprod_v2blockerprod106_difficulty2-4	v2blockerprod	v2blockerprod106	2	4
1715	v2blockerprod_v2blockerprod106_difficulty3-5	v2blockerprod	v2blockerprod106	3	5
1716	v2blockerprod_v2blockerprod107_difficulty3-2	v2blockerprod	v2blockerprod107	3	2
1717	v2blockerprod_v2blockerprod107_difficulty3-4	v2blockerprod	v2blockerprod107	3	4
1718	v2blockerprod_v2blockerprod107_difficulty3-5	v2blockerprod	v2blockerprod107	3	5
1719	v2blockerprod_v2blockerprod107_difficulty4-1	v2blockerprod	v2blockerprod107	4	1
1720	v2blockerprod_v2blockerprod107_difficulty4-3	v2blockerprod	v2blockerprod107	4	3
1721	v2blockerprod_v2blockerprod108_difficulty2-1	v2blockerprod	v2blockerprod108	2	1
1722	v2blockerprod_v2blockerprod108_difficulty2-2	v2blockerprod	v2blockerprod108	2	2
1723	v2blockerprod_v2blockerprod108_difficulty2-3	v2blockerprod	v2blockerprod108	2	3
1724	v2blockerprod_v2blockerprod108_difficulty2-4	v2blockerprod	v2blockerprod108	2	4
1725	v2blockerprod_v2blockerprod108_difficulty2-5	v2blockerprod	v2blockerprod108	2	5
1726	v2blockerprod_v2blockerprod109_difficulty4-2	v2blockerprod	v2blockerprod109	4	2
1727	v2blockerprod_v2blockerprod109_difficulty4-3	v2blockerprod	v2blockerprod109	4	3
1728	v2blockerprod_v2blockerprod109_difficulty4-4	v2blockerprod	v2blockerprod109	4	4
1729	v2blockerprod_v2blockerprod109_difficulty4-5	v2blockerprod	v2blockerprod109	4	5
1730	v2blockerprod_v2blockerprod109_difficulty4-6	v2blockerprod	v2blockerprod109	4	6
1731	v2blockerprod_v2blockerprod110_difficulty1-2	v2blockerprod	v2blockerprod110	1	2
1732	v2blockerprod_v2blockerprod110_difficulty1-4	v2blockerprod	v2blockerprod110	1	4
1733	v2blockerprod_v2blockerprod110_difficulty2-1	v2blockerprod	v2blockerprod110	2	1
1734	v2blockerprod_v2blockerprod110_difficulty2-3	v2blockerprod	v2blockerprod110	2	3
1735	v2blockerprod_v2blockerprod110_difficulty2-5	v2blockerprod	v2blockerprod110	2	5
1736	v2blockerprod_v2blockerprod111_difficulty2-2	v2blockerprod	v2blockerprod111	2	2
1737	v2blockerprod_v2blockerprod111_difficulty2-4	v2blockerprod	v2blockerprod111	2	4
1738	v2blockerprod_v2blockerprod111_difficulty3-1	v2blockerprod	v2blockerprod111	3	1
1739	v2blockerprod_v2blockerprod111_difficulty3-3	v2blockerprod	v2blockerprod111	3	3
1740	v2blockerprod_v2blockerprod111_difficulty3-5	v2blockerprod	v2blockerprod111	3	5
1741	v2blockerprod_v2blockerprod112_difficulty3-2	v2blockerprod	v2blockerprod112	3	2
1742	v2blockerprod_v2blockerprod112_difficulty3-5	v2blockerprod	v2blockerprod112	3	5
1743	v2blockerprod_v2blockerprod112_difficulty4-1	v2blockerprod	v2blockerprod112	4	1
1744	v2blockerprod_v2blockerprod112_difficulty4-3	v2blockerprod	v2blockerprod112	4	3
1745	v2blockerprod_v2blockerprod112_difficulty4-4	v2blockerprod	v2blockerprod112	4	4
1746	v2blockerprod_v2blockerprod113_difficulty1-5	v2blockerprod	v2blockerprod113	1	5
1747	v2blockerprod_v2blockerprod113_difficulty2-3	v2blockerprod	v2blockerprod113	2	3
1748	v2blockerprod_v2blockerprod113_difficulty2-4	v2blockerprod	v2blockerprod113	2	4
1749	v2blockerprod_v2blockerprod113_difficulty3-1	v2blockerprod	v2blockerprod113	3	1
1750	v2blockerprod_v2blockerprod113_difficulty3-2	v2blockerprod	v2blockerprod113	3	2
1751	v2blockerprod_v2blockerprod114_difficulty3-1	v2blockerprod	v2blockerprod114	3	1
1752	v2blockerprod_v2blockerprod114_difficulty3-3	v2blockerprod	v2blockerprod114	3	3
1753	v2blockerprod_v2blockerprod114_difficulty3-4	v2blockerprod	v2blockerprod114	3	4
1754	v2blockerprod_v2blockerprod114_difficulty4-2	v2blockerprod	v2blockerprod114	4	2
1755	v2blockerprod_v2blockerprod114_difficulty4-5	v2blockerprod	v2blockerprod114	4	5
1756	v2blockerprod_v2blockerprod115_difficulty2-1	v2blockerprod	v2blockerprod115	2	1
1757	v2blockerprod_v2blockerprod115_difficulty2-2	v2blockerprod	v2blockerprod115	2	2
1758	v2blockerprod_v2blockerprod115_difficulty2-3	v2blockerprod	v2blockerprod115	2	3
1759	v2blockerprod_v2blockerprod115_difficulty2-4	v2blockerprod	v2blockerprod115	2	4
1760	v2blockerprod_v2blockerprod115_difficulty2-5	v2blockerprod	v2blockerprod115	2	5
1761	v2blockerprod_v2blockerprod116_difficulty2-5	v2blockerprod	v2blockerprod116	2	5
1762	v2blockerprod_v2blockerprod116_difficulty3-1	v2blockerprod	v2blockerprod116	3	1
1763	v2blockerprod_v2blockerprod116_difficulty3-2	v2blockerprod	v2blockerprod116	3	2
1764	v2blockerprod_v2blockerprod116_difficulty3-3	v2blockerprod	v2blockerprod116	3	3
1765	v2blockerprod_v2blockerprod116_difficulty3-4	v2blockerprod	v2blockerprod116	3	4
1766	v2blockerprod_v2blockerprod117_difficulty3-1	v2blockerprod	v2blockerprod117	3	1
1767	v2blockerprod_v2blockerprod117_difficulty4-2	v2blockerprod	v2blockerprod117	4	2
1768	v2blockerprod_v2blockerprod117_difficulty4-3	v2blockerprod	v2blockerprod117	4	3
1769	v2blockerprod_v2blockerprod117_difficulty4-4	v2blockerprod	v2blockerprod117	4	4
1770	v2blockerprod_v2blockerprod117_difficulty4-5	v2blockerprod	v2blockerprod117	4	5
1771	v2blockerprod_v2blockerprod118_difficulty2-1	v2blockerprod	v2blockerprod118	2	1
1772	v2blockerprod_v2blockerprod118_difficulty3-2	v2blockerprod	v2blockerprod118	3	2
1773	v2blockerprod_v2blockerprod118_difficulty3-3	v2blockerprod	v2blockerprod118	3	3
1774	v2blockerprod_v2blockerprod118_difficulty3-4	v2blockerprod	v2blockerprod118	3	4
1775	v2blockerprod_v2blockerprod118_difficulty4-5	v2blockerprod	v2blockerprod118	4	5
1776	v2blockerprod_v2blockerprod119_difficulty5-1	v2blockerprod	v2blockerprod119	5	1
1777	v2blockerprod_v2blockerprod119_difficulty5-2	v2blockerprod	v2blockerprod119	5	2
1778	v2blockerprod_v2blockerprod119_difficulty5-3	v2blockerprod	v2blockerprod119	5	3
1779	v2blockerprod_v2blockerprod119_difficulty5-4	v2blockerprod	v2blockerprod119	5	4
1780	v2blockerprod_v2blockerprod119_difficulty5-5	v2blockerprod	v2blockerprod119	5	5
1781	v2blockerprod_v2blockerprod120_difficulty1-1	v2blockerprod	v2blockerprod120	1	1
1782	v2blockerprod_v2blockerprod120_difficulty1-2	v2blockerprod	v2blockerprod120	1	2
1783	v2blockerprod_v2blockerprod120_difficulty1-3	v2blockerprod	v2blockerprod120	1	3
1784	v2blockerprod_v2blockerprod120_difficulty1-4	v2blockerprod	v2blockerprod120	1	4
1785	v2blockerprod_v2blockerprod120_difficulty2-5	v2blockerprod	v2blockerprod120	2	5
1786	v2blockerprod_v2blockerprod121_difficulty2-5	v2blockerprod	v2blockerprod121	2	5
1787	v2blockerprod_v2blockerprod121_difficulty3-1	v2blockerprod	v2blockerprod121	3	1
1788	v2blockerprod_v2blockerprod121_difficulty3-2	v2blockerprod	v2blockerprod121	3	2
1789	v2blockerprod_v2blockerprod121_difficulty3-3	v2blockerprod	v2blockerprod121	3	3
1790	v2blockerprod_v2blockerprod121_difficulty3-4	v2blockerprod	v2blockerprod121	3	4
1791	v2blockerprod_v2blockerprod122_difficulty3-1	v2blockerprod	v2blockerprod122	3	1
1792	v2blockerprod_v2blockerprod122_difficulty3-3	v2blockerprod	v2blockerprod122	3	3
1793	v2blockerprod_v2blockerprod122_difficulty4-2	v2blockerprod	v2blockerprod122	4	2
1794	v2blockerprod_v2blockerprod122_difficulty4-4	v2blockerprod	v2blockerprod122	4	4
1795	v2blockerprod_v2blockerprod122_difficulty4-5	v2blockerprod	v2blockerprod122	4	5
1796	v2blockerprod_v2blockerprod123_difficulty3-1	v2blockerprod	v2blockerprod123	3	1
1797	v2blockerprod_v2blockerprod123_difficulty3-2	v2blockerprod	v2blockerprod123	3	2
1798	v2blockerprod_v2blockerprod123_difficulty3-3	v2blockerprod	v2blockerprod123	3	3
1799	v2blockerprod_v2blockerprod123_difficulty3-4	v2blockerprod	v2blockerprod123	3	4
1800	v2blockerprod_v2blockerprod123_difficulty3-5	v2blockerprod	v2blockerprod123	3	5
1801	v2blockerprod_v2blockerprod124_difficulty4-2	v2blockerprod	v2blockerprod124	4	2
1802	v2blockerprod_v2blockerprod124_difficulty4-3	v2blockerprod	v2blockerprod124	4	3
1803	v2blockerprod_v2blockerprod124_difficulty4-4	v2blockerprod	v2blockerprod124	4	4
1804	v2blockerprod_v2blockerprod124_difficulty5-1	v2blockerprod	v2blockerprod124	5	1
1805	v2blockerprod_v2blockerprod124_difficulty5-5	v2blockerprod	v2blockerprod124	5	5
1806	v2blockerprod_v2blockerprod125_difficulty2-1	v2blockerprod	v2blockerprod125	2	1
1807	v2blockerprod_v2blockerprod125_difficulty2-2	v2blockerprod	v2blockerprod125	2	2
1808	v2blockerprod_v2blockerprod125_difficulty2-3	v2blockerprod	v2blockerprod125	2	3
1809	v2blockerprod_v2blockerprod125_difficulty2-4	v2blockerprod	v2blockerprod125	2	4
1810	v2blockerprod_v2blockerprod125_difficulty2-5	v2blockerprod	v2blockerprod125	2	5
1811	v2blockerprod_v2blockerprod126_difficulty2-1	v2blockerprod	v2blockerprod126	2	1
1812	v2blockerprod_v2blockerprod126_difficulty2-5	v2blockerprod	v2blockerprod126	2	5
1813	v2blockerprod_v2blockerprod126_difficulty3-2	v2blockerprod	v2blockerprod126	3	2
1814	v2blockerprod_v2blockerprod126_difficulty3-3	v2blockerprod	v2blockerprod126	3	3
1815	v2blockerprod_v2blockerprod126_difficulty3-4	v2blockerprod	v2blockerprod126	3	4
1816	v2blockerprod_v2blockerprod127_difficulty3-1	v2blockerprod	v2blockerprod127	3	1
1817	v2blockerprod_v2blockerprod127_difficulty3-2	v2blockerprod	v2blockerprod127	3	2
1818	v2blockerprod_v2blockerprod127_difficulty3-3	v2blockerprod	v2blockerprod127	3	3
1819	v2blockerprod_v2blockerprod127_difficulty3-4	v2blockerprod	v2blockerprod127	3	4
1820	v2blockerprod_v2blockerprod127_difficulty3-5	v2blockerprod	v2blockerprod127	3	5
1821	v2blockerprod_v2blockerprod128_difficulty2-1	v2blockerprod	v2blockerprod128	2	1
1822	v2blockerprod_v2blockerprod128_difficulty2-2	v2blockerprod	v2blockerprod128	2	2
1823	v2blockerprod_v2blockerprod128_difficulty2-3	v2blockerprod	v2blockerprod128	2	3
1824	v2blockerprod_v2blockerprod128_difficulty2-4	v2blockerprod	v2blockerprod128	2	4
1825	v2blockerprod_v2blockerprod128_difficulty2-5	v2blockerprod	v2blockerprod128	2	5
1826	v2blockerprod_v2blockerprod129_difficulty5-1	v2blockerprod	v2blockerprod129	5	1
1827	v2blockerprod_v2blockerprod129_difficulty5-2	v2blockerprod	v2blockerprod129	5	2
1828	v2blockerprod_v2blockerprod129_difficulty5-3	v2blockerprod	v2blockerprod129	5	3
1829	v2blockerprod_v2blockerprod129_difficulty5-4	v2blockerprod	v2blockerprod129	5	4
1830	v2blockerprod_v2blockerprod129_difficulty5-5	v2blockerprod	v2blockerprod129	5	5
1831	v2blockerprod_v2blockerprod130_difficulty2-1	v2blockerprod	v2blockerprod130	2	1
1832	v2blockerprod_v2blockerprod130_difficulty2-2	v2blockerprod	v2blockerprod130	2	2
1833	v2blockerprod_v2blockerprod130_difficulty2-3	v2blockerprod	v2blockerprod130	2	3
1834	v2blockerprod_v2blockerprod130_difficulty2-4	v2blockerprod	v2blockerprod130	2	4
1835	v2blockerprod_v2blockerprod130_difficulty2-5	v2blockerprod	v2blockerprod130	2	5
1836	v2blockerprod_v2blockerprod131_difficulty2-2	v2blockerprod	v2blockerprod131	2	2
1837	v2blockerprod_v2blockerprod131_difficulty2-3	v2blockerprod	v2blockerprod131	2	3
1838	v2blockerprod_v2blockerprod131_difficulty2-4	v2blockerprod	v2blockerprod131	2	4
1839	v2blockerprod_v2blockerprod131_difficulty3-1	v2blockerprod	v2blockerprod131	3	1
1840	v2blockerprod_v2blockerprod131_difficulty3-5	v2blockerprod	v2blockerprod131	3	5
1841	v2blockerprod_v2blockerprod132_difficulty3-4	v2blockerprod	v2blockerprod132	3	4
1842	v2blockerprod_v2blockerprod132_difficulty4-1	v2blockerprod	v2blockerprod132	4	1
1843	v2blockerprod_v2blockerprod132_difficulty4-2	v2blockerprod	v2blockerprod132	4	2
1844	v2blockerprod_v2blockerprod132_difficulty4-3	v2blockerprod	v2blockerprod132	4	3
1845	v2blockerprod_v2blockerprod132_difficulty4-5	v2blockerprod	v2blockerprod132	4	5
1846	v2blockerprod_v2blockerprod133_difficulty2-3	v2blockerprod	v2blockerprod133	2	3
1847	v2blockerprod_v2blockerprod133_difficulty3-1	v2blockerprod	v2blockerprod133	3	1
1848	v2blockerprod_v2blockerprod133_difficulty3-2	v2blockerprod	v2blockerprod133	3	2
1849	v2blockerprod_v2blockerprod133_difficulty3-4	v2blockerprod	v2blockerprod133	3	4
1850	v2blockerprod_v2blockerprod133_difficulty3-5	v2blockerprod	v2blockerprod133	3	5
1851	v2blockerprod_v2blockerprod134_difficulty5-1	v2blockerprod	v2blockerprod134	5	1
1852	v2blockerprod_v2blockerprod134_difficulty5-2	v2blockerprod	v2blockerprod134	5	2
1853	v2blockerprod_v2blockerprod134_difficulty5-3	v2blockerprod	v2blockerprod134	5	3
1854	v2blockerprod_v2blockerprod134_difficulty5-4	v2blockerprod	v2blockerprod134	5	4
1855	v2blockerprod_v2blockerprod134_difficulty5-5	v2blockerprod	v2blockerprod134	5	5
1856	v2blockerprod_v2blockerprod135_difficulty2-1	v2blockerprod	v2blockerprod135	2	1
1857	v2blockerprod_v2blockerprod135_difficulty2-2	v2blockerprod	v2blockerprod135	2	2
1858	v2blockerprod_v2blockerprod135_difficulty2-3	v2blockerprod	v2blockerprod135	2	3
1859	v2blockerprod_v2blockerprod135_difficulty2-4	v2blockerprod	v2blockerprod135	2	4
1860	v2blockerprod_v2blockerprod135_difficulty2-5	v2blockerprod	v2blockerprod135	2	5
1861	v2blockerprod_v2blockerprod136_difficulty3-2	v2blockerprod	v2blockerprod136	3	2
1862	v2blockerprod_v2blockerprod136_difficulty3-3	v2blockerprod	v2blockerprod136	3	3
1863	v2blockerprod_v2blockerprod136_difficulty4-1	v2blockerprod	v2blockerprod136	4	1
1864	v2blockerprod_v2blockerprod136_difficulty4-4	v2blockerprod	v2blockerprod136	4	4
1865	v2blockerprod_v2blockerprod136_difficulty4-5	v2blockerprod	v2blockerprod136	4	5
1866	v2blockerprod_v2blockerprod137_difficulty1-4	v2blockerprod	v2blockerprod137	1	4
1867	v2blockerprod_v2blockerprod137_difficulty2-1	v2blockerprod	v2blockerprod137	2	1
1868	v2blockerprod_v2blockerprod137_difficulty2-2	v2blockerprod	v2blockerprod137	2	2
1869	v2blockerprod_v2blockerprod137_difficulty2-3	v2blockerprod	v2blockerprod137	2	3
1870	v2blockerprod_v2blockerprod137_difficulty2-5	v2blockerprod	v2blockerprod137	2	5
1871	v2blockerprod_v2blockerprod138_difficulty2-2	v2blockerprod	v2blockerprod138	2	2
1872	v2blockerprod_v2blockerprod138_difficulty2-3	v2blockerprod	v2blockerprod138	2	3
1873	v2blockerprod_v2blockerprod138_difficulty2-4	v2blockerprod	v2blockerprod138	2	4
1874	v2blockerprod_v2blockerprod138_difficulty3-1	v2blockerprod	v2blockerprod138	3	1
1875	v2blockerprod_v2blockerprod138_difficulty3-5	v2blockerprod	v2blockerprod138	3	5
1876	v2blockerprod_v2blockerprod139_difficulty5-1	v2blockerprod	v2blockerprod139	5	1
1877	v2blockerprod_v2blockerprod139_difficulty5-2	v2blockerprod	v2blockerprod139	5	2
1878	v2blockerprod_v2blockerprod139_difficulty5-3	v2blockerprod	v2blockerprod139	5	3
1879	v2blockerprod_v2blockerprod139_difficulty5-4	v2blockerprod	v2blockerprod139	5	4
1880	v2blockerprod_v2blockerprod139_difficulty5-5	v2blockerprod	v2blockerprod139	5	5
1881	v2blockerprod_v2blockerprod140_difficulty1-1	v2blockerprod	v2blockerprod140	1	1
1882	v2blockerprod_v2blockerprod140_difficulty1-2	v2blockerprod	v2blockerprod140	1	2
1883	v2blockerprod_v2blockerprod140_difficulty2-3	v2blockerprod	v2blockerprod140	2	3
1884	v2blockerprod_v2blockerprod140_difficulty2-4	v2blockerprod	v2blockerprod140	2	4
1885	v2blockerprod_v2blockerprod140_difficulty2-5	v2blockerprod	v2blockerprod140	2	5
1886	v2blockerprod_v2blockerprod141_difficulty2-1	v2blockerprod	v2blockerprod141	2	1
1887	v2blockerprod_v2blockerprod141_difficulty2-2	v2blockerprod	v2blockerprod141	2	2
1888	v2blockerprod_v2blockerprod141_difficulty2-3	v2blockerprod	v2blockerprod141	2	3
1889	v2blockerprod_v2blockerprod141_difficulty2-4	v2blockerprod	v2blockerprod141	2	4
1890	v2blockerprod_v2blockerprod141_difficulty2-5	v2blockerprod	v2blockerprod141	2	5
1891	v2blockerprod_v2blockerprod142_difficulty4-1	v2blockerprod	v2blockerprod142	4	1
1892	v2blockerprod_v2blockerprod142_difficulty4-2	v2blockerprod	v2blockerprod142	4	2
1893	v2blockerprod_v2blockerprod142_difficulty4-3	v2blockerprod	v2blockerprod142	4	3
1894	v2blockerprod_v2blockerprod142_difficulty4-4	v2blockerprod	v2blockerprod142	4	4
1895	v2blockerprod_v2blockerprod142_difficulty4-5	v2blockerprod	v2blockerprod142	4	5
1896	v2blockerprod_v2blockerprod143_difficulty3-2	v2blockerprod	v2blockerprod143	3	2
1897	v2blockerprod_v2blockerprod143_difficulty3-4	v2blockerprod	v2blockerprod143	3	4
1898	v2blockerprod_v2blockerprod143_difficulty4-1	v2blockerprod	v2blockerprod143	4	1
1899	v2blockerprod_v2blockerprod143_difficulty4-3	v2blockerprod	v2blockerprod143	4	3
1900	v2blockerprod_v2blockerprod143_difficulty4-5	v2blockerprod	v2blockerprod143	4	5
1901	v2blockerprod_v2blockerprod144_difficulty4-2	v2blockerprod	v2blockerprod144	4	2
1902	v2blockerprod_v2blockerprod144_difficulty5-1	v2blockerprod	v2blockerprod144	5	1
1903	v2blockerprod_v2blockerprod144_difficulty5-3	v2blockerprod	v2blockerprod144	5	3
1904	v2blockerprod_v2blockerprod144_difficulty5-4	v2blockerprod	v2blockerprod144	5	4
1905	v2blockerprod_v2blockerprod144_difficulty5-5	v2blockerprod	v2blockerprod144	5	5
1906	v2blockerprod_v2blockerprod145_difficulty2-1	v2blockerprod	v2blockerprod145	2	1
1907	v2blockerprod_v2blockerprod145_difficulty2-2	v2blockerprod	v2blockerprod145	2	2
1908	v2blockerprod_v2blockerprod145_difficulty2-3	v2blockerprod	v2blockerprod145	2	3
1909	v2blockerprod_v2blockerprod145_difficulty2-4	v2blockerprod	v2blockerprod145	2	4
1910	v2blockerprod_v2blockerprod145_difficulty2-5	v2blockerprod	v2blockerprod145	2	5
1911	v2blockerprod_v2blockerprod146_difficulty1-1	v2blockerprod	v2blockerprod146	1	1
1912	v2blockerprod_v2blockerprod146_difficulty1-2	v2blockerprod	v2blockerprod146	1	2
1913	v2blockerprod_v2blockerprod146_difficulty1-3	v2blockerprod	v2blockerprod146	1	3
1914	v2blockerprod_v2blockerprod146_difficulty1-5	v2blockerprod	v2blockerprod146	1	5
1915	v2blockerprod_v2blockerprod146_difficulty2-4	v2blockerprod	v2blockerprod146	2	4
1916	v2blockerprod_v2blockerprod147_difficulty3-1	v2blockerprod	v2blockerprod147	3	1
1917	v2blockerprod_v2blockerprod147_difficulty3-2	v2blockerprod	v2blockerprod147	3	2
1918	v2blockerprod_v2blockerprod147_difficulty3-5	v2blockerprod	v2blockerprod147	3	5
1919	v2blockerprod_v2blockerprod147_difficulty4-3	v2blockerprod	v2blockerprod147	4	3
1920	v2blockerprod_v2blockerprod147_difficulty4-4	v2blockerprod	v2blockerprod147	4	4
1921	v2blockerprod_v2blockerprod148_difficulty1-14	v2blockerprod	v2blockerprod148	1	14
1922	v2blockerprod_v2blockerprod148_difficulty1-16	v2blockerprod	v2blockerprod148	1	16
1923	v2blockerprod_v2blockerprod148_difficulty2-13	v2blockerprod	v2blockerprod148	2	13
1924	v2blockerprod_v2blockerprod148_difficulty2-15	v2blockerprod	v2blockerprod148	2	15
1925	v2blockerprod_v2blockerprod148_difficulty2-17	v2blockerprod	v2blockerprod148	2	17
1926	v2blockerprod_v2blockerprod149_difficulty5-26	v2blockerprod	v2blockerprod149	5	26
1927	v2blockerprod_v2blockerprod149_difficulty5-27	v2blockerprod	v2blockerprod149	5	27
1928	v2blockerprod_v2blockerprod149_difficulty5-29	v2blockerprod	v2blockerprod149	5	29
1929	v2blockerprod_v2blockerprod149_difficulty5-30	v2blockerprod	v2blockerprod149	5	30
1930	v2blockerprod_v2blockerprod149_difficulty6-21	v2blockerprod	v2blockerprod149	6	21
1931	v2blockerprod_v2blockerprod150_difficulty1-1	v2blockerprod	v2blockerprod150	1	1
1932	v2blockerprod_v2blockerprod150_difficulty1-2	v2blockerprod	v2blockerprod150	1	2
1933	v2blockerprod_v2blockerprod150_difficulty1-3	v2blockerprod	v2blockerprod150	1	3
1934	v2blockerprod_v2blockerprod150_difficulty1-4	v2blockerprod	v2blockerprod150	1	4
1935	v2blockerprod_v2blockerprod150_difficulty1-5	v2blockerprod	v2blockerprod150	1	5
1936	v2blockerprod_v2blockerprod151_difficulty1-1	v2blockerprod	v2blockerprod151	1	1
1937	v2blockerprod_v2blockerprod151_difficulty1-2	v2blockerprod	v2blockerprod151	1	2
1938	v2blockerprod_v2blockerprod151_difficulty1-3	v2blockerprod	v2blockerprod151	1	3
1939	v2blockerprod_v2blockerprod151_difficulty1-4	v2blockerprod	v2blockerprod151	1	4
1940	v2blockerprod_v2blockerprod151_difficulty1-5	v2blockerprod	v2blockerprod151	1	5
1941	v2blockerprod_v2blockerprod152_difficulty1-11	v2blockerprod	v2blockerprod152	1	11
1942	v2blockerprod_v2blockerprod152_difficulty1-12	v2blockerprod	v2blockerprod152	1	12
1943	v2blockerprod_v2blockerprod152_difficulty1-13	v2blockerprod	v2blockerprod152	1	13
1944	v2blockerprod_v2blockerprod152_difficulty1-14	v2blockerprod	v2blockerprod152	1	14
1945	v2blockerprod_v2blockerprod152_difficulty1-15	v2blockerprod	v2blockerprod152	1	15
1946	v2blockerprod_v2blockerprod153_difficulty1-11	v2blockerprod	v2blockerprod153	1	11
1947	v2blockerprod_v2blockerprod153_difficulty1-12	v2blockerprod	v2blockerprod153	1	12
1948	v2blockerprod_v2blockerprod153_difficulty1-13	v2blockerprod	v2blockerprod153	1	13
1949	v2blockerprod_v2blockerprod153_difficulty1-14	v2blockerprod	v2blockerprod153	1	14
1950	v2blockerprod_v2blockerprod153_difficulty1-15	v2blockerprod	v2blockerprod153	1	15
1951	v2blockerprod_v2blockerprod154_difficulty3-11	v2blockerprod	v2blockerprod154	3	11
1952	v2blockerprod_v2blockerprod154_difficulty3-12	v2blockerprod	v2blockerprod154	3	12
1953	v2blockerprod_v2blockerprod154_difficulty3-13	v2blockerprod	v2blockerprod154	3	13
1954	v2blockerprod_v2blockerprod154_difficulty4-14	v2blockerprod	v2blockerprod154	4	14
1955	v2blockerprod_v2blockerprod154_difficulty4-15	v2blockerprod	v2blockerprod154	4	15
1956	v2blockerprod_v2blockerprod155_difficulty1-1	v2blockerprod	v2blockerprod155	1	1
1957	v2blockerprod_v2blockerprod155_difficulty1-2	v2blockerprod	v2blockerprod155	1	2
1958	v2blockerprod_v2blockerprod155_difficulty1-3	v2blockerprod	v2blockerprod155	1	3
1959	v2blockerprod_v2blockerprod155_difficulty1-4	v2blockerprod	v2blockerprod155	1	4
1960	v2blockerprod_v2blockerprod155_difficulty1-5	v2blockerprod	v2blockerprod155	1	5
1961	v2blockerprod_v2blockerprod156_difficulty1-1	v2blockerprod	v2blockerprod156	1	1
1962	v2blockerprod_v2blockerprod156_difficulty1-2	v2blockerprod	v2blockerprod156	1	2
1963	v2blockerprod_v2blockerprod156_difficulty1-3	v2blockerprod	v2blockerprod156	1	3
1964	v2blockerprod_v2blockerprod156_difficulty1-4	v2blockerprod	v2blockerprod156	1	4
1965	v2blockerprod_v2blockerprod156_difficulty2-5	v2blockerprod	v2blockerprod156	2	5
1966	v2blockerprod_v2blockerprod157_difficulty4-1	v2blockerprod	v2blockerprod157	4	1
1967	v2blockerprod_v2blockerprod157_difficulty4-2	v2blockerprod	v2blockerprod157	4	2
1968	v2blockerprod_v2blockerprod157_difficulty4-3	v2blockerprod	v2blockerprod157	4	3
1969	v2blockerprod_v2blockerprod157_difficulty4-4	v2blockerprod	v2blockerprod157	4	4
1970	v2blockerprod_v2blockerprod157_difficulty4-5	v2blockerprod	v2blockerprod157	4	5
1971	v2blockerprod_v2blockerprod158_difficulty1-10	v2blockerprod	v2blockerprod158	1	10
1972	v2blockerprod_v2blockerprod158_difficulty1-6	v2blockerprod	v2blockerprod158	1	6
1973	v2blockerprod_v2blockerprod158_difficulty1-7	v2blockerprod	v2blockerprod158	1	7
1974	v2blockerprod_v2blockerprod158_difficulty1-8	v2blockerprod	v2blockerprod158	1	8
1975	v2blockerprod_v2blockerprod158_difficulty1-9	v2blockerprod	v2blockerprod158	1	9
1976	v2blockerprod_v2blockerprod159_difficulty5-10	v2blockerprod	v2blockerprod159	5	10
1977	v2blockerprod_v2blockerprod159_difficulty5-6	v2blockerprod	v2blockerprod159	5	6
1978	v2blockerprod_v2blockerprod159_difficulty5-7	v2blockerprod	v2blockerprod159	5	7
1979	v2blockerprod_v2blockerprod159_difficulty5-8	v2blockerprod	v2blockerprod159	5	8
1980	v2blockerprod_v2blockerprod159_difficulty5-9	v2blockerprod	v2blockerprod159	5	9
1981	v2blockerprod_v2blockerprod160_difficulty1-1	v2blockerprod	v2blockerprod160	1	1
1982	v2blockerprod_v2blockerprod160_difficulty1-2	v2blockerprod	v2blockerprod160	1	2
1983	v2blockerprod_v2blockerprod160_difficulty1-3	v2blockerprod	v2blockerprod160	1	3
1984	v2blockerprod_v2blockerprod160_difficulty1-4	v2blockerprod	v2blockerprod160	1	4
1985	v2blockerprod_v2blockerprod160_difficulty1-5	v2blockerprod	v2blockerprod160	1	5
1986	v2blockerprod_v2blockerprod161_difficulty1-1	v2blockerprod	v2blockerprod161	1	1
1987	v2blockerprod_v2blockerprod161_difficulty1-2	v2blockerprod	v2blockerprod161	1	2
1988	v2blockerprod_v2blockerprod161_difficulty2-3	v2blockerprod	v2blockerprod161	2	3
1989	v2blockerprod_v2blockerprod161_difficulty2-4	v2blockerprod	v2blockerprod161	2	4
1990	v2blockerprod_v2blockerprod161_difficulty2-5	v2blockerprod	v2blockerprod161	2	5
1991	v2blockerprod_v2blockerprod162_difficulty3-3	v2blockerprod	v2blockerprod162	3	3
1992	v2blockerprod_v2blockerprod162_difficulty3-4	v2blockerprod	v2blockerprod162	3	4
1993	v2blockerprod_v2blockerprod162_difficulty4-1	v2blockerprod	v2blockerprod162	4	1
1994	v2blockerprod_v2blockerprod162_difficulty4-2	v2blockerprod	v2blockerprod162	4	2
1995	v2blockerprod_v2blockerprod162_difficulty4-5	v2blockerprod	v2blockerprod162	4	5
1996	v2blockerprod_v2blockerprod163_difficulty2-1	v2blockerprod	v2blockerprod163	2	1
1997	v2blockerprod_v2blockerprod163_difficulty2-2	v2blockerprod	v2blockerprod163	2	2
1998	v2blockerprod_v2blockerprod163_difficulty2-4	v2blockerprod	v2blockerprod163	2	4
1999	v2blockerprod_v2blockerprod163_difficulty2-5	v2blockerprod	v2blockerprod163	2	5
2000	v2blockerprod_v2blockerprod163_difficulty3-3	v2blockerprod	v2blockerprod163	3	3
2001	v2blockerprod_v2blockerprod164_difficulty4-10	v2blockerprod	v2blockerprod164	4	10
2002	v2blockerprod_v2blockerprod164_difficulty4-6	v2blockerprod	v2blockerprod164	4	6
2003	v2blockerprod_v2blockerprod164_difficulty4-7	v2blockerprod	v2blockerprod164	4	7
2004	v2blockerprod_v2blockerprod164_difficulty4-9	v2blockerprod	v2blockerprod164	4	9
2005	v2blockerprod_v2blockerprod164_difficulty5-8	v2blockerprod	v2blockerprod164	5	8
2006	v2blockerprod_v2blockerprod165_difficulty1-1	v2blockerprod	v2blockerprod165	1	1
2007	v2blockerprod_v2blockerprod165_difficulty1-2	v2blockerprod	v2blockerprod165	1	2
2008	v2blockerprod_v2blockerprod165_difficulty1-3	v2blockerprod	v2blockerprod165	1	3
2009	v2blockerprod_v2blockerprod165_difficulty1-4	v2blockerprod	v2blockerprod165	1	4
2010	v2blockerprod_v2blockerprod165_difficulty1-5	v2blockerprod	v2blockerprod165	1	5
2011	v2blockerprod_v2blockerprod166_difficulty1-3	v2blockerprod	v2blockerprod166	1	3
2012	v2blockerprod_v2blockerprod166_difficulty2-1	v2blockerprod	v2blockerprod166	2	1
2013	v2blockerprod_v2blockerprod166_difficulty2-2	v2blockerprod	v2blockerprod166	2	2
2014	v2blockerprod_v2blockerprod166_difficulty2-4	v2blockerprod	v2blockerprod166	2	4
2015	v2blockerprod_v2blockerprod166_difficulty2-5	v2blockerprod	v2blockerprod166	2	5
2016	v2blockerprod_v2blockerprod167_difficulty3-1	v2blockerprod	v2blockerprod167	3	1
2017	v2blockerprod_v2blockerprod167_difficulty3-3	v2blockerprod	v2blockerprod167	3	3
2018	v2blockerprod_v2blockerprod167_difficulty3-5	v2blockerprod	v2blockerprod167	3	5
2019	v2blockerprod_v2blockerprod167_difficulty4-2	v2blockerprod	v2blockerprod167	4	2
2020	v2blockerprod_v2blockerprod167_difficulty4-4	v2blockerprod	v2blockerprod167	4	4
2021	v2blockerprod_v2blockerprod168_difficulty1-3	v2blockerprod	v2blockerprod168	1	3
2022	v2blockerprod_v2blockerprod168_difficulty1-4	v2blockerprod	v2blockerprod168	1	4
2023	v2blockerprod_v2blockerprod168_difficulty2-1	v2blockerprod	v2blockerprod168	2	1
2024	v2blockerprod_v2blockerprod168_difficulty2-2	v2blockerprod	v2blockerprod168	2	2
2025	v2blockerprod_v2blockerprod168_difficulty2-5	v2blockerprod	v2blockerprod168	2	5
2026	v2blockerprod_v2blockerprod169_difficulty5-1	v2blockerprod	v2blockerprod169	5	1
2027	v2blockerprod_v2blockerprod169_difficulty5-2	v2blockerprod	v2blockerprod169	5	2
2028	v2blockerprod_v2blockerprod169_difficulty5-3	v2blockerprod	v2blockerprod169	5	3
2029	v2blockerprod_v2blockerprod169_difficulty5-4	v2blockerprod	v2blockerprod169	5	4
2030	v2blockerprod_v2blockerprod169_difficulty5-5	v2blockerprod	v2blockerprod169	5	5
2031	v2blockerprod_v2blockerprod170_difficulty1-1	v2blockerprod	v2blockerprod170	1	1
2032	v2blockerprod_v2blockerprod170_difficulty1-2	v2blockerprod	v2blockerprod170	1	2
2033	v2blockerprod_v2blockerprod170_difficulty1-3	v2blockerprod	v2blockerprod170	1	3
2034	v2blockerprod_v2blockerprod170_difficulty1-4	v2blockerprod	v2blockerprod170	1	4
2035	v2blockerprod_v2blockerprod170_difficulty1-5	v2blockerprod	v2blockerprod170	1	5
2036	v2blockerprod_v2blockerprod171_difficulty2-1	v2blockerprod	v2blockerprod171	2	1
2037	v2blockerprod_v2blockerprod171_difficulty2-2	v2blockerprod	v2blockerprod171	2	2
2038	v2blockerprod_v2blockerprod171_difficulty2-3	v2blockerprod	v2blockerprod171	2	3
2039	v2blockerprod_v2blockerprod171_difficulty2-4	v2blockerprod	v2blockerprod171	2	4
2040	v2blockerprod_v2blockerprod171_difficulty2-5	v2blockerprod	v2blockerprod171	2	5
2041	v2blockerprod_v2blockerprod172_difficulty3-2	v2blockerprod	v2blockerprod172	3	2
2042	v2blockerprod_v2blockerprod172_difficulty3-3	v2blockerprod	v2blockerprod172	3	3
2043	v2blockerprod_v2blockerprod172_difficulty3-4	v2blockerprod	v2blockerprod172	3	4
2044	v2blockerprod_v2blockerprod172_difficulty4-1	v2blockerprod	v2blockerprod172	4	1
2045	v2blockerprod_v2blockerprod172_difficulty4-5	v2blockerprod	v2blockerprod172	4	5
2046	v2blockerprod_v2blockerprod173_difficulty2-1	v2blockerprod	v2blockerprod173	2	1
2047	v2blockerprod_v2blockerprod173_difficulty2-2	v2blockerprod	v2blockerprod173	2	2
2048	v2blockerprod_v2blockerprod173_difficulty2-3	v2blockerprod	v2blockerprod173	2	3
2049	v2blockerprod_v2blockerprod173_difficulty2-4	v2blockerprod	v2blockerprod173	2	4
2050	v2blockerprod_v2blockerprod173_difficulty2-5	v2blockerprod	v2blockerprod173	2	5
2051	v2blockerprod_v2blockerprod174_difficulty4-3	v2blockerprod	v2blockerprod174	4	3
2052	v2blockerprod_v2blockerprod174_difficulty4-4	v2blockerprod	v2blockerprod174	4	4
2053	v2blockerprod_v2blockerprod174_difficulty5-1	v2blockerprod	v2blockerprod174	5	1
2054	v2blockerprod_v2blockerprod174_difficulty5-2	v2blockerprod	v2blockerprod174	5	2
2055	v2blockerprod_v2blockerprod174_difficulty5-5	v2blockerprod	v2blockerprod174	5	5
2056	v2blockerprod_v2blockerprod175_difficulty1-1	v2blockerprod	v2blockerprod175	1	1
2057	v2blockerprod_v2blockerprod175_difficulty1-2	v2blockerprod	v2blockerprod175	1	2
2058	v2blockerprod_v2blockerprod175_difficulty1-3	v2blockerprod	v2blockerprod175	1	3
2059	v2blockerprod_v2blockerprod175_difficulty1-4	v2blockerprod	v2blockerprod175	1	4
2060	v2blockerprod_v2blockerprod175_difficulty1-5	v2blockerprod	v2blockerprod175	1	5
2061	v2blockerprod_v2blockerprod176_difficulty2-1	v2blockerprod	v2blockerprod176	2	1
2062	v2blockerprod_v2blockerprod176_difficulty2-2	v2blockerprod	v2blockerprod176	2	2
2063	v2blockerprod_v2blockerprod176_difficulty2-3	v2blockerprod	v2blockerprod176	2	3
2064	v2blockerprod_v2blockerprod176_difficulty2-4	v2blockerprod	v2blockerprod176	2	4
2065	v2blockerprod_v2blockerprod176_difficulty2-5	v2blockerprod	v2blockerprod176	2	5
2066	v2blockerprod_v2blockerprod177_difficulty3-1	v2blockerprod	v2blockerprod177	3	1
2067	v2blockerprod_v2blockerprod177_difficulty3-2	v2blockerprod	v2blockerprod177	3	2
2068	v2blockerprod_v2blockerprod177_difficulty3-3	v2blockerprod	v2blockerprod177	3	3
2069	v2blockerprod_v2blockerprod177_difficulty3-4	v2blockerprod	v2blockerprod177	3	4
2070	v2blockerprod_v2blockerprod177_difficulty3-5	v2blockerprod	v2blockerprod177	3	5
2071	v2blockerprod_v2blockerprod178_difficulty2-2	v2blockerprod	v2blockerprod178	2	2
2072	v2blockerprod_v2blockerprod178_difficulty2-3	v2blockerprod	v2blockerprod178	2	3
2073	v2blockerprod_v2blockerprod178_difficulty2-4	v2blockerprod	v2blockerprod178	2	4
2074	v2blockerprod_v2blockerprod178_difficulty3-1	v2blockerprod	v2blockerprod178	3	1
2075	v2blockerprod_v2blockerprod178_difficulty3-5	v2blockerprod	v2blockerprod178	3	5
2076	v2blockerprod_v2blockerprod179_difficulty5-13	v2blockerprod	v2blockerprod179	5	13
2077	v2blockerprod_v2blockerprod179_difficulty5-14	v2blockerprod	v2blockerprod179	5	14
2078	v2blockerprod_v2blockerprod179_difficulty5-15	v2blockerprod	v2blockerprod179	5	15
2079	v2blockerprod_v2blockerprod179_difficulty6-11	v2blockerprod	v2blockerprod179	6	11
2080	v2blockerprod_v2blockerprod179_difficulty7-12	v2blockerprod	v2blockerprod179	7	12
2081	v2blockerprod_v2blockerprod180_difficulty1-1	v2blockerprod	v2blockerprod180	1	1
2082	v2blockerprod_v2blockerprod180_difficulty1-2	v2blockerprod	v2blockerprod180	1	2
2083	v2blockerprod_v2blockerprod180_difficulty1-3	v2blockerprod	v2blockerprod180	1	3
2084	v2blockerprod_v2blockerprod180_difficulty1-4	v2blockerprod	v2blockerprod180	1	4
2085	v2blockerprod_v2blockerprod180_difficulty1-5	v2blockerprod	v2blockerprod180	1	5
2086	v2blockerprod_v2blockerprod181_difficulty2-10	v2blockerprod	v2blockerprod181	2	10
2087	v2blockerprod_v2blockerprod181_difficulty2-6	v2blockerprod	v2blockerprod181	2	6
2088	v2blockerprod_v2blockerprod181_difficulty2-7	v2blockerprod	v2blockerprod181	2	7
2089	v2blockerprod_v2blockerprod181_difficulty2-8	v2blockerprod	v2blockerprod181	2	8
2090	v2blockerprod_v2blockerprod181_difficulty2-9	v2blockerprod	v2blockerprod181	2	9
2091	v2blockerprod_v2blockerprod182_difficulty3-3	v2blockerprod	v2blockerprod182	3	3
2092	v2blockerprod_v2blockerprod182_difficulty3-5	v2blockerprod	v2blockerprod182	3	5
2093	v2blockerprod_v2blockerprod182_difficulty4-1	v2blockerprod	v2blockerprod182	4	1
2094	v2blockerprod_v2blockerprod182_difficulty4-2	v2blockerprod	v2blockerprod182	4	2
2095	v2blockerprod_v2blockerprod182_difficulty4-4	v2blockerprod	v2blockerprod182	4	4
2096	v2blockerprod_v2blockerprod183_difficulty2-1	v2blockerprod	v2blockerprod183	2	1
2097	v2blockerprod_v2blockerprod183_difficulty2-2	v2blockerprod	v2blockerprod183	2	2
2098	v2blockerprod_v2blockerprod183_difficulty2-3	v2blockerprod	v2blockerprod183	2	3
2099	v2blockerprod_v2blockerprod183_difficulty2-4	v2blockerprod	v2blockerprod183	2	4
2100	v2blockerprod_v2blockerprod183_difficulty2-5	v2blockerprod	v2blockerprod183	2	5
2101	v2blockerprod_v2blockerprod184_difficulty5-1	v2blockerprod	v2blockerprod184	5	1
2102	v2blockerprod_v2blockerprod184_difficulty5-2	v2blockerprod	v2blockerprod184	5	2
2103	v2blockerprod_v2blockerprod184_difficulty5-3	v2blockerprod	v2blockerprod184	5	3
2104	v2blockerprod_v2blockerprod184_difficulty5-4	v2blockerprod	v2blockerprod184	5	4
2105	v2blockerprod_v2blockerprod184_difficulty5-5	v2blockerprod	v2blockerprod184	5	5
2106	v2blockerprod_v2blockerprod185_difficulty1-1	v2blockerprod	v2blockerprod185	1	1
2107	v2blockerprod_v2blockerprod185_difficulty1-2	v2blockerprod	v2blockerprod185	1	2
2108	v2blockerprod_v2blockerprod185_difficulty1-3	v2blockerprod	v2blockerprod185	1	3
2109	v2blockerprod_v2blockerprod185_difficulty1-4	v2blockerprod	v2blockerprod185	1	4
2110	v2blockerprod_v2blockerprod185_difficulty1-5	v2blockerprod	v2blockerprod185	1	5
2111	v2blockerprod_v2blockerprod186_difficulty1-1	v2blockerprod	v2blockerprod186	1	1
2112	v2blockerprod_v2blockerprod186_difficulty2-2	v2blockerprod	v2blockerprod186	2	2
2113	v2blockerprod_v2blockerprod186_difficulty2-3	v2blockerprod	v2blockerprod186	2	3
2114	v2blockerprod_v2blockerprod186_difficulty2-4	v2blockerprod	v2blockerprod186	2	4
2115	v2blockerprod_v2blockerprod186_difficulty2-5	v2blockerprod	v2blockerprod186	2	5
2116	v2blockerprod_v2blockerprod187_difficulty1-2	v2blockerprod	v2blockerprod187	1	2
2117	v2blockerprod_v2blockerprod187_difficulty1-4	v2blockerprod	v2blockerprod187	1	4
2118	v2blockerprod_v2blockerprod187_difficulty2-1	v2blockerprod	v2blockerprod187	2	1
2119	v2blockerprod_v2blockerprod187_difficulty2-3	v2blockerprod	v2blockerprod187	2	3
2120	v2blockerprod_v2blockerprod187_difficulty2-5	v2blockerprod	v2blockerprod187	2	5
2121	v2blockerprod_v2blockerprod188_difficulty1-8	v2blockerprod	v2blockerprod188	1	8
2122	v2blockerprod_v2blockerprod188_difficulty2-10	v2blockerprod	v2blockerprod188	2	10
2123	v2blockerprod_v2blockerprod188_difficulty2-6	v2blockerprod	v2blockerprod188	2	6
2124	v2blockerprod_v2blockerprod188_difficulty2-7	v2blockerprod	v2blockerprod188	2	7
2125	v2blockerprod_v2blockerprod188_difficulty2-9	v2blockerprod	v2blockerprod188	2	9
2126	v2blockerprod_v2blockerprod189_difficulty5-1	v2blockerprod	v2blockerprod189	5	1
2127	v2blockerprod_v2blockerprod189_difficulty5-2	v2blockerprod	v2blockerprod189	5	2
2128	v2blockerprod_v2blockerprod189_difficulty5-3	v2blockerprod	v2blockerprod189	5	3
2129	v2blockerprod_v2blockerprod189_difficulty5-4	v2blockerprod	v2blockerprod189	5	4
2130	v2blockerprod_v2blockerprod189_difficulty5-5	v2blockerprod	v2blockerprod189	5	5
2131	v2blockerprod_v2blockerprod190_difficulty1-1	v2blockerprod	v2blockerprod190	1	1
2132	v2blockerprod_v2blockerprod190_difficulty1-2	v2blockerprod	v2blockerprod190	1	2
2133	v2blockerprod_v2blockerprod190_difficulty1-3	v2blockerprod	v2blockerprod190	1	3
2134	v2blockerprod_v2blockerprod190_difficulty1-4	v2blockerprod	v2blockerprod190	1	4
2135	v2blockerprod_v2blockerprod190_difficulty1-5	v2blockerprod	v2blockerprod190	1	5
2136	v2blockerprod_v2blockerprod191_difficulty2-1	v2blockerprod	v2blockerprod191	2	1
2137	v2blockerprod_v2blockerprod191_difficulty2-2	v2blockerprod	v2blockerprod191	2	2
2138	v2blockerprod_v2blockerprod191_difficulty2-3	v2blockerprod	v2blockerprod191	2	3
2139	v2blockerprod_v2blockerprod191_difficulty2-4	v2blockerprod	v2blockerprod191	2	4
2140	v2blockerprod_v2blockerprod191_difficulty2-5	v2blockerprod	v2blockerprod191	2	5
2141	v2blockerprod_v2blockerprod192_difficulty3-10	v2blockerprod	v2blockerprod192	3	10
2142	v2blockerprod_v2blockerprod192_difficulty3-7	v2blockerprod	v2blockerprod192	3	7
2143	v2blockerprod_v2blockerprod192_difficulty4-6	v2blockerprod	v2blockerprod192	4	6
2144	v2blockerprod_v2blockerprod192_difficulty4-8	v2blockerprod	v2blockerprod192	4	8
2145	v2blockerprod_v2blockerprod192_difficulty4-9	v2blockerprod	v2blockerprod192	4	9
2146	v2blockerprod_v2blockerprod193_difficulty2-10	v2blockerprod	v2blockerprod193	2	10
2147	v2blockerprod_v2blockerprod193_difficulty2-6	v2blockerprod	v2blockerprod193	2	6
2148	v2blockerprod_v2blockerprod193_difficulty2-7	v2blockerprod	v2blockerprod193	2	7
2149	v2blockerprod_v2blockerprod193_difficulty2-8	v2blockerprod	v2blockerprod193	2	8
2150	v2blockerprod_v2blockerprod193_difficulty2-9	v2blockerprod	v2blockerprod193	2	9
2151	v2blockerprod_v2blockerprod194_difficulty5-1	v2blockerprod	v2blockerprod194	5	1
2152	v2blockerprod_v2blockerprod194_difficulty5-2	v2blockerprod	v2blockerprod194	5	2
2153	v2blockerprod_v2blockerprod194_difficulty5-3	v2blockerprod	v2blockerprod194	5	3
2154	v2blockerprod_v2blockerprod194_difficulty5-4	v2blockerprod	v2blockerprod194	5	4
2155	v2blockerprod_v2blockerprod194_difficulty5-5	v2blockerprod	v2blockerprod194	5	5
2156	v2blockerprod_v2blockerprod195_difficulty1-1	v2blockerprod	v2blockerprod195	1	1
2157	v2blockerprod_v2blockerprod195_difficulty1-2	v2blockerprod	v2blockerprod195	1	2
2158	v2blockerprod_v2blockerprod195_difficulty1-3	v2blockerprod	v2blockerprod195	1	3
2159	v2blockerprod_v2blockerprod195_difficulty1-4	v2blockerprod	v2blockerprod195	1	4
2160	v2blockerprod_v2blockerprod195_difficulty1-5	v2blockerprod	v2blockerprod195	1	5
2161	v2blockerprod_v2blockerprod196_difficulty1-1	v2blockerprod	v2blockerprod196	1	1
2162	v2blockerprod_v2blockerprod196_difficulty1-3	v2blockerprod	v2blockerprod196	1	3
2163	v2blockerprod_v2blockerprod196_difficulty1-4	v2blockerprod	v2blockerprod196	1	4
2164	v2blockerprod_v2blockerprod196_difficulty1-5	v2blockerprod	v2blockerprod196	1	5
2165	v2blockerprod_v2blockerprod196_difficulty2-2	v2blockerprod	v2blockerprod196	2	2
2166	v2blockerprod_v2blockerprod197_difficulty3-1	v2blockerprod	v2blockerprod197	3	1
2167	v2blockerprod_v2blockerprod197_difficulty3-2	v2blockerprod	v2blockerprod197	3	2
2168	v2blockerprod_v2blockerprod197_difficulty3-4	v2blockerprod	v2blockerprod197	3	4
2169	v2blockerprod_v2blockerprod197_difficulty3-5	v2blockerprod	v2blockerprod197	3	5
2170	v2blockerprod_v2blockerprod197_difficulty4-3	v2blockerprod	v2blockerprod197	4	3
2171	v2blockerprod_v2blockerprod198_difficulty2-6	v2blockerprod	v2blockerprod198	2	6
2172	v2blockerprod_v2blockerprod198_difficulty3-10	v2blockerprod	v2blockerprod198	3	10
2173	v2blockerprod_v2blockerprod198_difficulty3-7	v2blockerprod	v2blockerprod198	3	7
2174	v2blockerprod_v2blockerprod198_difficulty3-8	v2blockerprod	v2blockerprod198	3	8
2175	v2blockerprod_v2blockerprod198_difficulty3-9	v2blockerprod	v2blockerprod198	3	9
2176	v2blockerprod_v2blockerprod199_difficulty5-26	v2blockerprod	v2blockerprod199	5	26
2177	v2blockerprod_v2blockerprod199_difficulty5-27	v2blockerprod	v2blockerprod199	5	27
2178	v2blockerprod_v2blockerprod199_difficulty5-28	v2blockerprod	v2blockerprod199	5	28
2179	v2blockerprod_v2blockerprod199_difficulty5-29	v2blockerprod	v2blockerprod199	5	29
2180	v2blockerprod_v2blockerprod199_difficulty5-30	v2blockerprod	v2blockerprod199	5	30
2181	v2blockerprod_v2blockerprod200_difficulty1-1	v2blockerprod	v2blockerprod200	1	1
2182	v2blockerprod_v2blockerprod200_difficulty1-2	v2blockerprod	v2blockerprod200	1	2
2183	v2blockerprod_v2blockerprod200_difficulty1-3	v2blockerprod	v2blockerprod200	1	3
2184	v2blockerprod_v2blockerprod200_difficulty1-4	v2blockerprod	v2blockerprod200	1	4
2185	v2blockerprod_v2blockerprod200_difficulty1-5	v2blockerprod	v2blockerprod200	1	5
2186	v2blockerprod_v2blockerprod201_difficulty1-1	v2blockerprod	v2blockerprod201	1	1
2187	v2blockerprod_v2blockerprod201_difficulty1-2	v2blockerprod	v2blockerprod201	1	2
2188	v2blockerprod_v2blockerprod201_difficulty1-3	v2blockerprod	v2blockerprod201	1	3
2189	v2blockerprod_v2blockerprod201_difficulty1-4	v2blockerprod	v2blockerprod201	1	4
2190	v2blockerprod_v2blockerprod201_difficulty1-5	v2blockerprod	v2blockerprod201	1	5
2191	v2blockerprod_v2blockerprod202_difficulty1-1	v2blockerprod	v2blockerprod202	1	1
2192	v2blockerprod_v2blockerprod202_difficulty1-2	v2blockerprod	v2blockerprod202	1	2
2193	v2blockerprod_v2blockerprod202_difficulty1-3	v2blockerprod	v2blockerprod202	1	3
2194	v2blockerprod_v2blockerprod202_difficulty1-4	v2blockerprod	v2blockerprod202	1	4
2195	v2blockerprod_v2blockerprod202_difficulty1-5	v2blockerprod	v2blockerprod202	1	5
2196	v2blockerprod_v2blockerprod203_difficulty1-10	v2blockerprod	v2blockerprod203	1	10
2197	v2blockerprod_v2blockerprod203_difficulty1-6	v2blockerprod	v2blockerprod203	1	6
2198	v2blockerprod_v2blockerprod203_difficulty1-7	v2blockerprod	v2blockerprod203	1	7
2199	v2blockerprod_v2blockerprod203_difficulty1-8	v2blockerprod	v2blockerprod203	1	8
2200	v2blockerprod_v2blockerprod203_difficulty1-9	v2blockerprod	v2blockerprod203	1	9
2201	v2blockerprod_v2blockerprod204_difficulty4-10	v2blockerprod	v2blockerprod204	4	10
2202	v2blockerprod_v2blockerprod204_difficulty4-6	v2blockerprod	v2blockerprod204	4	6
2203	v2blockerprod_v2blockerprod204_difficulty4-7	v2blockerprod	v2blockerprod204	4	7
2204	v2blockerprod_v2blockerprod204_difficulty4-8	v2blockerprod	v2blockerprod204	4	8
2205	v2blockerprod_v2blockerprod204_difficulty4-9	v2blockerprod	v2blockerprod204	4	9
2206	v2blockerprod_v2blockerprod205_difficulty1-1	v2blockerprod	v2blockerprod205	1	1
2207	v2blockerprod_v2blockerprod205_difficulty1-2	v2blockerprod	v2blockerprod205	1	2
2208	v2blockerprod_v2blockerprod205_difficulty1-3	v2blockerprod	v2blockerprod205	1	3
2209	v2blockerprod_v2blockerprod205_difficulty1-4	v2blockerprod	v2blockerprod205	1	4
2210	v2blockerprod_v2blockerprod205_difficulty1-5	v2blockerprod	v2blockerprod205	1	5
2211	v2blockerprod_v2blockerprod206_difficulty1-2	v2blockerprod	v2blockerprod206	1	2
2212	v2blockerprod_v2blockerprod206_difficulty1-5	v2blockerprod	v2blockerprod206	1	5
2213	v2blockerprod_v2blockerprod206_difficulty2-1	v2blockerprod	v2blockerprod206	2	1
2214	v2blockerprod_v2blockerprod206_difficulty2-3	v2blockerprod	v2blockerprod206	2	3
2215	v2blockerprod_v2blockerprod206_difficulty2-4	v2blockerprod	v2blockerprod206	2	4
2216	v2blockerprod_v2blockerprod207_difficulty3-2	v2blockerprod	v2blockerprod207	3	2
2217	v2blockerprod_v2blockerprod207_difficulty3-3	v2blockerprod	v2blockerprod207	3	3
2218	v2blockerprod_v2blockerprod207_difficulty3-4	v2blockerprod	v2blockerprod207	3	4
2219	v2blockerprod_v2blockerprod207_difficulty4-1	v2blockerprod	v2blockerprod207	4	1
2220	v2blockerprod_v2blockerprod207_difficulty4-5	v2blockerprod	v2blockerprod207	4	5
2221	v2blockerprod_v2blockerprod208_difficulty1-2	v2blockerprod	v2blockerprod208	1	2
2222	v2blockerprod_v2blockerprod208_difficulty1-4	v2blockerprod	v2blockerprod208	1	4
2223	v2blockerprod_v2blockerprod208_difficulty1-5	v2blockerprod	v2blockerprod208	1	5
2224	v2blockerprod_v2blockerprod208_difficulty2-1	v2blockerprod	v2blockerprod208	2	1
2225	v2blockerprod_v2blockerprod208_difficulty2-3	v2blockerprod	v2blockerprod208	2	3
2226	v2blockerprod_v2blockerprod209_difficulty5-1	v2blockerprod	v2blockerprod209	5	1
2227	v2blockerprod_v2blockerprod209_difficulty5-2	v2blockerprod	v2blockerprod209	5	2
2228	v2blockerprod_v2blockerprod209_difficulty5-3	v2blockerprod	v2blockerprod209	5	3
2229	v2blockerprod_v2blockerprod209_difficulty5-4	v2blockerprod	v2blockerprod209	5	4
2230	v2blockerprod_v2blockerprod209_difficulty5-5	v2blockerprod	v2blockerprod209	5	5
2231	v2blockerprod_v2blockerprod210_difficulty1-1	v2blockerprod	v2blockerprod210	1	1
2232	v2blockerprod_v2blockerprod210_difficulty1-2	v2blockerprod	v2blockerprod210	1	2
2233	v2blockerprod_v2blockerprod210_difficulty1-3	v2blockerprod	v2blockerprod210	1	3
2234	v2blockerprod_v2blockerprod210_difficulty1-4	v2blockerprod	v2blockerprod210	1	4
2235	v2blockerprod_v2blockerprod210_difficulty1-5	v2blockerprod	v2blockerprod210	1	5
2236	v2blockerprod_v2blockerprod211_difficulty1-1	v2blockerprod	v2blockerprod211	1	1
2237	v2blockerprod_v2blockerprod211_difficulty1-4	v2blockerprod	v2blockerprod211	1	4
2238	v2blockerprod_v2blockerprod211_difficulty2-2	v2blockerprod	v2blockerprod211	2	2
2239	v2blockerprod_v2blockerprod211_difficulty2-3	v2blockerprod	v2blockerprod211	2	3
2240	v2blockerprod_v2blockerprod211_difficulty2-5	v2blockerprod	v2blockerprod211	2	5
2241	v2blockerprod_v2blockerprod212_difficulty3-1	v2blockerprod	v2blockerprod212	3	1
2242	v2blockerprod_v2blockerprod212_difficulty3-3	v2blockerprod	v2blockerprod212	3	3
2243	v2blockerprod_v2blockerprod212_difficulty3-4	v2blockerprod	v2blockerprod212	3	4
2244	v2blockerprod_v2blockerprod212_difficulty3-5	v2blockerprod	v2blockerprod212	3	5
2245	v2blockerprod_v2blockerprod212_difficulty4-2	v2blockerprod	v2blockerprod212	4	2
2246	v2blockerprod_v2blockerprod213_difficulty1-4	v2blockerprod	v2blockerprod213	1	4
2247	v2blockerprod_v2blockerprod213_difficulty2-1	v2blockerprod	v2blockerprod213	2	1
2248	v2blockerprod_v2blockerprod213_difficulty2-2	v2blockerprod	v2blockerprod213	2	2
2249	v2blockerprod_v2blockerprod213_difficulty2-3	v2blockerprod	v2blockerprod213	2	3
2250	v2blockerprod_v2blockerprod213_difficulty2-5	v2blockerprod	v2blockerprod213	2	5
2251	v2blockerprod_v2blockerprod214_difficulty4-10	v2blockerprod	v2blockerprod214	4	10
2252	v2blockerprod_v2blockerprod214_difficulty5-6	v2blockerprod	v2blockerprod214	5	6
2253	v2blockerprod_v2blockerprod214_difficulty5-7	v2blockerprod	v2blockerprod214	5	7
2254	v2blockerprod_v2blockerprod214_difficulty5-8	v2blockerprod	v2blockerprod214	5	8
2255	v2blockerprod_v2blockerprod214_difficulty5-9	v2blockerprod	v2blockerprod214	5	9
2256	v2blockerprod_v2blockerprod215_difficulty1-1	v2blockerprod	v2blockerprod215	1	1
2257	v2blockerprod_v2blockerprod215_difficulty1-2	v2blockerprod	v2blockerprod215	1	2
2258	v2blockerprod_v2blockerprod215_difficulty1-3	v2blockerprod	v2blockerprod215	1	3
2259	v2blockerprod_v2blockerprod215_difficulty1-4	v2blockerprod	v2blockerprod215	1	4
2260	v2blockerprod_v2blockerprod215_difficulty1-5	v2blockerprod	v2blockerprod215	1	5
2261	v2blockerprod_v2blockerprod216_difficulty1-1	v2blockerprod	v2blockerprod216	1	1
2262	v2blockerprod_v2blockerprod216_difficulty1-2	v2blockerprod	v2blockerprod216	1	2
2263	v2blockerprod_v2blockerprod216_difficulty1-3	v2blockerprod	v2blockerprod216	1	3
2264	v2blockerprod_v2blockerprod216_difficulty1-4	v2blockerprod	v2blockerprod216	1	4
2265	v2blockerprod_v2blockerprod216_difficulty2-5	v2blockerprod	v2blockerprod216	2	5
2266	v2blockerprod_v2blockerprod217_difficulty3-2	v2blockerprod	v2blockerprod217	3	2
2267	v2blockerprod_v2blockerprod217_difficulty3-3	v2blockerprod	v2blockerprod217	3	3
2268	v2blockerprod_v2blockerprod217_difficulty3-5	v2blockerprod	v2blockerprod217	3	5
2269	v2blockerprod_v2blockerprod217_difficulty4-1	v2blockerprod	v2blockerprod217	4	1
2270	v2blockerprod_v2blockerprod217_difficulty4-4	v2blockerprod	v2blockerprod217	4	4
2271	v2blockerprod_v2blockerprod218_difficulty1-2	v2blockerprod	v2blockerprod218	1	2
2272	v2blockerprod_v2blockerprod218_difficulty1-4	v2blockerprod	v2blockerprod218	1	4
2273	v2blockerprod_v2blockerprod218_difficulty2-1	v2blockerprod	v2blockerprod218	2	1
2274	v2blockerprod_v2blockerprod218_difficulty2-3	v2blockerprod	v2blockerprod218	2	3
2275	v2blockerprod_v2blockerprod218_difficulty2-5	v2blockerprod	v2blockerprod218	2	5
2276	v2blockerprod_v2blockerprod219_difficulty5-4	v2blockerprod	v2blockerprod219	5	4
2277	v2blockerprod_v2blockerprod219_difficulty5-5	v2blockerprod	v2blockerprod219	5	5
2278	v2blockerprod_v2blockerprod219_difficulty6-2	v2blockerprod	v2blockerprod219	6	2
2279	v2blockerprod_v2blockerprod219_difficulty7-1	v2blockerprod	v2blockerprod219	7	1
2280	v2blockerprod_v2blockerprod219_difficulty7-3	v2blockerprod	v2blockerprod219	7	3
2281	v2blockerprod_v2blockerprod220_difficulty1-1	v2blockerprod	v2blockerprod220	1	1
2282	v2blockerprod_v2blockerprod220_difficulty1-2	v2blockerprod	v2blockerprod220	1	2
2283	v2blockerprod_v2blockerprod220_difficulty1-3	v2blockerprod	v2blockerprod220	1	3
2284	v2blockerprod_v2blockerprod220_difficulty1-4	v2blockerprod	v2blockerprod220	1	4
2285	v2blockerprod_v2blockerprod220_difficulty1-5	v2blockerprod	v2blockerprod220	1	5
2286	v2blockerprod_v2blockerprod221_difficulty1-2	v2blockerprod	v2blockerprod221	1	2
2287	v2blockerprod_v2blockerprod221_difficulty1-4	v2blockerprod	v2blockerprod221	1	4
2288	v2blockerprod_v2blockerprod221_difficulty1-5	v2blockerprod	v2blockerprod221	1	5
2289	v2blockerprod_v2blockerprod221_difficulty2-1	v2blockerprod	v2blockerprod221	2	1
2290	v2blockerprod_v2blockerprod221_difficulty2-3	v2blockerprod	v2blockerprod221	2	3
2291	v2blockerprod_v2blockerprod222_difficulty3-1	v2blockerprod	v2blockerprod222	3	1
2292	v2blockerprod_v2blockerprod222_difficulty3-2	v2blockerprod	v2blockerprod222	3	2
2293	v2blockerprod_v2blockerprod222_difficulty3-5	v2blockerprod	v2blockerprod222	3	5
2294	v2blockerprod_v2blockerprod222_difficulty4-3	v2blockerprod	v2blockerprod222	4	3
2295	v2blockerprod_v2blockerprod222_difficulty4-4	v2blockerprod	v2blockerprod222	4	4
2296	v2blockerprod_v2blockerprod223_difficulty1-1	v2blockerprod	v2blockerprod223	1	1
2297	v2blockerprod_v2blockerprod223_difficulty1-2	v2blockerprod	v2blockerprod223	1	2
2298	v2blockerprod_v2blockerprod223_difficulty1-3	v2blockerprod	v2blockerprod223	1	3
2299	v2blockerprod_v2blockerprod223_difficulty1-4	v2blockerprod	v2blockerprod223	1	4
2300	v2blockerprod_v2blockerprod223_difficulty2-5	v2blockerprod	v2blockerprod223	2	5
2301	v2blockerprod_v2blockerprod224_difficulty5-1	v2blockerprod	v2blockerprod224	5	1
2302	v2blockerprod_v2blockerprod224_difficulty5-2	v2blockerprod	v2blockerprod224	5	2
2303	v2blockerprod_v2blockerprod224_difficulty5-3	v2blockerprod	v2blockerprod224	5	3
2304	v2blockerprod_v2blockerprod224_difficulty5-4	v2blockerprod	v2blockerprod224	5	4
2305	v2blockerprod_v2blockerprod224_difficulty5-5	v2blockerprod	v2blockerprod224	5	5
2306	v2blockerprod_v2blockerprod225_difficulty1-1	v2blockerprod	v2blockerprod225	1	1
2307	v2blockerprod_v2blockerprod225_difficulty1-2	v2blockerprod	v2blockerprod225	1	2
2308	v2blockerprod_v2blockerprod225_difficulty1-3	v2blockerprod	v2blockerprod225	1	3
2309	v2blockerprod_v2blockerprod225_difficulty1-4	v2blockerprod	v2blockerprod225	1	4
2310	v2blockerprod_v2blockerprod225_difficulty1-5	v2blockerprod	v2blockerprod225	1	5
2311	v2blockerprod_v2blockerprod226_difficulty1-5	v2blockerprod	v2blockerprod226	1	5
2312	v2blockerprod_v2blockerprod226_difficulty2-1	v2blockerprod	v2blockerprod226	2	1
2313	v2blockerprod_v2blockerprod226_difficulty2-2	v2blockerprod	v2blockerprod226	2	2
2314	v2blockerprod_v2blockerprod226_difficulty2-3	v2blockerprod	v2blockerprod226	2	3
2315	v2blockerprod_v2blockerprod226_difficulty2-4	v2blockerprod	v2blockerprod226	2	4
2316	v2blockerprod_v2blockerprod227_difficulty3-2	v2blockerprod	v2blockerprod227	3	2
2317	v2blockerprod_v2blockerprod227_difficulty3-3	v2blockerprod	v2blockerprod227	3	3
2318	v2blockerprod_v2blockerprod227_difficulty3-4	v2blockerprod	v2blockerprod227	3	4
2319	v2blockerprod_v2blockerprod227_difficulty3-5	v2blockerprod	v2blockerprod227	3	5
2320	v2blockerprod_v2blockerprod227_difficulty4-1	v2blockerprod	v2blockerprod227	4	1
2321	v2blockerprod_v2blockerprod228_difficulty1-1	v2blockerprod	v2blockerprod228	1	1
2322	v2blockerprod_v2blockerprod228_difficulty2-2	v2blockerprod	v2blockerprod228	2	2
2323	v2blockerprod_v2blockerprod228_difficulty2-3	v2blockerprod	v2blockerprod228	2	3
2324	v2blockerprod_v2blockerprod228_difficulty2-4	v2blockerprod	v2blockerprod228	2	4
2325	v2blockerprod_v2blockerprod228_difficulty2-5	v2blockerprod	v2blockerprod228	2	5
2326	v2blockerprod_v2blockerprod229_difficulty6-7	v2blockerprod	v2blockerprod229	6	7
2327	v2blockerprod_v2blockerprod229_difficulty6-8	v2blockerprod	v2blockerprod229	6	8
2328	v2blockerprod_v2blockerprod229_difficulty7-10	v2blockerprod	v2blockerprod229	7	10
2329	v2blockerprod_v2blockerprod229_difficulty7-6	v2blockerprod	v2blockerprod229	7	6
2330	v2blockerprod_v2blockerprod229_difficulty7-9	v2blockerprod	v2blockerprod229	7	9
2331	v2blockerprod_v2blockerprod230_difficulty1-1	v2blockerprod	v2blockerprod230	1	1
2332	v2blockerprod_v2blockerprod230_difficulty1-2	v2blockerprod	v2blockerprod230	1	2
2333	v2blockerprod_v2blockerprod230_difficulty1-3	v2blockerprod	v2blockerprod230	1	3
2334	v2blockerprod_v2blockerprod230_difficulty1-4	v2blockerprod	v2blockerprod230	1	4
2335	v2blockerprod_v2blockerprod230_difficulty1-5	v2blockerprod	v2blockerprod230	1	5
2336	v2blockerprod_v2blockerprod231_difficulty1-1	v2blockerprod	v2blockerprod231	1	1
2337	v2blockerprod_v2blockerprod231_difficulty1-2	v2blockerprod	v2blockerprod231	1	2
2338	v2blockerprod_v2blockerprod231_difficulty1-3	v2blockerprod	v2blockerprod231	1	3
2339	v2blockerprod_v2blockerprod231_difficulty2-4	v2blockerprod	v2blockerprod231	2	4
2340	v2blockerprod_v2blockerprod231_difficulty2-5	v2blockerprod	v2blockerprod231	2	5
2341	v2blockerprod_v2blockerprod232_difficulty3-1	v2blockerprod	v2blockerprod232	3	1
2342	v2blockerprod_v2blockerprod232_difficulty3-2	v2blockerprod	v2blockerprod232	3	2
2343	v2blockerprod_v2blockerprod232_difficulty3-3	v2blockerprod	v2blockerprod232	3	3
2344	v2blockerprod_v2blockerprod232_difficulty3-5	v2blockerprod	v2blockerprod232	3	5
2345	v2blockerprod_v2blockerprod232_difficulty4-4	v2blockerprod	v2blockerprod232	4	4
2346	v2blockerprod_v2blockerprod233_difficulty1-1	v2blockerprod	v2blockerprod233	1	1
2347	v2blockerprod_v2blockerprod233_difficulty1-3	v2blockerprod	v2blockerprod233	1	3
2348	v2blockerprod_v2blockerprod233_difficulty1-4	v2blockerprod	v2blockerprod233	1	4
2349	v2blockerprod_v2blockerprod233_difficulty1-5	v2blockerprod	v2blockerprod233	1	5
2350	v2blockerprod_v2blockerprod233_difficulty2-2	v2blockerprod	v2blockerprod233	2	2
2351	v2blockerprod_v2blockerprod234_difficulty5-10	v2blockerprod	v2blockerprod234	5	10
2352	v2blockerprod_v2blockerprod234_difficulty5-6	v2blockerprod	v2blockerprod234	5	6
2353	v2blockerprod_v2blockerprod234_difficulty5-7	v2blockerprod	v2blockerprod234	5	7
2354	v2blockerprod_v2blockerprod234_difficulty5-8	v2blockerprod	v2blockerprod234	5	8
2355	v2blockerprod_v2blockerprod234_difficulty5-9	v2blockerprod	v2blockerprod234	5	9
2356	v2blockerprod_v2blockerprod235_difficulty1-1	v2blockerprod	v2blockerprod235	1	1
2357	v2blockerprod_v2blockerprod235_difficulty1-2	v2blockerprod	v2blockerprod235	1	2
2358	v2blockerprod_v2blockerprod235_difficulty1-3	v2blockerprod	v2blockerprod235	1	3
2359	v2blockerprod_v2blockerprod235_difficulty1-4	v2blockerprod	v2blockerprod235	1	4
2360	v2blockerprod_v2blockerprod235_difficulty1-5	v2blockerprod	v2blockerprod235	1	5
2361	v2blockerprod_v2blockerprod236_difficulty1-4	v2blockerprod	v2blockerprod236	1	4
2362	v2blockerprod_v2blockerprod236_difficulty2-1	v2blockerprod	v2blockerprod236	2	1
2363	v2blockerprod_v2blockerprod236_difficulty2-2	v2blockerprod	v2blockerprod236	2	2
2364	v2blockerprod_v2blockerprod236_difficulty2-3	v2blockerprod	v2blockerprod236	2	3
2365	v2blockerprod_v2blockerprod236_difficulty2-5	v2blockerprod	v2blockerprod236	2	5
2366	v2blockerprod_v2blockerprod237_difficulty3-1	v2blockerprod	v2blockerprod237	3	1
2367	v2blockerprod_v2blockerprod237_difficulty3-3	v2blockerprod	v2blockerprod237	3	3
2368	v2blockerprod_v2blockerprod237_difficulty3-4	v2blockerprod	v2blockerprod237	3	4
2369	v2blockerprod_v2blockerprod237_difficulty4-2	v2blockerprod	v2blockerprod237	4	2
2370	v2blockerprod_v2blockerprod237_difficulty4-5	v2blockerprod	v2blockerprod237	4	5
2371	v2blockerprod_v2blockerprod238_difficulty1-1	v2blockerprod	v2blockerprod238	1	1
2372	v2blockerprod_v2blockerprod238_difficulty1-3	v2blockerprod	v2blockerprod238	1	3
2373	v2blockerprod_v2blockerprod238_difficulty2-2	v2blockerprod	v2blockerprod238	2	2
2374	v2blockerprod_v2blockerprod238_difficulty2-4	v2blockerprod	v2blockerprod238	2	4
2375	v2blockerprod_v2blockerprod238_difficulty2-5	v2blockerprod	v2blockerprod238	2	5
2376	v2blockerprod_v2blockerprod239_difficulty5-7	v2blockerprod	v2blockerprod239	5	7
2377	v2blockerprod_v2blockerprod239_difficulty5-9	v2blockerprod	v2blockerprod239	5	9
2378	v2blockerprod_v2blockerprod239_difficulty6-10	v2blockerprod	v2blockerprod239	6	10
2379	v2blockerprod_v2blockerprod239_difficulty7-11	v2blockerprod	v2blockerprod239	7	11
2380	v2blockerprod_v2blockerprod239_difficulty7-8	v2blockerprod	v2blockerprod239	7	8
2381	v2blockerprod_v2blockerprod240_difficulty1-1	v2blockerprod	v2blockerprod240	1	1
2382	v2blockerprod_v2blockerprod240_difficulty1-2	v2blockerprod	v2blockerprod240	1	2
2383	v2blockerprod_v2blockerprod240_difficulty1-3	v2blockerprod	v2blockerprod240	1	3
2384	v2blockerprod_v2blockerprod240_difficulty1-4	v2blockerprod	v2blockerprod240	1	4
2385	v2blockerprod_v2blockerprod240_difficulty1-5	v2blockerprod	v2blockerprod240	1	5
2386	v2blockerprod_v2blockerprod241_difficulty2-1	v2blockerprod	v2blockerprod241	2	1
2387	v2blockerprod_v2blockerprod241_difficulty2-2	v2blockerprod	v2blockerprod241	2	2
2388	v2blockerprod_v2blockerprod241_difficulty2-3	v2blockerprod	v2blockerprod241	2	3
2389	v2blockerprod_v2blockerprod241_difficulty2-4	v2blockerprod	v2blockerprod241	2	4
2390	v2blockerprod_v2blockerprod241_difficulty2-5	v2blockerprod	v2blockerprod241	2	5
2391	v2blockerprod_v2blockerprod242_difficulty3-2	v2blockerprod	v2blockerprod242	3	2
2392	v2blockerprod_v2blockerprod242_difficulty3-3	v2blockerprod	v2blockerprod242	3	3
2393	v2blockerprod_v2blockerprod242_difficulty3-4	v2blockerprod	v2blockerprod242	3	4
2394	v2blockerprod_v2blockerprod242_difficulty4-1	v2blockerprod	v2blockerprod242	4	1
2395	v2blockerprod_v2blockerprod242_difficulty4-5	v2blockerprod	v2blockerprod242	4	5
2396	v2blockerprod_v2blockerprod243_difficulty2-1	v2blockerprod	v2blockerprod243	2	1
2397	v2blockerprod_v2blockerprod243_difficulty2-2	v2blockerprod	v2blockerprod243	2	2
2398	v2blockerprod_v2blockerprod243_difficulty2-3	v2blockerprod	v2blockerprod243	2	3
2399	v2blockerprod_v2blockerprod243_difficulty2-4	v2blockerprod	v2blockerprod243	2	4
2400	v2blockerprod_v2blockerprod243_difficulty2-5	v2blockerprod	v2blockerprod243	2	5
2401	v2blockerprod_v2blockerprod244_difficulty5-10	v2blockerprod	v2blockerprod244	5	10
2402	v2blockerprod_v2blockerprod244_difficulty5-8	v2blockerprod	v2blockerprod244	5	8
2403	v2blockerprod_v2blockerprod244_difficulty6-6	v2blockerprod	v2blockerprod244	6	6
2404	v2blockerprod_v2blockerprod244_difficulty6-9	v2blockerprod	v2blockerprod244	6	9
2405	v2blockerprod_v2blockerprod244_difficulty7-7	v2blockerprod	v2blockerprod244	7	7
2406	v2blockerprod_v2blockerprod245_difficulty1-1	v2blockerprod	v2blockerprod245	1	1
2407	v2blockerprod_v2blockerprod245_difficulty1-2	v2blockerprod	v2blockerprod245	1	2
2408	v2blockerprod_v2blockerprod245_difficulty1-3	v2blockerprod	v2blockerprod245	1	3
2409	v2blockerprod_v2blockerprod245_difficulty1-4	v2blockerprod	v2blockerprod245	1	4
2410	v2blockerprod_v2blockerprod245_difficulty1-5	v2blockerprod	v2blockerprod245	1	5
2411	v2blockerprod_v2blockerprod246_difficulty2-1	v2blockerprod	v2blockerprod246	2	1
2412	v2blockerprod_v2blockerprod246_difficulty2-2	v2blockerprod	v2blockerprod246	2	2
2413	v2blockerprod_v2blockerprod246_difficulty2-3	v2blockerprod	v2blockerprod246	2	3
2414	v2blockerprod_v2blockerprod246_difficulty2-4	v2blockerprod	v2blockerprod246	2	4
2415	v2blockerprod_v2blockerprod246_difficulty2-5	v2blockerprod	v2blockerprod246	2	5
2416	v2blockerprod_v2blockerprod247_difficulty3-2	v2blockerprod	v2blockerprod247	3	2
2417	v2blockerprod_v2blockerprod247_difficulty3-3	v2blockerprod	v2blockerprod247	3	3
2418	v2blockerprod_v2blockerprod247_difficulty3-4	v2blockerprod	v2blockerprod247	3	4
2419	v2blockerprod_v2blockerprod247_difficulty3-5	v2blockerprod	v2blockerprod247	3	5
2420	v2blockerprod_v2blockerprod247_difficulty4-1	v2blockerprod	v2blockerprod247	4	1
2421	v2blockerprod_v2blockerprod248_difficulty2-1	v2blockerprod	v2blockerprod248	2	1
2422	v2blockerprod_v2blockerprod248_difficulty2-2	v2blockerprod	v2blockerprod248	2	2
2423	v2blockerprod_v2blockerprod248_difficulty2-3	v2blockerprod	v2blockerprod248	2	3
2424	v2blockerprod_v2blockerprod248_difficulty2-4	v2blockerprod	v2blockerprod248	2	4
2425	v2blockerprod_v2blockerprod248_difficulty2-5	v2blockerprod	v2blockerprod248	2	5
2426	v2blockerprod_v2blockerprod249_difficulty6-1	v2blockerprod	v2blockerprod249	6	1
2427	v2blockerprod_v2blockerprod249_difficulty6-4	v2blockerprod	v2blockerprod249	6	4
2428	v2blockerprod_v2blockerprod249_difficulty7-2	v2blockerprod	v2blockerprod249	7	2
2429	v2blockerprod_v2blockerprod249_difficulty7-3	v2blockerprod	v2blockerprod249	7	3
2430	v2blockerprod_v2blockerprod249_difficulty7-5	v2blockerprod	v2blockerprod249	7	5
2431	v2blockerprod_v2blockerprod250_difficulty1-11	v2blockerprod	v2blockerprod250	1	11
2432	v2blockerprod_v2blockerprod250_difficulty1-12	v2blockerprod	v2blockerprod250	1	12
2433	v2blockerprod_v2blockerprod250_difficulty1-13	v2blockerprod	v2blockerprod250	1	13
2434	v2blockerprod_v2blockerprod250_difficulty1-14	v2blockerprod	v2blockerprod250	1	14
2435	v2blockerprod_v2blockerprod250_difficulty1-15	v2blockerprod	v2blockerprod250	1	15
2436	v2blockerprod_v2blockerprod251_difficulty1-1	v2blockerprod	v2blockerprod251	1	1
2437	v2blockerprod_v2blockerprod251_difficulty1-2	v2blockerprod	v2blockerprod251	1	2
2438	v2blockerprod_v2blockerprod251_difficulty1-3	v2blockerprod	v2blockerprod251	1	3
2439	v2blockerprod_v2blockerprod251_difficulty1-4	v2blockerprod	v2blockerprod251	1	4
2440	v2blockerprod_v2blockerprod251_difficulty1-5	v2blockerprod	v2blockerprod251	1	5
2441	v2blockerprod_v2blockerprod252_difficulty1-1	v2blockerprod	v2blockerprod252	1	1
2442	v2blockerprod_v2blockerprod252_difficulty1-2	v2blockerprod	v2blockerprod252	1	2
2443	v2blockerprod_v2blockerprod252_difficulty1-3	v2blockerprod	v2blockerprod252	1	3
2444	v2blockerprod_v2blockerprod252_difficulty1-4	v2blockerprod	v2blockerprod252	1	4
2445	v2blockerprod_v2blockerprod252_difficulty1-5	v2blockerprod	v2blockerprod252	1	5
2446	v2blockerprod_v2blockerprod253_difficulty1-1	v2blockerprod	v2blockerprod253	1	1
2447	v2blockerprod_v2blockerprod253_difficulty1-2	v2blockerprod	v2blockerprod253	1	2
2448	v2blockerprod_v2blockerprod253_difficulty1-3	v2blockerprod	v2blockerprod253	1	3
2449	v2blockerprod_v2blockerprod253_difficulty1-4	v2blockerprod	v2blockerprod253	1	4
2450	v2blockerprod_v2blockerprod253_difficulty1-5	v2blockerprod	v2blockerprod253	1	5
2451	v2blockerprod_v2blockerprod254_difficulty4-1	v2blockerprod	v2blockerprod254	4	1
2452	v2blockerprod_v2blockerprod254_difficulty4-3	v2blockerprod	v2blockerprod254	4	3
2453	v2blockerprod_v2blockerprod254_difficulty4-4	v2blockerprod	v2blockerprod254	4	4
2454	v2blockerprod_v2blockerprod254_difficulty5-2	v2blockerprod	v2blockerprod254	5	2
2455	v2blockerprod_v2blockerprod254_difficulty5-5	v2blockerprod	v2blockerprod254	5	5
2456	v2blockerprod_v2blockerprod255_difficulty1-1	v2blockerprod	v2blockerprod255	1	1
2457	v2blockerprod_v2blockerprod255_difficulty1-2	v2blockerprod	v2blockerprod255	1	2
2458	v2blockerprod_v2blockerprod255_difficulty1-3	v2blockerprod	v2blockerprod255	1	3
2459	v2blockerprod_v2blockerprod255_difficulty1-4	v2blockerprod	v2blockerprod255	1	4
2460	v2blockerprod_v2blockerprod255_difficulty1-5	v2blockerprod	v2blockerprod255	1	5
2461	v2blockerprod_v2blockerprod256_difficulty1-2	v2blockerprod	v2blockerprod256	1	2
2462	v2blockerprod_v2blockerprod256_difficulty2-1	v2blockerprod	v2blockerprod256	2	1
2463	v2blockerprod_v2blockerprod256_difficulty2-3	v2blockerprod	v2blockerprod256	2	3
2464	v2blockerprod_v2blockerprod256_difficulty2-4	v2blockerprod	v2blockerprod256	2	4
2465	v2blockerprod_v2blockerprod256_difficulty2-5	v2blockerprod	v2blockerprod256	2	5
2466	v2blockerprod_v2blockerprod257_difficulty3-2	v2blockerprod	v2blockerprod257	3	2
2467	v2blockerprod_v2blockerprod257_difficulty3-3	v2blockerprod	v2blockerprod257	3	3
2468	v2blockerprod_v2blockerprod257_difficulty3-4	v2blockerprod	v2blockerprod257	3	4
2469	v2blockerprod_v2blockerprod257_difficulty4-1	v2blockerprod	v2blockerprod257	4	1
2470	v2blockerprod_v2blockerprod257_difficulty4-5	v2blockerprod	v2blockerprod257	4	5
2471	v2blockerprod_v2blockerprod258_difficulty1-1	v2blockerprod	v2blockerprod258	1	1
2472	v2blockerprod_v2blockerprod258_difficulty1-2	v2blockerprod	v2blockerprod258	1	2
2473	v2blockerprod_v2blockerprod258_difficulty1-3	v2blockerprod	v2blockerprod258	1	3
2474	v2blockerprod_v2blockerprod258_difficulty2-4	v2blockerprod	v2blockerprod258	2	4
2475	v2blockerprod_v2blockerprod258_difficulty2-5	v2blockerprod	v2blockerprod258	2	5
2476	v2blockerprod_v2blockerprod259_difficulty5-2	v2blockerprod	v2blockerprod259	5	2
2477	v2blockerprod_v2blockerprod259_difficulty5-3	v2blockerprod	v2blockerprod259	5	3
2478	v2blockerprod_v2blockerprod259_difficulty6-1	v2blockerprod	v2blockerprod259	6	1
2479	v2blockerprod_v2blockerprod259_difficulty6-5	v2blockerprod	v2blockerprod259	6	5
2480	v2blockerprod_v2blockerprod259_difficulty7-4	v2blockerprod	v2blockerprod259	7	4
2481	v2blockerprod_v2blockerprod260_difficulty1-1	v2blockerprod	v2blockerprod260	1	1
2482	v2blockerprod_v2blockerprod260_difficulty1-2	v2blockerprod	v2blockerprod260	1	2
2483	v2blockerprod_v2blockerprod260_difficulty1-3	v2blockerprod	v2blockerprod260	1	3
2484	v2blockerprod_v2blockerprod260_difficulty1-4	v2blockerprod	v2blockerprod260	1	4
2485	v2blockerprod_v2blockerprod260_difficulty1-5	v2blockerprod	v2blockerprod260	1	5
2486	v2blockerprod_v2blockerprod261_difficulty1-1	v2blockerprod	v2blockerprod261	1	1
2487	v2blockerprod_v2blockerprod261_difficulty1-2	v2blockerprod	v2blockerprod261	1	2
2488	v2blockerprod_v2blockerprod261_difficulty1-3	v2blockerprod	v2blockerprod261	1	3
2489	v2blockerprod_v2blockerprod261_difficulty1-4	v2blockerprod	v2blockerprod261	1	4
2490	v2blockerprod_v2blockerprod261_difficulty1-5	v2blockerprod	v2blockerprod261	1	5
2491	v2blockerprod_v2blockerprod262_difficulty3-1	v2blockerprod	v2blockerprod262	3	1
2492	v2blockerprod_v2blockerprod262_difficulty3-2	v2blockerprod	v2blockerprod262	3	2
2493	v2blockerprod_v2blockerprod262_difficulty3-3	v2blockerprod	v2blockerprod262	3	3
2494	v2blockerprod_v2blockerprod262_difficulty3-4	v2blockerprod	v2blockerprod262	3	4
2495	v2blockerprod_v2blockerprod262_difficulty3-5	v2blockerprod	v2blockerprod262	3	5
2496	v2blockerprod_v2blockerprod263_difficulty1-1	v2blockerprod	v2blockerprod263	1	1
2497	v2blockerprod_v2blockerprod263_difficulty1-2	v2blockerprod	v2blockerprod263	1	2
2498	v2blockerprod_v2blockerprod263_difficulty1-3	v2blockerprod	v2blockerprod263	1	3
2499	v2blockerprod_v2blockerprod263_difficulty1-4	v2blockerprod	v2blockerprod263	1	4
2500	v2blockerprod_v2blockerprod263_difficulty1-5	v2blockerprod	v2blockerprod263	1	5
2501	v2blockerprod_v2blockerprod264_difficulty5-1	v2blockerprod	v2blockerprod264	5	1
2502	v2blockerprod_v2blockerprod264_difficulty5-2	v2blockerprod	v2blockerprod264	5	2
2503	v2blockerprod_v2blockerprod264_difficulty5-3	v2blockerprod	v2blockerprod264	5	3
2504	v2blockerprod_v2blockerprod264_difficulty5-4	v2blockerprod	v2blockerprod264	5	4
2505	v2blockerprod_v2blockerprod264_difficulty5-5	v2blockerprod	v2blockerprod264	5	5
2506	v2blockerprod_v2blockerprod265_difficulty1-1	v2blockerprod	v2blockerprod265	1	1
2507	v2blockerprod_v2blockerprod265_difficulty1-2	v2blockerprod	v2blockerprod265	1	2
2508	v2blockerprod_v2blockerprod265_difficulty1-3	v2blockerprod	v2blockerprod265	1	3
2509	v2blockerprod_v2blockerprod265_difficulty1-4	v2blockerprod	v2blockerprod265	1	4
2510	v2blockerprod_v2blockerprod265_difficulty1-5	v2blockerprod	v2blockerprod265	1	5
2511	v2blockerprod_v2blockerprod266_difficulty2-1	v2blockerprod	v2blockerprod266	2	1
2512	v2blockerprod_v2blockerprod266_difficulty2-2	v2blockerprod	v2blockerprod266	2	2
2513	v2blockerprod_v2blockerprod266_difficulty2-3	v2blockerprod	v2blockerprod266	2	3
2514	v2blockerprod_v2blockerprod266_difficulty2-4	v2blockerprod	v2blockerprod266	2	4
2515	v2blockerprod_v2blockerprod266_difficulty2-5	v2blockerprod	v2blockerprod266	2	5
2516	v2blockerprod_v2blockerprod267_difficulty3-1	v2blockerprod	v2blockerprod267	3	1
2517	v2blockerprod_v2blockerprod267_difficulty3-2	v2blockerprod	v2blockerprod267	3	2
2518	v2blockerprod_v2blockerprod267_difficulty3-3	v2blockerprod	v2blockerprod267	3	3
2519	v2blockerprod_v2blockerprod267_difficulty3-4	v2blockerprod	v2blockerprod267	3	4
2520	v2blockerprod_v2blockerprod267_difficulty4-5	v2blockerprod	v2blockerprod267	4	5
2521	v2blockerprod_v2blockerprod268_difficulty2-1	v2blockerprod	v2blockerprod268	2	1
2522	v2blockerprod_v2blockerprod268_difficulty2-2	v2blockerprod	v2blockerprod268	2	2
2523	v2blockerprod_v2blockerprod268_difficulty2-3	v2blockerprod	v2blockerprod268	2	3
2524	v2blockerprod_v2blockerprod268_difficulty2-4	v2blockerprod	v2blockerprod268	2	4
2525	v2blockerprod_v2blockerprod268_difficulty2-5	v2blockerprod	v2blockerprod268	2	5
2526	v2blockerprod_v2blockerprod269_difficulty5-2	v2blockerprod	v2blockerprod269	5	2
2527	v2blockerprod_v2blockerprod269_difficulty6-5	v2blockerprod	v2blockerprod269	6	5
2528	v2blockerprod_v2blockerprod269_difficulty7-1	v2blockerprod	v2blockerprod269	7	1
2529	v2blockerprod_v2blockerprod269_difficulty7-3	v2blockerprod	v2blockerprod269	7	3
2530	v2blockerprod_v2blockerprod269_difficulty7-4	v2blockerprod	v2blockerprod269	7	4
2531	v2blockerprod_v2blockerprod270_difficulty1-1	v2blockerprod	v2blockerprod270	1	1
2532	v2blockerprod_v2blockerprod270_difficulty1-2	v2blockerprod	v2blockerprod270	1	2
2533	v2blockerprod_v2blockerprod270_difficulty1-3	v2blockerprod	v2blockerprod270	1	3
2534	v2blockerprod_v2blockerprod270_difficulty1-4	v2blockerprod	v2blockerprod270	1	4
2535	v2blockerprod_v2blockerprod270_difficulty1-5	v2blockerprod	v2blockerprod270	1	5
2536	v2blockerprod_v2blockerprod271_difficulty1-1	v2blockerprod	v2blockerprod271	1	1
2537	v2blockerprod_v2blockerprod271_difficulty1-2	v2blockerprod	v2blockerprod271	1	2
2538	v2blockerprod_v2blockerprod271_difficulty1-3	v2blockerprod	v2blockerprod271	1	3
2539	v2blockerprod_v2blockerprod271_difficulty1-4	v2blockerprod	v2blockerprod271	1	4
2540	v2blockerprod_v2blockerprod271_difficulty1-5	v2blockerprod	v2blockerprod271	1	5
2541	v2blockerprod_v2blockerprod272_difficulty2-3	v2blockerprod	v2blockerprod272	2	3
2542	v2blockerprod_v2blockerprod272_difficulty3-1	v2blockerprod	v2blockerprod272	3	1
2543	v2blockerprod_v2blockerprod272_difficulty3-2	v2blockerprod	v2blockerprod272	3	2
2544	v2blockerprod_v2blockerprod272_difficulty3-4	v2blockerprod	v2blockerprod272	3	4
2545	v2blockerprod_v2blockerprod272_difficulty3-5	v2blockerprod	v2blockerprod272	3	5
2546	v2blockerprod_v2blockerprod273_difficulty1-1	v2blockerprod	v2blockerprod273	1	1
2547	v2blockerprod_v2blockerprod273_difficulty1-2	v2blockerprod	v2blockerprod273	1	2
2548	v2blockerprod_v2blockerprod273_difficulty1-3	v2blockerprod	v2blockerprod273	1	3
2549	v2blockerprod_v2blockerprod273_difficulty1-4	v2blockerprod	v2blockerprod273	1	4
2550	v2blockerprod_v2blockerprod273_difficulty1-5	v2blockerprod	v2blockerprod273	1	5
2551	v2blockerprod_v2blockerprod274_difficulty5-2	v2blockerprod	v2blockerprod274	5	2
2552	v2blockerprod_v2blockerprod274_difficulty6-1	v2blockerprod	v2blockerprod274	6	1
2553	v2blockerprod_v2blockerprod274_difficulty6-3	v2blockerprod	v2blockerprod274	6	3
2554	v2blockerprod_v2blockerprod274_difficulty6-5	v2blockerprod	v2blockerprod274	6	5
2555	v2blockerprod_v2blockerprod274_difficulty7-4	v2blockerprod	v2blockerprod274	7	4
2556	v2blockerprod_v2blockerprod275_difficulty1-1	v2blockerprod	v2blockerprod275	1	1
2557	v2blockerprod_v2blockerprod275_difficulty1-2	v2blockerprod	v2blockerprod275	1	2
2558	v2blockerprod_v2blockerprod275_difficulty1-3	v2blockerprod	v2blockerprod275	1	3
2559	v2blockerprod_v2blockerprod275_difficulty1-4	v2blockerprod	v2blockerprod275	1	4
2560	v2blockerprod_v2blockerprod275_difficulty1-5	v2blockerprod	v2blockerprod275	1	5
2561	v2blockerprod_v2blockerprod276_difficulty2-1	v2blockerprod	v2blockerprod276	2	1
2562	v2blockerprod_v2blockerprod276_difficulty2-2	v2blockerprod	v2blockerprod276	2	2
2563	v2blockerprod_v2blockerprod276_difficulty2-3	v2blockerprod	v2blockerprod276	2	3
2564	v2blockerprod_v2blockerprod276_difficulty2-4	v2blockerprod	v2blockerprod276	2	4
2565	v2blockerprod_v2blockerprod276_difficulty2-5	v2blockerprod	v2blockerprod276	2	5
2566	v2blockerprod_v2blockerprod277_difficulty3-2	v2blockerprod	v2blockerprod277	3	2
2567	v2blockerprod_v2blockerprod277_difficulty3-3	v2blockerprod	v2blockerprod277	3	3
2568	v2blockerprod_v2blockerprod277_difficulty3-4	v2blockerprod	v2blockerprod277	3	4
2569	v2blockerprod_v2blockerprod277_difficulty3-5	v2blockerprod	v2blockerprod277	3	5
2570	v2blockerprod_v2blockerprod277_difficulty4-1	v2blockerprod	v2blockerprod277	4	1
2571	v2blockerprod_v2blockerprod278_difficulty2-1	v2blockerprod	v2blockerprod278	2	1
2572	v2blockerprod_v2blockerprod278_difficulty2-2	v2blockerprod	v2blockerprod278	2	2
2573	v2blockerprod_v2blockerprod278_difficulty2-3	v2blockerprod	v2blockerprod278	2	3
2574	v2blockerprod_v2blockerprod278_difficulty2-4	v2blockerprod	v2blockerprod278	2	4
2575	v2blockerprod_v2blockerprod278_difficulty2-5	v2blockerprod	v2blockerprod278	2	5
2576	v2blockerprod_v2blockerprod279_difficulty5-1	v2blockerprod	v2blockerprod279	5	1
2577	v2blockerprod_v2blockerprod279_difficulty5-3	v2blockerprod	v2blockerprod279	5	3
2578	v2blockerprod_v2blockerprod279_difficulty6-5	v2blockerprod	v2blockerprod279	6	5
2579	v2blockerprod_v2blockerprod279_difficulty7-2	v2blockerprod	v2blockerprod279	7	2
2580	v2blockerprod_v2blockerprod279_difficulty7-4	v2blockerprod	v2blockerprod279	7	4
2581	v2blockerprod_v2blockerprod280_difficulty1-1	v2blockerprod	v2blockerprod280	1	1
2582	v2blockerprod_v2blockerprod280_difficulty1-2	v2blockerprod	v2blockerprod280	1	2
2583	v2blockerprod_v2blockerprod280_difficulty1-3	v2blockerprod	v2blockerprod280	1	3
2584	v2blockerprod_v2blockerprod280_difficulty1-4	v2blockerprod	v2blockerprod280	1	4
2585	v2blockerprod_v2blockerprod280_difficulty1-5	v2blockerprod	v2blockerprod280	1	5
2586	v2blockerprod_v2blockerprod281_difficulty1-1	v2blockerprod	v2blockerprod281	1	1
2587	v2blockerprod_v2blockerprod281_difficulty1-2	v2blockerprod	v2blockerprod281	1	2
2588	v2blockerprod_v2blockerprod281_difficulty1-3	v2blockerprod	v2blockerprod281	1	3
2589	v2blockerprod_v2blockerprod281_difficulty1-4	v2blockerprod	v2blockerprod281	1	4
2590	v2blockerprod_v2blockerprod281_difficulty1-5	v2blockerprod	v2blockerprod281	1	5
2591	v2blockerprod_v2blockerprod282_difficulty2-4	v2blockerprod	v2blockerprod282	2	4
2592	v2blockerprod_v2blockerprod282_difficulty3-1	v2blockerprod	v2blockerprod282	3	1
2593	v2blockerprod_v2blockerprod282_difficulty3-2	v2blockerprod	v2blockerprod282	3	2
2594	v2blockerprod_v2blockerprod282_difficulty3-3	v2blockerprod	v2blockerprod282	3	3
2595	v2blockerprod_v2blockerprod282_difficulty3-5	v2blockerprod	v2blockerprod282	3	5
2596	v2blockerprod_v2blockerprod283_difficulty1-1	v2blockerprod	v2blockerprod283	1	1
2597	v2blockerprod_v2blockerprod283_difficulty1-2	v2blockerprod	v2blockerprod283	1	2
2598	v2blockerprod_v2blockerprod283_difficulty1-3	v2blockerprod	v2blockerprod283	1	3
2599	v2blockerprod_v2blockerprod283_difficulty1-4	v2blockerprod	v2blockerprod283	1	4
2600	v2blockerprod_v2blockerprod283_difficulty1-5	v2blockerprod	v2blockerprod283	1	5
2601	v2blockerprod_v2blockerprod284_difficulty5-10	v2blockerprod	v2blockerprod284	5	10
2602	v2blockerprod_v2blockerprod284_difficulty6-7	v2blockerprod	v2blockerprod284	6	7
2603	v2blockerprod_v2blockerprod284_difficulty6-9	v2blockerprod	v2blockerprod284	6	9
2604	v2blockerprod_v2blockerprod284_difficulty7-6	v2blockerprod	v2blockerprod284	7	6
2605	v2blockerprod_v2blockerprod284_difficulty7-8	v2blockerprod	v2blockerprod284	7	8
2606	v2blockerprod_v2blockerprod285_difficulty1-1	v2blockerprod	v2blockerprod285	1	1
2607	v2blockerprod_v2blockerprod285_difficulty1-2	v2blockerprod	v2blockerprod285	1	2
2608	v2blockerprod_v2blockerprod285_difficulty1-3	v2blockerprod	v2blockerprod285	1	3
2609	v2blockerprod_v2blockerprod285_difficulty1-4	v2blockerprod	v2blockerprod285	1	4
2610	v2blockerprod_v2blockerprod285_difficulty1-5	v2blockerprod	v2blockerprod285	1	5
2611	v2blockerprod_v2blockerprod286_difficulty2-1	v2blockerprod	v2blockerprod286	2	1
2612	v2blockerprod_v2blockerprod286_difficulty2-2	v2blockerprod	v2blockerprod286	2	2
2613	v2blockerprod_v2blockerprod286_difficulty2-3	v2blockerprod	v2blockerprod286	2	3
2614	v2blockerprod_v2blockerprod286_difficulty2-4	v2blockerprod	v2blockerprod286	2	4
2615	v2blockerprod_v2blockerprod286_difficulty2-5	v2blockerprod	v2blockerprod286	2	5
2616	v2blockerprod_v2blockerprod287_difficulty3-3	v2blockerprod	v2blockerprod287	3	3
2617	v2blockerprod_v2blockerprod287_difficulty3-4	v2blockerprod	v2blockerprod287	3	4
2618	v2blockerprod_v2blockerprod287_difficulty3-5	v2blockerprod	v2blockerprod287	3	5
2619	v2blockerprod_v2blockerprod287_difficulty4-1	v2blockerprod	v2blockerprod287	4	1
2620	v2blockerprod_v2blockerprod287_difficulty4-2	v2blockerprod	v2blockerprod287	4	2
2621	v2blockerprod_v2blockerprod288_difficulty2-1	v2blockerprod	v2blockerprod288	2	1
2622	v2blockerprod_v2blockerprod288_difficulty2-2	v2blockerprod	v2blockerprod288	2	2
2623	v2blockerprod_v2blockerprod288_difficulty2-3	v2blockerprod	v2blockerprod288	2	3
2624	v2blockerprod_v2blockerprod288_difficulty2-4	v2blockerprod	v2blockerprod288	2	4
2625	v2blockerprod_v2blockerprod288_difficulty2-5	v2blockerprod	v2blockerprod288	2	5
2626	v2blockerprod_v2blockerprod289_difficulty6-6	v2blockerprod	v2blockerprod289	6	6
2627	v2blockerprod_v2blockerprod289_difficulty6-7	v2blockerprod	v2blockerprod289	6	7
2628	v2blockerprod_v2blockerprod289_difficulty6-8	v2blockerprod	v2blockerprod289	6	8
2629	v2blockerprod_v2blockerprod289_difficulty6-9	v2blockerprod	v2blockerprod289	6	9
2630	v2blockerprod_v2blockerprod289_difficulty7-10	v2blockerprod	v2blockerprod289	7	10
2631	v2blockerprod_v2blockerprod290_difficulty1-1	v2blockerprod	v2blockerprod290	1	1
2632	v2blockerprod_v2blockerprod290_difficulty1-2	v2blockerprod	v2blockerprod290	1	2
2633	v2blockerprod_v2blockerprod290_difficulty1-3	v2blockerprod	v2blockerprod290	1	3
2634	v2blockerprod_v2blockerprod290_difficulty1-4	v2blockerprod	v2blockerprod290	1	4
2635	v2blockerprod_v2blockerprod290_difficulty1-5	v2blockerprod	v2blockerprod290	1	5
2636	v2blockerprod_v2blockerprod291_difficulty1-1	v2blockerprod	v2blockerprod291	1	1
2637	v2blockerprod_v2blockerprod291_difficulty2-2	v2blockerprod	v2blockerprod291	2	2
2638	v2blockerprod_v2blockerprod291_difficulty2-3	v2blockerprod	v2blockerprod291	2	3
2639	v2blockerprod_v2blockerprod291_difficulty2-4	v2blockerprod	v2blockerprod291	2	4
2640	v2blockerprod_v2blockerprod291_difficulty2-5	v2blockerprod	v2blockerprod291	2	5
2641	v2blockerprod_v2blockerprod292_difficulty3-3	v2blockerprod	v2blockerprod292	3	3
2642	v2blockerprod_v2blockerprod292_difficulty3-4	v2blockerprod	v2blockerprod292	3	4
2643	v2blockerprod_v2blockerprod292_difficulty3-5	v2blockerprod	v2blockerprod292	3	5
2644	v2blockerprod_v2blockerprod292_difficulty4-1	v2blockerprod	v2blockerprod292	4	1
2645	v2blockerprod_v2blockerprod292_difficulty4-2	v2blockerprod	v2blockerprod292	4	2
2646	v2blockerprod_v2blockerprod293_difficulty1-5	v2blockerprod	v2blockerprod293	1	5
2647	v2blockerprod_v2blockerprod293_difficulty2-1	v2blockerprod	v2blockerprod293	2	1
2648	v2blockerprod_v2blockerprod293_difficulty2-2	v2blockerprod	v2blockerprod293	2	2
2649	v2blockerprod_v2blockerprod293_difficulty2-3	v2blockerprod	v2blockerprod293	2	3
2650	v2blockerprod_v2blockerprod293_difficulty2-4	v2blockerprod	v2blockerprod293	2	4
2651	v2blockerprod_v2blockerprod294_difficulty5-6	v2blockerprod	v2blockerprod294	5	6
2652	v2blockerprod_v2blockerprod294_difficulty7-10	v2blockerprod	v2blockerprod294	7	10
2653	v2blockerprod_v2blockerprod294_difficulty7-7	v2blockerprod	v2blockerprod294	7	7
2654	v2blockerprod_v2blockerprod294_difficulty7-8	v2blockerprod	v2blockerprod294	7	8
2655	v2blockerprod_v2blockerprod294_difficulty7-9	v2blockerprod	v2blockerprod294	7	9
2656	v2blockerprod_v2blockerprod295_difficulty1-1	v2blockerprod	v2blockerprod295	1	1
2657	v2blockerprod_v2blockerprod295_difficulty1-2	v2blockerprod	v2blockerprod295	1	2
2658	v2blockerprod_v2blockerprod295_difficulty1-3	v2blockerprod	v2blockerprod295	1	3
2659	v2blockerprod_v2blockerprod295_difficulty1-4	v2blockerprod	v2blockerprod295	1	4
2660	v2blockerprod_v2blockerprod295_difficulty1-5	v2blockerprod	v2blockerprod295	1	5
2661	v2blockerprod_v2blockerprod296_difficulty2-1	v2blockerprod	v2blockerprod296	2	1
2662	v2blockerprod_v2blockerprod296_difficulty2-2	v2blockerprod	v2blockerprod296	2	2
2663	v2blockerprod_v2blockerprod296_difficulty2-3	v2blockerprod	v2blockerprod296	2	3
2664	v2blockerprod_v2blockerprod296_difficulty2-4	v2blockerprod	v2blockerprod296	2	4
2665	v2blockerprod_v2blockerprod296_difficulty2-5	v2blockerprod	v2blockerprod296	2	5
2666	v2blockerprod_v2blockerprod297_difficulty3-1	v2blockerprod	v2blockerprod297	3	1
2667	v2blockerprod_v2blockerprod297_difficulty3-3	v2blockerprod	v2blockerprod297	3	3
2668	v2blockerprod_v2blockerprod297_difficulty3-4	v2blockerprod	v2blockerprod297	3	4
2669	v2blockerprod_v2blockerprod297_difficulty4-2	v2blockerprod	v2blockerprod297	4	2
2670	v2blockerprod_v2blockerprod297_difficulty4-5	v2blockerprod	v2blockerprod297	4	5
2671	v2blockerprod_v2blockerprod298_difficulty2-1	v2blockerprod	v2blockerprod298	2	1
2672	v2blockerprod_v2blockerprod298_difficulty2-2	v2blockerprod	v2blockerprod298	2	2
2673	v2blockerprod_v2blockerprod298_difficulty2-3	v2blockerprod	v2blockerprod298	2	3
2674	v2blockerprod_v2blockerprod298_difficulty2-4	v2blockerprod	v2blockerprod298	2	4
2675	v2blockerprod_v2blockerprod298_difficulty2-5	v2blockerprod	v2blockerprod298	2	5
2676	v2blockerprod_v2blockerprod299_difficulty6-3	v2blockerprod	v2blockerprod299	6	3
2677	v2blockerprod_v2blockerprod299_difficulty7-1	v2blockerprod	v2blockerprod299	7	1
2678	v2blockerprod_v2blockerprod299_difficulty7-2	v2blockerprod	v2blockerprod299	7	2
2679	v2blockerprod_v2blockerprod299_difficulty7-4	v2blockerprod	v2blockerprod299	7	4
2680	v2blockerprod_v2blockerprod299_difficulty7-5	v2blockerprod	v2blockerprod299	7	5
2681	v2iapmagicsort_v2iapmagicsort129_difficulty5-8	v2iapmagicsort	v2iapmagicsort129	5	8
2682	v2iapmagicsort_v2iapmagicsort129_difficulty5-9	v2iapmagicsort	v2iapmagicsort129	5	9
2683	v2iapmagicsort_v2iapmagicsort129_difficulty6-10	v2iapmagicsort	v2iapmagicsort129	6	10
2684	v2iapmagicsort_v2iapmagicsort129_difficulty6-6	v2iapmagicsort	v2iapmagicsort129	6	6
2685	v2iapmagicsort_v2iapmagicsort129_difficulty6-7	v2iapmagicsort	v2iapmagicsort129	6	7
2686	v2iapmagicsort_v2iapmagicsort159_difficulty5-10	v2iapmagicsort	v2iapmagicsort159	5	10
2687	v2iapmagicsort_v2iapmagicsort159_difficulty5-7	v2iapmagicsort	v2iapmagicsort159	5	7
2688	v2iapmagicsort_v2iapmagicsort159_difficulty5-9	v2iapmagicsort	v2iapmagicsort159	5	9
2689	v2iapmagicsort_v2iapmagicsort159_difficulty6-6	v2iapmagicsort	v2iapmagicsort159	6	6
2690	v2iapmagicsort_v2iapmagicsort159_difficulty6-8	v2iapmagicsort	v2iapmagicsort159	6	8
2691	v2iapmagicsort_v2iapmagicsort29_difficulty3-10	v2iapmagicsort	v2iapmagicsort29	3	10
2692	v2iapmagicsort_v2iapmagicsort29_difficulty3-6	v2iapmagicsort	v2iapmagicsort29	3	6
2693	v2iapmagicsort_v2iapmagicsort29_difficulty3-8	v2iapmagicsort	v2iapmagicsort29	3	8
2694	v2iapmagicsort_v2iapmagicsort29_difficulty3-9	v2iapmagicsort	v2iapmagicsort29	3	9
2695	v2iapmagicsort_v2iapmagicsort29_difficulty4-7	v2iapmagicsort	v2iapmagicsort29	4	7
2696	v2iapmagicsort_v2iapmagicsort47_difficulty1-10	v2iapmagicsort	v2iapmagicsort47	1	10
2697	v2iapmagicsort_v2iapmagicsort47_difficulty1-6	v2iapmagicsort	v2iapmagicsort47	1	6
2698	v2iapmagicsort_v2iapmagicsort47_difficulty1-7	v2iapmagicsort	v2iapmagicsort47	1	7
2699	v2iapmagicsort_v2iapmagicsort47_difficulty1-8	v2iapmagicsort	v2iapmagicsort47	1	8
2700	v2iapmagicsort_v2iapmagicsort47_difficulty1-9	v2iapmagicsort	v2iapmagicsort47	1	9
2701	v2iapmagicsort_v2iapmagicsort49_difficulty4-10	v2iapmagicsort	v2iapmagicsort49	4	10
2702	v2iapmagicsort_v2iapmagicsort49_difficulty4-6	v2iapmagicsort	v2iapmagicsort49	4	6
2703	v2iapmagicsort_v2iapmagicsort49_difficulty4-7	v2iapmagicsort	v2iapmagicsort49	4	7
2704	v2iapmagicsort_v2iapmagicsort49_difficulty4-8	v2iapmagicsort	v2iapmagicsort49	4	8
2705	v2iapmagicsort_v2iapmagicsort49_difficulty4-9	v2iapmagicsort	v2iapmagicsort49	4	9
2706	v2iapmagicsort_v2iapmagicsort57_difficulty1-8	v2iapmagicsort	v2iapmagicsort57	1	8
2707	v2iapmagicsort_v2iapmagicsort57_difficulty1-9	v2iapmagicsort	v2iapmagicsort57	1	9
2708	v2iapmagicsort_v2iapmagicsort57_difficulty2-10	v2iapmagicsort	v2iapmagicsort57	2	10
2709	v2iapmagicsort_v2iapmagicsort57_difficulty2-6	v2iapmagicsort	v2iapmagicsort57	2	6
2710	v2iapmagicsort_v2iapmagicsort57_difficulty2-7	v2iapmagicsort	v2iapmagicsort57	2	7
2711	v2iapmagicsort_v2iapmagicsort59_difficulty5-7	v2iapmagicsort	v2iapmagicsort59	5	7
2712	v2iapmagicsort_v2iapmagicsort59_difficulty5-9	v2iapmagicsort	v2iapmagicsort59	5	9
2713	v2iapmagicsort_v2iapmagicsort59_difficulty6-8	v2iapmagicsort	v2iapmagicsort59	6	8
2714	v2iapmagicsort_v2iapmagicsort59_difficulty7-10	v2iapmagicsort	v2iapmagicsort59	7	10
2715	v2iapmagicsort_v2iapmagicsort59_difficulty7-6	v2iapmagicsort	v2iapmagicsort59	7	6
2716	v2iapmagicsort_v2iapmagicsort79_difficulty5-10	v2iapmagicsort	v2iapmagicsort79	5	10
2717	v2iapmagicsort_v2iapmagicsort79_difficulty5-6	v2iapmagicsort	v2iapmagicsort79	5	6
2718	v2iapmagicsort_v2iapmagicsort79_difficulty5-7	v2iapmagicsort	v2iapmagicsort79	5	7
2719	v2iapmagicsort_v2iapmagicsort79_difficulty5-9	v2iapmagicsort	v2iapmagicsort79	5	9
2720	v2iapmagicsort_v2iapmagicsort79_difficulty6-8	v2iapmagicsort	v2iapmagicsort79	6	8
2721	v2iapmagicsort_v2iapmagicsort99_difficulty5-6	v2iapmagicsort	v2iapmagicsort99	5	6
2722	v2iapmagicsort_v2iapmagicsort99_difficulty5-7	v2iapmagicsort	v2iapmagicsort99	5	7
2723	v2iapmagicsort_v2iapmagicsort99_difficulty5-9	v2iapmagicsort	v2iapmagicsort99	5	9
2724	v2iapmagicsort_v2iapmagicsort99_difficulty6-10	v2iapmagicsort	v2iapmagicsort99	6	10
2725	v2iapmagicsort_v2iapmagicsort99_difficulty6-8	v2iapmagicsort	v2iapmagicsort99	6	8
2726	v2paywallms_v2paywallms129_difficulty5-1	v2paywallms	v2paywallms129	5	1
2727	v2paywallms_v2paywallms129_difficulty5-2	v2paywallms	v2paywallms129	5	2
2728	v2paywallms_v2paywallms129_difficulty5-3	v2paywallms	v2paywallms129	5	3
2729	v2paywallms_v2paywallms129_difficulty5-4	v2paywallms	v2paywallms129	5	4
2730	v2paywallms_v2paywallms129_difficulty5-5	v2paywallms	v2paywallms129	5	5
2731	v2paywallms_v2paywallms139_difficulty5-1	v2paywallms	v2paywallms139	5	1
2732	v2paywallms_v2paywallms139_difficulty5-2	v2paywallms	v2paywallms139	5	2
2733	v2paywallms_v2paywallms139_difficulty5-3	v2paywallms	v2paywallms139	5	3
2734	v2paywallms_v2paywallms139_difficulty5-4	v2paywallms	v2paywallms139	5	4
2735	v2paywallms_v2paywallms139_difficulty5-5	v2paywallms	v2paywallms139	5	5
2736	v2paywallms_v2paywallms179_difficulty5-1	v2paywallms	v2paywallms179	5	1
2737	v2paywallms_v2paywallms179_difficulty5-2	v2paywallms	v2paywallms179	5	2
2738	v2paywallms_v2paywallms179_difficulty5-3	v2paywallms	v2paywallms179	5	3
2739	v2paywallms_v2paywallms179_difficulty5-4	v2paywallms	v2paywallms179	5	4
2740	v2paywallms_v2paywallms179_difficulty5-5	v2paywallms	v2paywallms179	5	5
2741	v2paywallms_v2paywallms219_difficulty5-1	v2paywallms	v2paywallms219	5	1
2742	v2paywallms_v2paywallms219_difficulty5-2	v2paywallms	v2paywallms219	5	2
2743	v2paywallms_v2paywallms219_difficulty5-3	v2paywallms	v2paywallms219	5	3
2744	v2paywallms_v2paywallms219_difficulty5-4	v2paywallms	v2paywallms219	5	4
2745	v2paywallms_v2paywallms219_difficulty6-6	v2paywallms	v2paywallms219	6	6
2746	v2paywallms_v2paywallms29_difficulty3-2	v2paywallms	v2paywallms29	3	2
2747	v2paywallms_v2paywallms29_difficulty4-1	v2paywallms	v2paywallms29	4	1
2748	v2paywallms_v2paywallms29_difficulty4-3	v2paywallms	v2paywallms29	4	3
2749	v2paywallms_v2paywallms29_difficulty4-4	v2paywallms	v2paywallms29	4	4
2750	v2paywallms_v2paywallms29_difficulty4-5	v2paywallms	v2paywallms29	4	5
2751	v2paywallms_v2paywallms31_difficulty1-1	v2paywallms	v2paywallms31	1	1
2752	v2paywallms_v2paywallms31_difficulty1-2	v2paywallms	v2paywallms31	1	2
2753	v2paywallms_v2paywallms31_difficulty1-3	v2paywallms	v2paywallms31	1	3
2754	v2paywallms_v2paywallms31_difficulty1-4	v2paywallms	v2paywallms31	1	4
2755	v2paywallms_v2paywallms31_difficulty1-5	v2paywallms	v2paywallms31	1	5
2756	v2paywallms_v2paywallms74_difficulty4-3	v2paywallms	v2paywallms74	4	3
2757	v2paywallms_v2paywallms74_difficulty4-7	v2paywallms	v2paywallms74	4	7
2758	v2paywallms_v2paywallms74_difficulty5-6	v2paywallms	v2paywallms74	5	6
2759	v2paywallms_v2paywallms74_difficulty5-8	v2paywallms	v2paywallms74	5	8
2760	v2paywallms_v2paywallms74_difficulty5-9	v2paywallms	v2paywallms74	5	9
2761	v3magicsort_v3magicsort100_difficulty1-1	v3magicsort	v3magicsort100	1	1
2762	v3magicsort_v3magicsort100_difficulty1-4	v3magicsort	v3magicsort100	1	4
2763	v3magicsort_v3magicsort100_difficulty1-5	v3magicsort	v3magicsort100	1	5
2764	v3magicsort_v3magicsort100_difficulty2-2	v3magicsort	v3magicsort100	2	2
2765	v3magicsort_v3magicsort100_difficulty2-3	v3magicsort	v3magicsort100	2	3
2766	v3magicsort_v3magicsort101_difficulty3-1	v3magicsort	v3magicsort101	3	1
2767	v3magicsort_v3magicsort101_difficulty3-2	v3magicsort	v3magicsort101	3	2
2768	v3magicsort_v3magicsort101_difficulty3-3	v3magicsort	v3magicsort101	3	3
2769	v3magicsort_v3magicsort101_difficulty3-4	v3magicsort	v3magicsort101	3	4
2770	v3magicsort_v3magicsort101_difficulty3-5	v3magicsort	v3magicsort101	3	5
2771	v3magicsort_v3magicsort103_difficulty2-1	v3magicsort	v3magicsort103	2	1
2772	v3magicsort_v3magicsort103_difficulty2-2	v3magicsort	v3magicsort103	2	2
2773	v3magicsort_v3magicsort103_difficulty2-4	v3magicsort	v3magicsort103	2	4
2774	v3magicsort_v3magicsort103_difficulty2-5	v3magicsort	v3magicsort103	2	5
2775	v3magicsort_v3magicsort103_difficulty3-3	v3magicsort	v3magicsort103	3	3
2776	v3magicsort_v3magicsort105_difficulty2-1	v3magicsort	v3magicsort105	2	1
2777	v3magicsort_v3magicsort105_difficulty2-2	v3magicsort	v3magicsort105	2	2
2778	v3magicsort_v3magicsort105_difficulty2-3	v3magicsort	v3magicsort105	2	3
2779	v3magicsort_v3magicsort105_difficulty2-4	v3magicsort	v3magicsort105	2	4
2780	v3magicsort_v3magicsort105_difficulty2-5	v3magicsort	v3magicsort105	2	5
2781	v3magicsort_v3magicsort106_difficulty3-2	v3magicsort	v3magicsort106	3	2
2782	v3magicsort_v3magicsort106_difficulty3-3	v3magicsort	v3magicsort106	3	3
2783	v3magicsort_v3magicsort106_difficulty3-4	v3magicsort	v3magicsort106	3	4
2784	v3magicsort_v3magicsort106_difficulty3-5	v3magicsort	v3magicsort106	3	5
2785	v3magicsort_v3magicsort106_difficulty4-1	v3magicsort	v3magicsort106	4	1
2786	v3magicsort_v3magicsort107_difficulty2-1	v3magicsort	v3magicsort107	2	1
2787	v3magicsort_v3magicsort107_difficulty2-2	v3magicsort	v3magicsort107	2	2
2788	v3magicsort_v3magicsort107_difficulty3-3	v3magicsort	v3magicsort107	3	3
2789	v3magicsort_v3magicsort107_difficulty3-4	v3magicsort	v3magicsort107	3	4
2790	v3magicsort_v3magicsort107_difficulty3-5	v3magicsort	v3magicsort107	3	5
2791	v3magicsort_v3magicsort108_difficulty2-1	v3magicsort	v3magicsort108	2	1
2792	v3magicsort_v3magicsort108_difficulty2-2	v3magicsort	v3magicsort108	2	2
2793	v3magicsort_v3magicsort108_difficulty2-3	v3magicsort	v3magicsort108	2	3
2794	v3magicsort_v3magicsort108_difficulty2-4	v3magicsort	v3magicsort108	2	4
2795	v3magicsort_v3magicsort108_difficulty2-5	v3magicsort	v3magicsort108	2	5
2796	v3magicsort_v3magicsort10_difficulty1-1	v3magicsort	v3magicsort10	1	1
2797	v3magicsort_v3magicsort10_difficulty1-2	v3magicsort	v3magicsort10	1	2
2798	v3magicsort_v3magicsort10_difficulty1-3	v3magicsort	v3magicsort10	1	3
2799	v3magicsort_v3magicsort10_difficulty1-4	v3magicsort	v3magicsort10	1	4
2800	v3magicsort_v3magicsort10_difficulty1-5	v3magicsort	v3magicsort10	1	5
2801	v3magicsort_v3magicsort111_difficulty3-1	v3magicsort	v3magicsort111	3	1
2802	v3magicsort_v3magicsort111_difficulty3-5	v3magicsort	v3magicsort111	3	5
2803	v3magicsort_v3magicsort111_difficulty4-2	v3magicsort	v3magicsort111	4	2
2804	v3magicsort_v3magicsort111_difficulty4-3	v3magicsort	v3magicsort111	4	3
2805	v3magicsort_v3magicsort111_difficulty4-4	v3magicsort	v3magicsort111	4	4
2806	v3magicsort_v3magicsort112_difficulty2-1	v3magicsort	v3magicsort112	2	1
2807	v3magicsort_v3magicsort112_difficulty2-3	v3magicsort	v3magicsort112	2	3
2808	v3magicsort_v3magicsort112_difficulty2-4	v3magicsort	v3magicsort112	2	4
2809	v3magicsort_v3magicsort112_difficulty3-2	v3magicsort	v3magicsort112	3	2
2810	v3magicsort_v3magicsort112_difficulty3-5	v3magicsort	v3magicsort112	3	5
2811	v3magicsort_v3magicsort113_difficulty2-1	v3magicsort	v3magicsort113	2	1
2812	v3magicsort_v3magicsort113_difficulty2-2	v3magicsort	v3magicsort113	2	2
2813	v3magicsort_v3magicsort113_difficulty2-4	v3magicsort	v3magicsort113	2	4
2814	v3magicsort_v3magicsort113_difficulty2-5	v3magicsort	v3magicsort113	2	5
2815	v3magicsort_v3magicsort113_difficulty3-3	v3magicsort	v3magicsort113	3	3
2816	v3magicsort_v3magicsort114_difficulty2-1	v3magicsort	v3magicsort114	2	1
2817	v3magicsort_v3magicsort114_difficulty2-3	v3magicsort	v3magicsort114	2	3
2818	v3magicsort_v3magicsort114_difficulty3-2	v3magicsort	v3magicsort114	3	2
2819	v3magicsort_v3magicsort114_difficulty3-4	v3magicsort	v3magicsort114	3	4
2820	v3magicsort_v3magicsort114_difficulty3-5	v3magicsort	v3magicsort114	3	5
2821	v3magicsort_v3magicsort115_difficulty1-2	v3magicsort	v3magicsort115	1	2
2822	v3magicsort_v3magicsort115_difficulty2-1	v3magicsort	v3magicsort115	2	1
2823	v3magicsort_v3magicsort115_difficulty2-3	v3magicsort	v3magicsort115	2	3
2824	v3magicsort_v3magicsort115_difficulty2-4	v3magicsort	v3magicsort115	2	4
2825	v3magicsort_v3magicsort115_difficulty2-5	v3magicsort	v3magicsort115	2	5
2826	v3magicsort_v3magicsort116_difficulty2-1	v3magicsort	v3magicsort116	2	1
2827	v3magicsort_v3magicsort116_difficulty2-2	v3magicsort	v3magicsort116	2	2
2828	v3magicsort_v3magicsort116_difficulty2-3	v3magicsort	v3magicsort116	2	3
2829	v3magicsort_v3magicsort116_difficulty2-4	v3magicsort	v3magicsort116	2	4
2830	v3magicsort_v3magicsort116_difficulty3-5	v3magicsort	v3magicsort116	3	5
2831	v3magicsort_v3magicsort117_difficulty3-2	v3magicsort	v3magicsort117	3	2
2832	v3magicsort_v3magicsort117_difficulty3-4	v3magicsort	v3magicsort117	3	4
2833	v3magicsort_v3magicsort117_difficulty3-5	v3magicsort	v3magicsort117	3	5
2834	v3magicsort_v3magicsort117_difficulty4-1	v3magicsort	v3magicsort117	4	1
2835	v3magicsort_v3magicsort117_difficulty4-3	v3magicsort	v3magicsort117	4	3
2836	v3magicsort_v3magicsort118_difficulty2-1	v3magicsort	v3magicsort118	2	1
2837	v3magicsort_v3magicsort118_difficulty2-2	v3magicsort	v3magicsort118	2	2
2838	v3magicsort_v3magicsort118_difficulty2-3	v3magicsort	v3magicsort118	2	3
2839	v3magicsort_v3magicsort118_difficulty2-4	v3magicsort	v3magicsort118	2	4
2840	v3magicsort_v3magicsort118_difficulty2-5	v3magicsort	v3magicsort118	2	5
2841	v3magicsort_v3magicsort120_difficulty1-2	v3magicsort	v3magicsort120	1	2
2842	v3magicsort_v3magicsort120_difficulty1-4	v3magicsort	v3magicsort120	1	4
2843	v3magicsort_v3magicsort120_difficulty2-1	v3magicsort	v3magicsort120	2	1
2844	v3magicsort_v3magicsort120_difficulty2-3	v3magicsort	v3magicsort120	2	3
2845	v3magicsort_v3magicsort120_difficulty2-5	v3magicsort	v3magicsort120	2	5
2846	v3magicsort_v3magicsort121_difficulty2-2	v3magicsort	v3magicsort121	2	2
2847	v3magicsort_v3magicsort121_difficulty2-4	v3magicsort	v3magicsort121	2	4
2848	v3magicsort_v3magicsort121_difficulty3-1	v3magicsort	v3magicsort121	3	1
2849	v3magicsort_v3magicsort121_difficulty3-3	v3magicsort	v3magicsort121	3	3
2850	v3magicsort_v3magicsort121_difficulty3-5	v3magicsort	v3magicsort121	3	5
2851	v3magicsort_v3magicsort122_difficulty3-2	v3magicsort	v3magicsort122	3	2
2852	v3magicsort_v3magicsort122_difficulty3-5	v3magicsort	v3magicsort122	3	5
2853	v3magicsort_v3magicsort122_difficulty4-1	v3magicsort	v3magicsort122	4	1
2854	v3magicsort_v3magicsort122_difficulty4-3	v3magicsort	v3magicsort122	4	3
2855	v3magicsort_v3magicsort122_difficulty4-4	v3magicsort	v3magicsort122	4	4
2856	v3magicsort_v3magicsort123_difficulty1-5	v3magicsort	v3magicsort123	1	5
2857	v3magicsort_v3magicsort123_difficulty2-3	v3magicsort	v3magicsort123	2	3
2858	v3magicsort_v3magicsort123_difficulty2-4	v3magicsort	v3magicsort123	2	4
2859	v3magicsort_v3magicsort123_difficulty3-1	v3magicsort	v3magicsort123	3	1
2860	v3magicsort_v3magicsort123_difficulty3-2	v3magicsort	v3magicsort123	3	2
2861	v3magicsort_v3magicsort124_difficulty3-1	v3magicsort	v3magicsort124	3	1
2862	v3magicsort_v3magicsort124_difficulty3-3	v3magicsort	v3magicsort124	3	3
2863	v3magicsort_v3magicsort124_difficulty3-4	v3magicsort	v3magicsort124	3	4
2864	v3magicsort_v3magicsort124_difficulty4-2	v3magicsort	v3magicsort124	4	2
2865	v3magicsort_v3magicsort124_difficulty4-5	v3magicsort	v3magicsort124	4	5
2866	v3magicsort_v3magicsort125_difficulty2-1	v3magicsort	v3magicsort125	2	1
2867	v3magicsort_v3magicsort125_difficulty2-2	v3magicsort	v3magicsort125	2	2
2868	v3magicsort_v3magicsort125_difficulty2-3	v3magicsort	v3magicsort125	2	3
2869	v3magicsort_v3magicsort125_difficulty2-4	v3magicsort	v3magicsort125	2	4
2870	v3magicsort_v3magicsort125_difficulty2-5	v3magicsort	v3magicsort125	2	5
2871	v3magicsort_v3magicsort126_difficulty2-5	v3magicsort	v3magicsort126	2	5
2872	v3magicsort_v3magicsort126_difficulty3-1	v3magicsort	v3magicsort126	3	1
2873	v3magicsort_v3magicsort126_difficulty3-2	v3magicsort	v3magicsort126	3	2
2874	v3magicsort_v3magicsort126_difficulty3-3	v3magicsort	v3magicsort126	3	3
2875	v3magicsort_v3magicsort126_difficulty3-4	v3magicsort	v3magicsort126	3	4
2876	v3magicsort_v3magicsort127_difficulty3-1	v3magicsort	v3magicsort127	3	1
2877	v3magicsort_v3magicsort127_difficulty4-2	v3magicsort	v3magicsort127	4	2
2878	v3magicsort_v3magicsort127_difficulty4-3	v3magicsort	v3magicsort127	4	3
2879	v3magicsort_v3magicsort127_difficulty4-4	v3magicsort	v3magicsort127	4	4
2880	v3magicsort_v3magicsort127_difficulty4-5	v3magicsort	v3magicsort127	4	5
2881	v3magicsort_v3magicsort128_difficulty2-1	v3magicsort	v3magicsort128	2	1
2882	v3magicsort_v3magicsort128_difficulty3-2	v3magicsort	v3magicsort128	3	2
2883	v3magicsort_v3magicsort128_difficulty3-3	v3magicsort	v3magicsort128	3	3
2884	v3magicsort_v3magicsort128_difficulty3-4	v3magicsort	v3magicsort128	3	4
2885	v3magicsort_v3magicsort128_difficulty4-5	v3magicsort	v3magicsort128	4	5
2886	v3magicsort_v3magicsort12_difficulty1-1	v3magicsort	v3magicsort12	1	1
2887	v3magicsort_v3magicsort12_difficulty1-2	v3magicsort	v3magicsort12	1	2
2888	v3magicsort_v3magicsort12_difficulty1-3	v3magicsort	v3magicsort12	1	3
2889	v3magicsort_v3magicsort12_difficulty1-4	v3magicsort	v3magicsort12	1	4
2890	v3magicsort_v3magicsort12_difficulty1-5	v3magicsort	v3magicsort12	1	5
2891	v3magicsort_v3magicsort130_difficulty1-1	v3magicsort	v3magicsort130	1	1
2892	v3magicsort_v3magicsort130_difficulty1-2	v3magicsort	v3magicsort130	1	2
2893	v3magicsort_v3magicsort130_difficulty1-3	v3magicsort	v3magicsort130	1	3
2894	v3magicsort_v3magicsort130_difficulty1-4	v3magicsort	v3magicsort130	1	4
2895	v3magicsort_v3magicsort130_difficulty2-5	v3magicsort	v3magicsort130	2	5
2896	v3magicsort_v3magicsort131_difficulty2-5	v3magicsort	v3magicsort131	2	5
2897	v3magicsort_v3magicsort131_difficulty3-1	v3magicsort	v3magicsort131	3	1
2898	v3magicsort_v3magicsort131_difficulty3-2	v3magicsort	v3magicsort131	3	2
2899	v3magicsort_v3magicsort131_difficulty3-3	v3magicsort	v3magicsort131	3	3
2900	v3magicsort_v3magicsort131_difficulty3-4	v3magicsort	v3magicsort131	3	4
2901	v3magicsort_v3magicsort132_difficulty3-1	v3magicsort	v3magicsort132	3	1
2902	v3magicsort_v3magicsort132_difficulty3-3	v3magicsort	v3magicsort132	3	3
2903	v3magicsort_v3magicsort132_difficulty4-2	v3magicsort	v3magicsort132	4	2
2904	v3magicsort_v3magicsort132_difficulty4-4	v3magicsort	v3magicsort132	4	4
2905	v3magicsort_v3magicsort132_difficulty4-5	v3magicsort	v3magicsort132	4	5
2906	v3magicsort_v3magicsort133_difficulty3-1	v3magicsort	v3magicsort133	3	1
2907	v3magicsort_v3magicsort133_difficulty3-2	v3magicsort	v3magicsort133	3	2
2908	v3magicsort_v3magicsort133_difficulty3-3	v3magicsort	v3magicsort133	3	3
2909	v3magicsort_v3magicsort133_difficulty3-4	v3magicsort	v3magicsort133	3	4
2910	v3magicsort_v3magicsort133_difficulty3-5	v3magicsort	v3magicsort133	3	5
2911	v3magicsort_v3magicsort135_difficulty2-1	v3magicsort	v3magicsort135	2	1
2912	v3magicsort_v3magicsort135_difficulty2-2	v3magicsort	v3magicsort135	2	2
2913	v3magicsort_v3magicsort135_difficulty2-3	v3magicsort	v3magicsort135	2	3
2914	v3magicsort_v3magicsort135_difficulty2-4	v3magicsort	v3magicsort135	2	4
2915	v3magicsort_v3magicsort135_difficulty2-5	v3magicsort	v3magicsort135	2	5
2916	v3magicsort_v3magicsort136_difficulty2-1	v3magicsort	v3magicsort136	2	1
2917	v3magicsort_v3magicsort136_difficulty2-5	v3magicsort	v3magicsort136	2	5
2918	v3magicsort_v3magicsort136_difficulty3-2	v3magicsort	v3magicsort136	3	2
2919	v3magicsort_v3magicsort136_difficulty3-3	v3magicsort	v3magicsort136	3	3
2920	v3magicsort_v3magicsort136_difficulty3-4	v3magicsort	v3magicsort136	3	4
2921	v3magicsort_v3magicsort137_difficulty3-1	v3magicsort	v3magicsort137	3	1
2922	v3magicsort_v3magicsort137_difficulty3-2	v3magicsort	v3magicsort137	3	2
2923	v3magicsort_v3magicsort137_difficulty3-3	v3magicsort	v3magicsort137	3	3
2924	v3magicsort_v3magicsort137_difficulty3-4	v3magicsort	v3magicsort137	3	4
2925	v3magicsort_v3magicsort137_difficulty3-5	v3magicsort	v3magicsort137	3	5
2926	v3magicsort_v3magicsort138_difficulty2-1	v3magicsort	v3magicsort138	2	1
2927	v3magicsort_v3magicsort138_difficulty2-2	v3magicsort	v3magicsort138	2	2
2928	v3magicsort_v3magicsort138_difficulty2-3	v3magicsort	v3magicsort138	2	3
2929	v3magicsort_v3magicsort138_difficulty2-4	v3magicsort	v3magicsort138	2	4
2930	v3magicsort_v3magicsort138_difficulty2-5	v3magicsort	v3magicsort138	2	5
2931	v3magicsort_v3magicsort140_difficulty2-1	v3magicsort	v3magicsort140	2	1
2932	v3magicsort_v3magicsort140_difficulty2-2	v3magicsort	v3magicsort140	2	2
2933	v3magicsort_v3magicsort140_difficulty2-3	v3magicsort	v3magicsort140	2	3
2934	v3magicsort_v3magicsort140_difficulty2-4	v3magicsort	v3magicsort140	2	4
2935	v3magicsort_v3magicsort140_difficulty2-5	v3magicsort	v3magicsort140	2	5
2936	v3magicsort_v3magicsort141_difficulty2-2	v3magicsort	v3magicsort141	2	2
2937	v3magicsort_v3magicsort141_difficulty2-3	v3magicsort	v3magicsort141	2	3
2938	v3magicsort_v3magicsort141_difficulty2-4	v3magicsort	v3magicsort141	2	4
2939	v3magicsort_v3magicsort141_difficulty3-1	v3magicsort	v3magicsort141	3	1
2940	v3magicsort_v3magicsort141_difficulty3-5	v3magicsort	v3magicsort141	3	5
2941	v3magicsort_v3magicsort142_difficulty3-4	v3magicsort	v3magicsort142	3	4
2942	v3magicsort_v3magicsort142_difficulty4-1	v3magicsort	v3magicsort142	4	1
2943	v3magicsort_v3magicsort142_difficulty4-2	v3magicsort	v3magicsort142	4	2
2944	v3magicsort_v3magicsort142_difficulty4-3	v3magicsort	v3magicsort142	4	3
2945	v3magicsort_v3magicsort142_difficulty4-5	v3magicsort	v3magicsort142	4	5
2946	v3magicsort_v3magicsort143_difficulty2-3	v3magicsort	v3magicsort143	2	3
2947	v3magicsort_v3magicsort143_difficulty3-1	v3magicsort	v3magicsort143	3	1
2948	v3magicsort_v3magicsort143_difficulty3-2	v3magicsort	v3magicsort143	3	2
2949	v3magicsort_v3magicsort143_difficulty3-4	v3magicsort	v3magicsort143	3	4
2950	v3magicsort_v3magicsort143_difficulty3-5	v3magicsort	v3magicsort143	3	5
2951	v3magicsort_v3magicsort144_difficulty5-1	v3magicsort	v3magicsort144	5	1
2952	v3magicsort_v3magicsort144_difficulty5-2	v3magicsort	v3magicsort144	5	2
2953	v3magicsort_v3magicsort144_difficulty5-3	v3magicsort	v3magicsort144	5	3
2954	v3magicsort_v3magicsort144_difficulty5-4	v3magicsort	v3magicsort144	5	4
2955	v3magicsort_v3magicsort144_difficulty5-5	v3magicsort	v3magicsort144	5	5
2956	v3magicsort_v3magicsort145_difficulty2-1	v3magicsort	v3magicsort145	2	1
2957	v3magicsort_v3magicsort145_difficulty2-2	v3magicsort	v3magicsort145	2	2
2958	v3magicsort_v3magicsort145_difficulty2-3	v3magicsort	v3magicsort145	2	3
2959	v3magicsort_v3magicsort145_difficulty2-4	v3magicsort	v3magicsort145	2	4
2960	v3magicsort_v3magicsort145_difficulty2-5	v3magicsort	v3magicsort145	2	5
2961	v3magicsort_v3magicsort146_difficulty3-2	v3magicsort	v3magicsort146	3	2
2962	v3magicsort_v3magicsort146_difficulty3-3	v3magicsort	v3magicsort146	3	3
2963	v3magicsort_v3magicsort146_difficulty4-1	v3magicsort	v3magicsort146	4	1
2964	v3magicsort_v3magicsort146_difficulty4-4	v3magicsort	v3magicsort146	4	4
2965	v3magicsort_v3magicsort146_difficulty4-5	v3magicsort	v3magicsort146	4	5
2966	v3magicsort_v3magicsort147_difficulty3-2	v3magicsort	v3magicsort147	3	2
2967	v3magicsort_v3magicsort147_difficulty4-1	v3magicsort	v3magicsort147	4	1
2968	v3magicsort_v3magicsort147_difficulty4-3	v3magicsort	v3magicsort147	4	3
2969	v3magicsort_v3magicsort147_difficulty4-4	v3magicsort	v3magicsort147	4	4
2970	v3magicsort_v3magicsort147_difficulty4-5	v3magicsort	v3magicsort147	4	5
2971	v3magicsort_v3magicsort148_difficulty2-2	v3magicsort	v3magicsort148	2	2
2972	v3magicsort_v3magicsort148_difficulty2-3	v3magicsort	v3magicsort148	2	3
2973	v3magicsort_v3magicsort148_difficulty2-4	v3magicsort	v3magicsort148	2	4
2974	v3magicsort_v3magicsort148_difficulty3-1	v3magicsort	v3magicsort148	3	1
2975	v3magicsort_v3magicsort148_difficulty3-5	v3magicsort	v3magicsort148	3	5
2976	v3magicsort_v3magicsort149_difficulty5-1	v3magicsort	v3magicsort149	5	1
2977	v3magicsort_v3magicsort149_difficulty5-2	v3magicsort	v3magicsort149	5	2
2978	v3magicsort_v3magicsort149_difficulty5-3	v3magicsort	v3magicsort149	5	3
2979	v3magicsort_v3magicsort149_difficulty5-4	v3magicsort	v3magicsort149	5	4
2980	v3magicsort_v3magicsort149_difficulty5-5	v3magicsort	v3magicsort149	5	5
2981	v3magicsort_v3magicsort14_difficulty2-10	v3magicsort	v3magicsort14	2	10
2982	v3magicsort_v3magicsort14_difficulty2-6	v3magicsort	v3magicsort14	2	6
2983	v3magicsort_v3magicsort14_difficulty2-7	v3magicsort	v3magicsort14	2	7
2984	v3magicsort_v3magicsort14_difficulty2-8	v3magicsort	v3magicsort14	2	8
2985	v3magicsort_v3magicsort14_difficulty2-9	v3magicsort	v3magicsort14	2	9
2986	v3magicsort_v3magicsort150_difficulty1-1	v3magicsort	v3magicsort150	1	1
2987	v3magicsort_v3magicsort150_difficulty1-2	v3magicsort	v3magicsort150	1	2
2988	v3magicsort_v3magicsort150_difficulty2-3	v3magicsort	v3magicsort150	2	3
2989	v3magicsort_v3magicsort150_difficulty2-4	v3magicsort	v3magicsort150	2	4
2990	v3magicsort_v3magicsort150_difficulty2-5	v3magicsort	v3magicsort150	2	5
2991	v3magicsort_v3magicsort151_difficulty2-3	v3magicsort	v3magicsort151	2	3
2992	v3magicsort_v3magicsort151_difficulty3-1	v3magicsort	v3magicsort151	3	1
2993	v3magicsort_v3magicsort151_difficulty3-2	v3magicsort	v3magicsort151	3	2
2994	v3magicsort_v3magicsort151_difficulty3-4	v3magicsort	v3magicsort151	3	4
2995	v3magicsort_v3magicsort151_difficulty3-5	v3magicsort	v3magicsort151	3	5
2996	v3magicsort_v3magicsort152_difficulty4-1	v3magicsort	v3magicsort152	4	1
2997	v3magicsort_v3magicsort152_difficulty4-2	v3magicsort	v3magicsort152	4	2
2998	v3magicsort_v3magicsort152_difficulty4-3	v3magicsort	v3magicsort152	4	3
2999	v3magicsort_v3magicsort152_difficulty4-4	v3magicsort	v3magicsort152	4	4
3000	v3magicsort_v3magicsort152_difficulty4-5	v3magicsort	v3magicsort152	4	5
3001	v3magicsort_v3magicsort153_difficulty3-2	v3magicsort	v3magicsort153	3	2
3002	v3magicsort_v3magicsort153_difficulty3-4	v3magicsort	v3magicsort153	3	4
3003	v3magicsort_v3magicsort153_difficulty4-1	v3magicsort	v3magicsort153	4	1
3004	v3magicsort_v3magicsort153_difficulty4-3	v3magicsort	v3magicsort153	4	3
3005	v3magicsort_v3magicsort153_difficulty4-5	v3magicsort	v3magicsort153	4	5
3006	v3magicsort_v3magicsort154_difficulty4-2	v3magicsort	v3magicsort154	4	2
3007	v3magicsort_v3magicsort154_difficulty5-1	v3magicsort	v3magicsort154	5	1
3008	v3magicsort_v3magicsort154_difficulty5-3	v3magicsort	v3magicsort154	5	3
3009	v3magicsort_v3magicsort154_difficulty5-4	v3magicsort	v3magicsort154	5	4
3010	v3magicsort_v3magicsort154_difficulty5-5	v3magicsort	v3magicsort154	5	5
3011	v3magicsort_v3magicsort155_difficulty2-1	v3magicsort	v3magicsort155	2	1
3012	v3magicsort_v3magicsort155_difficulty2-2	v3magicsort	v3magicsort155	2	2
3013	v3magicsort_v3magicsort155_difficulty2-3	v3magicsort	v3magicsort155	2	3
3014	v3magicsort_v3magicsort155_difficulty2-4	v3magicsort	v3magicsort155	2	4
3015	v3magicsort_v3magicsort155_difficulty2-5	v3magicsort	v3magicsort155	2	5
3016	v3magicsort_v3magicsort156_difficulty1-1	v3magicsort	v3magicsort156	1	1
3017	v3magicsort_v3magicsort156_difficulty1-2	v3magicsort	v3magicsort156	1	2
3018	v3magicsort_v3magicsort156_difficulty1-3	v3magicsort	v3magicsort156	1	3
3019	v3magicsort_v3magicsort156_difficulty1-5	v3magicsort	v3magicsort156	1	5
3020	v3magicsort_v3magicsort156_difficulty2-4	v3magicsort	v3magicsort156	2	4
3021	v3magicsort_v3magicsort157_difficulty3-1	v3magicsort	v3magicsort157	3	1
3022	v3magicsort_v3magicsort157_difficulty3-2	v3magicsort	v3magicsort157	3	2
3023	v3magicsort_v3magicsort157_difficulty3-5	v3magicsort	v3magicsort157	3	5
3024	v3magicsort_v3magicsort157_difficulty4-3	v3magicsort	v3magicsort157	4	3
3025	v3magicsort_v3magicsort157_difficulty4-4	v3magicsort	v3magicsort157	4	4
3026	v3magicsort_v3magicsort158_difficulty4-1	v3magicsort	v3magicsort158	4	1
3027	v3magicsort_v3magicsort158_difficulty5-2	v3magicsort	v3magicsort158	5	2
3028	v3magicsort_v3magicsort158_difficulty5-3	v3magicsort	v3magicsort158	5	3
3029	v3magicsort_v3magicsort158_difficulty5-4	v3magicsort	v3magicsort158	5	4
3030	v3magicsort_v3magicsort158_difficulty5-5	v3magicsort	v3magicsort158	5	5
3031	v3magicsort_v3magicsort15_difficulty1-1	v3magicsort	v3magicsort15	1	1
3032	v3magicsort_v3magicsort15_difficulty1-2	v3magicsort	v3magicsort15	1	2
3033	v3magicsort_v3magicsort15_difficulty1-3	v3magicsort	v3magicsort15	1	3
3034	v3magicsort_v3magicsort15_difficulty1-4	v3magicsort	v3magicsort15	1	4
3035	v3magicsort_v3magicsort15_difficulty1-5	v3magicsort	v3magicsort15	1	5
3036	v3magicsort_v3magicsort160_difficulty2-1	v3magicsort	v3magicsort160	2	1
3037	v3magicsort_v3magicsort160_difficulty2-2	v3magicsort	v3magicsort160	2	2
3038	v3magicsort_v3magicsort160_difficulty2-3	v3magicsort	v3magicsort160	2	3
3039	v3magicsort_v3magicsort160_difficulty2-4	v3magicsort	v3magicsort160	2	4
3040	v3magicsort_v3magicsort160_difficulty2-5	v3magicsort	v3magicsort160	2	5
3041	v3magicsort_v3magicsort161_difficulty3-2	v3magicsort	v3magicsort161	3	2
3042	v3magicsort_v3magicsort161_difficulty3-4	v3magicsort	v3magicsort161	3	4
3043	v3magicsort_v3magicsort161_difficulty4-3	v3magicsort	v3magicsort161	4	3
3044	v3magicsort_v3magicsort161_difficulty4-5	v3magicsort	v3magicsort161	4	5
3045	v3magicsort_v3magicsort161_difficulty5-1	v3magicsort	v3magicsort161	5	1
3046	v3magicsort_v3magicsort162_difficulty3-3	v3magicsort	v3magicsort162	3	3
3047	v3magicsort_v3magicsort162_difficulty3-4	v3magicsort	v3magicsort162	3	4
3048	v3magicsort_v3magicsort162_difficulty4-1	v3magicsort	v3magicsort162	4	1
3049	v3magicsort_v3magicsort162_difficulty4-2	v3magicsort	v3magicsort162	4	2
3050	v3magicsort_v3magicsort162_difficulty4-5	v3magicsort	v3magicsort162	4	5
3051	v3magicsort_v3magicsort163_difficulty2-2	v3magicsort	v3magicsort163	2	2
3052	v3magicsort_v3magicsort163_difficulty4-5	v3magicsort	v3magicsort163	4	5
3053	v3magicsort_v3magicsort163_difficulty5-1	v3magicsort	v3magicsort163	5	1
3054	v3magicsort_v3magicsort163_difficulty5-3	v3magicsort	v3magicsort163	5	3
3055	v3magicsort_v3magicsort163_difficulty5-4	v3magicsort	v3magicsort163	5	4
3056	v3magicsort_v3magicsort164_difficulty5-1	v3magicsort	v3magicsort164	5	1
3057	v3magicsort_v3magicsort164_difficulty5-2	v3magicsort	v3magicsort164	5	2
3058	v3magicsort_v3magicsort164_difficulty5-3	v3magicsort	v3magicsort164	5	3
3059	v3magicsort_v3magicsort164_difficulty5-4	v3magicsort	v3magicsort164	5	4
3060	v3magicsort_v3magicsort164_difficulty5-5	v3magicsort	v3magicsort164	5	5
3061	v3magicsort_v3magicsort165_difficulty2-2	v3magicsort	v3magicsort165	2	2
3062	v3magicsort_v3magicsort165_difficulty2-3	v3magicsort	v3magicsort165	2	3
3063	v3magicsort_v3magicsort165_difficulty2-5	v3magicsort	v3magicsort165	2	5
3064	v3magicsort_v3magicsort165_difficulty3-1	v3magicsort	v3magicsort165	3	1
3065	v3magicsort_v3magicsort165_difficulty3-4	v3magicsort	v3magicsort165	3	4
3066	v3magicsort_v3magicsort166_difficulty3-1	v3magicsort	v3magicsort166	3	1
3067	v3magicsort_v3magicsort166_difficulty3-3	v3magicsort	v3magicsort166	3	3
3068	v3magicsort_v3magicsort166_difficulty3-5	v3magicsort	v3magicsort166	3	5
3069	v3magicsort_v3magicsort166_difficulty4-2	v3magicsort	v3magicsort166	4	2
3070	v3magicsort_v3magicsort166_difficulty4-4	v3magicsort	v3magicsort166	4	4
3071	v3magicsort_v3magicsort167_difficulty3-1	v3magicsort	v3magicsort167	3	1
3072	v3magicsort_v3magicsort167_difficulty3-2	v3magicsort	v3magicsort167	3	2
3073	v3magicsort_v3magicsort167_difficulty3-3	v3magicsort	v3magicsort167	3	3
3074	v3magicsort_v3magicsort167_difficulty3-4	v3magicsort	v3magicsort167	3	4
3075	v3magicsort_v3magicsort167_difficulty3-5	v3magicsort	v3magicsort167	3	5
3076	v3magicsort_v3magicsort168_difficulty2-4	v3magicsort	v3magicsort168	2	4
3077	v3magicsort_v3magicsort168_difficulty3-1	v3magicsort	v3magicsort168	3	1
3078	v3magicsort_v3magicsort168_difficulty3-2	v3magicsort	v3magicsort168	3	2
3079	v3magicsort_v3magicsort168_difficulty3-3	v3magicsort	v3magicsort168	3	3
3080	v3magicsort_v3magicsort168_difficulty3-5	v3magicsort	v3magicsort168	3	5
3081	v3magicsort_v3magicsort169_difficulty4-4	v3magicsort	v3magicsort169	4	4
3082	v3magicsort_v3magicsort169_difficulty5-1	v3magicsort	v3magicsort169	5	1
3083	v3magicsort_v3magicsort169_difficulty5-2	v3magicsort	v3magicsort169	5	2
3084	v3magicsort_v3magicsort169_difficulty5-3	v3magicsort	v3magicsort169	5	3
3085	v3magicsort_v3magicsort169_difficulty5-5	v3magicsort	v3magicsort169	5	5
3086	v3magicsort_v3magicsort16_difficulty1-1	v3magicsort	v3magicsort16	1	1
3087	v3magicsort_v3magicsort16_difficulty1-2	v3magicsort	v3magicsort16	1	2
3088	v3magicsort_v3magicsort16_difficulty1-3	v3magicsort	v3magicsort16	1	3
3089	v3magicsort_v3magicsort16_difficulty1-4	v3magicsort	v3magicsort16	1	4
3090	v3magicsort_v3magicsort16_difficulty1-5	v3magicsort	v3magicsort16	1	5
3091	v3magicsort_v3magicsort170_difficulty2-2	v3magicsort	v3magicsort170	2	2
3092	v3magicsort_v3magicsort170_difficulty2-3	v3magicsort	v3magicsort170	2	3
3093	v3magicsort_v3magicsort170_difficulty2-4	v3magicsort	v3magicsort170	2	4
3094	v3magicsort_v3magicsort170_difficulty3-1	v3magicsort	v3magicsort170	3	1
3095	v3magicsort_v3magicsort170_difficulty3-5	v3magicsort	v3magicsort170	3	5
3096	v3magicsort_v3magicsort171_difficulty3-2	v3magicsort	v3magicsort171	3	2
3097	v3magicsort_v3magicsort171_difficulty3-3	v3magicsort	v3magicsort171	3	3
3098	v3magicsort_v3magicsort171_difficulty4-1	v3magicsort	v3magicsort171	4	1
3099	v3magicsort_v3magicsort171_difficulty4-4	v3magicsort	v3magicsort171	4	4
3100	v3magicsort_v3magicsort171_difficulty4-5	v3magicsort	v3magicsort171	4	5
3101	v3magicsort_v3magicsort172_difficulty4-1	v3magicsort	v3magicsort172	4	1
3102	v3magicsort_v3magicsort172_difficulty4-2	v3magicsort	v3magicsort172	4	2
3103	v3magicsort_v3magicsort172_difficulty4-3	v3magicsort	v3magicsort172	4	3
3104	v3magicsort_v3magicsort172_difficulty4-4	v3magicsort	v3magicsort172	4	4
3105	v3magicsort_v3magicsort172_difficulty4-5	v3magicsort	v3magicsort172	4	5
3106	v3magicsort_v3magicsort173_difficulty4-1	v3magicsort	v3magicsort173	4	1
3107	v3magicsort_v3magicsort173_difficulty4-4	v3magicsort	v3magicsort173	4	4
3108	v3magicsort_v3magicsort173_difficulty4-5	v3magicsort	v3magicsort173	4	5
3109	v3magicsort_v3magicsort173_difficulty5-2	v3magicsort	v3magicsort173	5	2
3110	v3magicsort_v3magicsort173_difficulty5-3	v3magicsort	v3magicsort173	5	3
3111	v3magicsort_v3magicsort174_difficulty4-2	v3magicsort	v3magicsort174	4	2
3112	v3magicsort_v3magicsort174_difficulty5-1	v3magicsort	v3magicsort174	5	1
3113	v3magicsort_v3magicsort174_difficulty5-3	v3magicsort	v3magicsort174	5	3
3114	v3magicsort_v3magicsort174_difficulty5-4	v3magicsort	v3magicsort174	5	4
3115	v3magicsort_v3magicsort174_difficulty5-5	v3magicsort	v3magicsort174	5	5
3116	v3magicsort_v3magicsort175_difficulty2-2	v3magicsort	v3magicsort175	2	2
3117	v3magicsort_v3magicsort175_difficulty2-4	v3magicsort	v3magicsort175	2	4
3118	v3magicsort_v3magicsort175_difficulty2-5	v3magicsort	v3magicsort175	2	5
3119	v3magicsort_v3magicsort175_difficulty3-1	v3magicsort	v3magicsort175	3	1
3120	v3magicsort_v3magicsort175_difficulty3-3	v3magicsort	v3magicsort175	3	3
3121	v3magicsort_v3magicsort176_difficulty3-2	v3magicsort	v3magicsort176	3	2
3122	v3magicsort_v3magicsort176_difficulty3-3	v3magicsort	v3magicsort176	3	3
3123	v3magicsort_v3magicsort176_difficulty3-4	v3magicsort	v3magicsort176	3	4
3124	v3magicsort_v3magicsort176_difficulty4-1	v3magicsort	v3magicsort176	4	1
3125	v3magicsort_v3magicsort176_difficulty4-5	v3magicsort	v3magicsort176	4	5
3126	v3magicsort_v3magicsort177_difficulty4-2	v3magicsort	v3magicsort177	4	2
3127	v3magicsort_v3magicsort177_difficulty4-3	v3magicsort	v3magicsort177	4	3
3128	v3magicsort_v3magicsort177_difficulty4-4	v3magicsort	v3magicsort177	4	4
3129	v3magicsort_v3magicsort177_difficulty4-5	v3magicsort	v3magicsort177	4	5
3130	v3magicsort_v3magicsort177_difficulty5-1	v3magicsort	v3magicsort177	5	1
3131	v3magicsort_v3magicsort178_difficulty2-1	v3magicsort	v3magicsort178	2	1
3132	v3magicsort_v3magicsort178_difficulty2-4	v3magicsort	v3magicsort178	2	4
3133	v3magicsort_v3magicsort178_difficulty2-5	v3magicsort	v3magicsort178	2	5
3134	v3magicsort_v3magicsort178_difficulty3-2	v3magicsort	v3magicsort178	3	2
3135	v3magicsort_v3magicsort178_difficulty3-3	v3magicsort	v3magicsort178	3	3
3136	v3magicsort_v3magicsort179_difficulty5-1	v3magicsort	v3magicsort179	5	1
3137	v3magicsort_v3magicsort179_difficulty5-2	v3magicsort	v3magicsort179	5	2
3138	v3magicsort_v3magicsort179_difficulty5-3	v3magicsort	v3magicsort179	5	3
3139	v3magicsort_v3magicsort179_difficulty5-4	v3magicsort	v3magicsort179	5	4
3140	v3magicsort_v3magicsort179_difficulty5-5	v3magicsort	v3magicsort179	5	5
3141	v3magicsort_v3magicsort17_difficulty1-1	v3magicsort	v3magicsort17	1	1
3142	v3magicsort_v3magicsort17_difficulty1-2	v3magicsort	v3magicsort17	1	2
3143	v3magicsort_v3magicsort17_difficulty1-3	v3magicsort	v3magicsort17	1	3
3144	v3magicsort_v3magicsort17_difficulty1-4	v3magicsort	v3magicsort17	1	4
3145	v3magicsort_v3magicsort17_difficulty2-5	v3magicsort	v3magicsort17	2	5
3146	v3magicsort_v3magicsort180_difficulty2-2	v3magicsort	v3magicsort180	2	2
3147	v3magicsort_v3magicsort180_difficulty2-5	v3magicsort	v3magicsort180	2	5
3148	v3magicsort_v3magicsort180_difficulty3-1	v3magicsort	v3magicsort180	3	1
3149	v3magicsort_v3magicsort180_difficulty3-3	v3magicsort	v3magicsort180	3	3
3150	v3magicsort_v3magicsort180_difficulty3-4	v3magicsort	v3magicsort180	3	4
3151	v3magicsort_v3magicsort181_difficulty3-1	v3magicsort	v3magicsort181	3	1
3152	v3magicsort_v3magicsort181_difficulty3-3	v3magicsort	v3magicsort181	3	3
3153	v3magicsort_v3magicsort181_difficulty4-2	v3magicsort	v3magicsort181	4	2
3154	v3magicsort_v3magicsort181_difficulty4-4	v3magicsort	v3magicsort181	4	4
3155	v3magicsort_v3magicsort181_difficulty4-5	v3magicsort	v3magicsort181	4	5
3156	v3magicsort_v3magicsort182_difficulty4-1	v3magicsort	v3magicsort182	4	1
3157	v3magicsort_v3magicsort182_difficulty4-2	v3magicsort	v3magicsort182	4	2
3158	v3magicsort_v3magicsort182_difficulty4-3	v3magicsort	v3magicsort182	4	3
3159	v3magicsort_v3magicsort182_difficulty4-4	v3magicsort	v3magicsort182	4	4
3160	v3magicsort_v3magicsort182_difficulty4-5	v3magicsort	v3magicsort182	4	5
3161	v3magicsort_v3magicsort183_difficulty3-1	v3magicsort	v3magicsort183	3	1
3162	v3magicsort_v3magicsort183_difficulty3-2	v3magicsort	v3magicsort183	3	2
3163	v3magicsort_v3magicsort183_difficulty3-4	v3magicsort	v3magicsort183	3	4
3164	v3magicsort_v3magicsort183_difficulty4-3	v3magicsort	v3magicsort183	4	3
3165	v3magicsort_v3magicsort183_difficulty4-5	v3magicsort	v3magicsort183	4	5
3166	v3magicsort_v3magicsort184_difficulty5-1	v3magicsort	v3magicsort184	5	1
3167	v3magicsort_v3magicsort184_difficulty5-2	v3magicsort	v3magicsort184	5	2
3168	v3magicsort_v3magicsort184_difficulty5-3	v3magicsort	v3magicsort184	5	3
3169	v3magicsort_v3magicsort184_difficulty5-4	v3magicsort	v3magicsort184	5	4
3170	v3magicsort_v3magicsort184_difficulty5-5	v3magicsort	v3magicsort184	5	5
3171	v3magicsort_v3magicsort185_difficulty2-4	v3magicsort	v3magicsort185	2	4
3172	v3magicsort_v3magicsort185_difficulty3-2	v3magicsort	v3magicsort185	3	2
3173	v3magicsort_v3magicsort185_difficulty3-3	v3magicsort	v3magicsort185	3	3
3174	v3magicsort_v3magicsort185_difficulty3-5	v3magicsort	v3magicsort185	3	5
3175	v3magicsort_v3magicsort185_difficulty4-1	v3magicsort	v3magicsort185	4	1
3176	v3magicsort_v3magicsort186_difficulty2-5	v3magicsort	v3magicsort186	2	5
3177	v3magicsort_v3magicsort186_difficulty3-2	v3magicsort	v3magicsort186	3	2
3178	v3magicsort_v3magicsort186_difficulty3-3	v3magicsort	v3magicsort186	3	3
3179	v3magicsort_v3magicsort186_difficulty4-1	v3magicsort	v3magicsort186	4	1
3180	v3magicsort_v3magicsort186_difficulty4-4	v3magicsort	v3magicsort186	4	4
3181	v3magicsort_v3magicsort187_difficulty3-3	v3magicsort	v3magicsort187	3	3
3182	v3magicsort_v3magicsort187_difficulty4-1	v3magicsort	v3magicsort187	4	1
3183	v3magicsort_v3magicsort187_difficulty4-2	v3magicsort	v3magicsort187	4	2
3184	v3magicsort_v3magicsort187_difficulty4-4	v3magicsort	v3magicsort187	4	4
3185	v3magicsort_v3magicsort187_difficulty4-5	v3magicsort	v3magicsort187	4	5
3186	v3magicsort_v3magicsort188_difficulty2-4	v3magicsort	v3magicsort188	2	4
3187	v3magicsort_v3magicsort188_difficulty3-3	v3magicsort	v3magicsort188	3	3
3188	v3magicsort_v3magicsort188_difficulty4-1	v3magicsort	v3magicsort188	4	1
3189	v3magicsort_v3magicsort188_difficulty4-2	v3magicsort	v3magicsort188	4	2
3190	v3magicsort_v3magicsort188_difficulty4-5	v3magicsort	v3magicsort188	4	5
3191	v3magicsort_v3magicsort189_difficulty5-1	v3magicsort	v3magicsort189	5	1
3192	v3magicsort_v3magicsort189_difficulty5-2	v3magicsort	v3magicsort189	5	2
3193	v3magicsort_v3magicsort189_difficulty5-3	v3magicsort	v3magicsort189	5	3
3194	v3magicsort_v3magicsort189_difficulty5-4	v3magicsort	v3magicsort189	5	4
3195	v3magicsort_v3magicsort189_difficulty5-5	v3magicsort	v3magicsort189	5	5
3196	v3magicsort_v3magicsort190_difficulty2-4	v3magicsort	v3magicsort190	2	4
3197	v3magicsort_v3magicsort190_difficulty2-5	v3magicsort	v3magicsort190	2	5
3198	v3magicsort_v3magicsort190_difficulty3-1	v3magicsort	v3magicsort190	3	1
3199	v3magicsort_v3magicsort190_difficulty4-2	v3magicsort	v3magicsort190	4	2
3200	v3magicsort_v3magicsort190_difficulty4-3	v3magicsort	v3magicsort190	4	3
3201	v3magicsort_v3magicsort191_difficulty2-2	v3magicsort	v3magicsort191	2	2
3202	v3magicsort_v3magicsort191_difficulty2-5	v3magicsort	v3magicsort191	2	5
3203	v3magicsort_v3magicsort191_difficulty4-1	v3magicsort	v3magicsort191	4	1
3204	v3magicsort_v3magicsort191_difficulty4-3	v3magicsort	v3magicsort191	4	3
3205	v3magicsort_v3magicsort191_difficulty4-4	v3magicsort	v3magicsort191	4	4
3206	v3magicsort_v3magicsort192_difficulty4-1	v3magicsort	v3magicsort192	4	1
3207	v3magicsort_v3magicsort192_difficulty4-2	v3magicsort	v3magicsort192	4	2
3208	v3magicsort_v3magicsort192_difficulty4-3	v3magicsort	v3magicsort192	4	3
3209	v3magicsort_v3magicsort192_difficulty4-5	v3magicsort	v3magicsort192	4	5
3210	v3magicsort_v3magicsort192_difficulty5-4	v3magicsort	v3magicsort192	5	4
3211	v3magicsort_v3magicsort193_difficulty4-1	v3magicsort	v3magicsort193	4	1
3212	v3magicsort_v3magicsort193_difficulty4-3	v3magicsort	v3magicsort193	4	3
3213	v3magicsort_v3magicsort193_difficulty4-5	v3magicsort	v3magicsort193	4	5
3214	v3magicsort_v3magicsort193_difficulty5-2	v3magicsort	v3magicsort193	5	2
3215	v3magicsort_v3magicsort193_difficulty5-4	v3magicsort	v3magicsort193	5	4
3216	v3magicsort_v3magicsort194_difficulty5-1	v3magicsort	v3magicsort194	5	1
3217	v3magicsort_v3magicsort194_difficulty5-2	v3magicsort	v3magicsort194	5	2
3218	v3magicsort_v3magicsort194_difficulty5-3	v3magicsort	v3magicsort194	5	3
3219	v3magicsort_v3magicsort194_difficulty5-4	v3magicsort	v3magicsort194	5	4
3220	v3magicsort_v3magicsort194_difficulty5-5	v3magicsort	v3magicsort194	5	5
3221	v3magicsort_v3magicsort195_difficulty3-2	v3magicsort	v3magicsort195	3	2
3222	v3magicsort_v3magicsort195_difficulty3-3	v3magicsort	v3magicsort195	3	3
3223	v3magicsort_v3magicsort195_difficulty3-5	v3magicsort	v3magicsort195	3	5
3224	v3magicsort_v3magicsort195_difficulty4-1	v3magicsort	v3magicsort195	4	1
3225	v3magicsort_v3magicsort195_difficulty4-4	v3magicsort	v3magicsort195	4	4
3226	v3magicsort_v3magicsort196_difficulty4-1	v3magicsort	v3magicsort196	4	1
3227	v3magicsort_v3magicsort196_difficulty4-2	v3magicsort	v3magicsort196	4	2
3228	v3magicsort_v3magicsort196_difficulty4-3	v3magicsort	v3magicsort196	4	3
3229	v3magicsort_v3magicsort196_difficulty4-4	v3magicsort	v3magicsort196	4	4
3230	v3magicsort_v3magicsort196_difficulty4-5	v3magicsort	v3magicsort196	4	5
3231	v3magicsort_v3magicsort197_difficulty4-1	v3magicsort	v3magicsort197	4	1
3232	v3magicsort_v3magicsort197_difficulty4-2	v3magicsort	v3magicsort197	4	2
3233	v3magicsort_v3magicsort197_difficulty4-3	v3magicsort	v3magicsort197	4	3
3234	v3magicsort_v3magicsort197_difficulty4-4	v3magicsort	v3magicsort197	4	4
3235	v3magicsort_v3magicsort197_difficulty4-5	v3magicsort	v3magicsort197	4	5
3236	v3magicsort_v3magicsort198_difficulty1-1	v3magicsort	v3magicsort198	1	1
3237	v3magicsort_v3magicsort198_difficulty1-2	v3magicsort	v3magicsort198	1	2
3238	v3magicsort_v3magicsort198_difficulty1-3	v3magicsort	v3magicsort198	1	3
3239	v3magicsort_v3magicsort198_difficulty1-4	v3magicsort	v3magicsort198	1	4
3240	v3magicsort_v3magicsort198_difficulty1-5	v3magicsort	v3magicsort198	1	5
3241	v3magicsort_v3magicsort199_difficulty5-1	v3magicsort	v3magicsort199	5	1
3242	v3magicsort_v3magicsort199_difficulty5-2	v3magicsort	v3magicsort199	5	2
3243	v3magicsort_v3magicsort199_difficulty5-3	v3magicsort	v3magicsort199	5	3
3244	v3magicsort_v3magicsort199_difficulty5-4	v3magicsort	v3magicsort199	5	4
3245	v3magicsort_v3magicsort199_difficulty5-5	v3magicsort	v3magicsort199	5	5
3246	v3magicsort_v3magicsort19_difficulty3-12	v3magicsort	v3magicsort19	3	12
3247	v3magicsort_v3magicsort19_difficulty3-13	v3magicsort	v3magicsort19	3	13
3248	v3magicsort_v3magicsort19_difficulty3-14	v3magicsort	v3magicsort19	3	14
3249	v3magicsort_v3magicsort19_difficulty4-11	v3magicsort	v3magicsort19	4	11
3250	v3magicsort_v3magicsort19_difficulty4-15	v3magicsort	v3magicsort19	4	15
3251	v3magicsort_v3magicsort200_difficulty2-1	v3magicsort	v3magicsort200	2	1
3252	v3magicsort_v3magicsort200_difficulty2-2	v3magicsort	v3magicsort200	2	2
3253	v3magicsort_v3magicsort200_difficulty2-4	v3magicsort	v3magicsort200	2	4
3254	v3magicsort_v3magicsort200_difficulty3-3	v3magicsort	v3magicsort200	3	3
3255	v3magicsort_v3magicsort200_difficulty3-5	v3magicsort	v3magicsort200	3	5
3256	v3magicsort_v3magicsort201_difficulty3-1	v3magicsort	v3magicsort201	3	1
3257	v3magicsort_v3magicsort201_difficulty3-3	v3magicsort	v3magicsort201	3	3
3258	v3magicsort_v3magicsort201_difficulty3-5	v3magicsort	v3magicsort201	3	5
3259	v3magicsort_v3magicsort201_difficulty4-2	v3magicsort	v3magicsort201	4	2
3260	v3magicsort_v3magicsort201_difficulty4-4	v3magicsort	v3magicsort201	4	4
3261	v3magicsort_v3magicsort202_difficulty5-1	v3magicsort	v3magicsort202	5	1
3262	v3magicsort_v3magicsort202_difficulty5-2	v3magicsort	v3magicsort202	5	2
3263	v3magicsort_v3magicsort202_difficulty5-4	v3magicsort	v3magicsort202	5	4
3264	v3magicsort_v3magicsort202_difficulty6-3	v3magicsort	v3magicsort202	6	3
3265	v3magicsort_v3magicsort202_difficulty7-5	v3magicsort	v3magicsort202	7	5
3266	v3magicsort_v3magicsort203_difficulty3-2	v3magicsort	v3magicsort203	3	2
3267	v3magicsort_v3magicsort203_difficulty3-3	v3magicsort	v3magicsort203	3	3
3268	v3magicsort_v3magicsort203_difficulty4-1	v3magicsort	v3magicsort203	4	1
3269	v3magicsort_v3magicsort203_difficulty4-4	v3magicsort	v3magicsort203	4	4
3270	v3magicsort_v3magicsort203_difficulty4-5	v3magicsort	v3magicsort203	4	5
3271	v3magicsort_v3magicsort204_difficulty5-1	v3magicsort	v3magicsort204	5	1
3272	v3magicsort_v3magicsort204_difficulty5-5	v3magicsort	v3magicsort204	5	5
3273	v3magicsort_v3magicsort204_difficulty6-4	v3magicsort	v3magicsort204	6	4
3274	v3magicsort_v3magicsort204_difficulty7-2	v3magicsort	v3magicsort204	7	2
3275	v3magicsort_v3magicsort204_difficulty7-3	v3magicsort	v3magicsort204	7	3
3276	v3magicsort_v3magicsort205_difficulty1-1	v3magicsort	v3magicsort205	1	1
3277	v3magicsort_v3magicsort205_difficulty1-2	v3magicsort	v3magicsort205	1	2
3278	v3magicsort_v3magicsort205_difficulty1-3	v3magicsort	v3magicsort205	1	3
3279	v3magicsort_v3magicsort205_difficulty1-4	v3magicsort	v3magicsort205	1	4
3280	v3magicsort_v3magicsort205_difficulty1-5	v3magicsort	v3magicsort205	1	5
3281	v3magicsort_v3magicsort206_difficulty4-1	v3magicsort	v3magicsort206	4	1
3282	v3magicsort_v3magicsort206_difficulty4-2	v3magicsort	v3magicsort206	4	2
3283	v3magicsort_v3magicsort206_difficulty4-3	v3magicsort	v3magicsort206	4	3
3284	v3magicsort_v3magicsort206_difficulty4-4	v3magicsort	v3magicsort206	4	4
3285	v3magicsort_v3magicsort206_difficulty4-5	v3magicsort	v3magicsort206	4	5
3286	v3magicsort_v3magicsort207_difficulty4-1	v3magicsort	v3magicsort207	4	1
3287	v3magicsort_v3magicsort207_difficulty4-2	v3magicsort	v3magicsort207	4	2
3288	v3magicsort_v3magicsort207_difficulty4-3	v3magicsort	v3magicsort207	4	3
3289	v3magicsort_v3magicsort207_difficulty4-4	v3magicsort	v3magicsort207	4	4
3290	v3magicsort_v3magicsort207_difficulty4-5	v3magicsort	v3magicsort207	4	5
3291	v3magicsort_v3magicsort208_difficulty3-1	v3magicsort	v3magicsort208	3	1
3292	v3magicsort_v3magicsort208_difficulty3-4	v3magicsort	v3magicsort208	3	4
3293	v3magicsort_v3magicsort208_difficulty4-2	v3magicsort	v3magicsort208	4	2
3294	v3magicsort_v3magicsort208_difficulty4-3	v3magicsort	v3magicsort208	4	3
3295	v3magicsort_v3magicsort208_difficulty4-5	v3magicsort	v3magicsort208	4	5
3296	v3magicsort_v3magicsort209_difficulty7-1	v3magicsort	v3magicsort209	7	1
3297	v3magicsort_v3magicsort209_difficulty7-2	v3magicsort	v3magicsort209	7	2
3298	v3magicsort_v3magicsort209_difficulty7-3	v3magicsort	v3magicsort209	7	3
3299	v3magicsort_v3magicsort209_difficulty7-4	v3magicsort	v3magicsort209	7	4
3300	v3magicsort_v3magicsort209_difficulty7-5	v3magicsort	v3magicsort209	7	5
3301	v3magicsort_v3magicsort20_difficulty1-1	v3magicsort	v3magicsort20	1	1
3302	v3magicsort_v3magicsort20_difficulty1-2	v3magicsort	v3magicsort20	1	2
3303	v3magicsort_v3magicsort20_difficulty1-3	v3magicsort	v3magicsort20	1	3
3304	v3magicsort_v3magicsort20_difficulty1-4	v3magicsort	v3magicsort20	1	4
3305	v3magicsort_v3magicsort20_difficulty1-5	v3magicsort	v3magicsort20	1	5
3306	v3magicsort_v3magicsort210_difficulty3-2	v3magicsort	v3magicsort210	3	2
3307	v3magicsort_v3magicsort210_difficulty3-3	v3magicsort	v3magicsort210	3	3
3308	v3magicsort_v3magicsort210_difficulty3-4	v3magicsort	v3magicsort210	3	4
3309	v3magicsort_v3magicsort210_difficulty3-5	v3magicsort	v3magicsort210	3	5
3310	v3magicsort_v3magicsort210_difficulty4-1	v3magicsort	v3magicsort210	4	1
3311	v3magicsort_v3magicsort211_difficulty3-2	v3magicsort	v3magicsort211	3	2
3312	v3magicsort_v3magicsort211_difficulty3-3	v3magicsort	v3magicsort211	3	3
3313	v3magicsort_v3magicsort211_difficulty4-1	v3magicsort	v3magicsort211	4	1
3314	v3magicsort_v3magicsort211_difficulty4-4	v3magicsort	v3magicsort211	4	4
3315	v3magicsort_v3magicsort211_difficulty4-5	v3magicsort	v3magicsort211	4	5
3316	v3magicsort_v3magicsort212_difficulty4-1	v3magicsort	v3magicsort212	4	1
3317	v3magicsort_v3magicsort212_difficulty4-2	v3magicsort	v3magicsort212	4	2
3318	v3magicsort_v3magicsort212_difficulty4-3	v3magicsort	v3magicsort212	4	3
3319	v3magicsort_v3magicsort212_difficulty4-4	v3magicsort	v3magicsort212	4	4
3320	v3magicsort_v3magicsort212_difficulty4-5	v3magicsort	v3magicsort212	4	5
3321	v3magicsort_v3magicsort213_difficulty4-2	v3magicsort	v3magicsort213	4	2
3322	v3magicsort_v3magicsort213_difficulty5-1	v3magicsort	v3magicsort213	5	1
3323	v3magicsort_v3magicsort213_difficulty5-3	v3magicsort	v3magicsort213	5	3
3324	v3magicsort_v3magicsort213_difficulty5-4	v3magicsort	v3magicsort213	5	4
3325	v3magicsort_v3magicsort213_difficulty5-5	v3magicsort	v3magicsort213	5	5
3326	v3magicsort_v3magicsort214_difficulty5-1	v3magicsort	v3magicsort214	5	1
3327	v3magicsort_v3magicsort214_difficulty5-2	v3magicsort	v3magicsort214	5	2
3328	v3magicsort_v3magicsort214_difficulty5-3	v3magicsort	v3magicsort214	5	3
3329	v3magicsort_v3magicsort214_difficulty5-4	v3magicsort	v3magicsort214	5	4
3330	v3magicsort_v3magicsort214_difficulty5-5	v3magicsort	v3magicsort214	5	5
3331	v3magicsort_v3magicsort215_difficulty2-3	v3magicsort	v3magicsort215	2	3
3332	v3magicsort_v3magicsort215_difficulty3-1	v3magicsort	v3magicsort215	3	1
3333	v3magicsort_v3magicsort215_difficulty3-2	v3magicsort	v3magicsort215	3	2
3334	v3magicsort_v3magicsort215_difficulty3-4	v3magicsort	v3magicsort215	3	4
3335	v3magicsort_v3magicsort215_difficulty4-5	v3magicsort	v3magicsort215	4	5
3336	v3magicsort_v3magicsort216_difficulty5-1	v3magicsort	v3magicsort216	5	1
3337	v3magicsort_v3magicsort216_difficulty5-3	v3magicsort	v3magicsort216	5	3
3338	v3magicsort_v3magicsort216_difficulty5-4	v3magicsort	v3magicsort216	5	4
3339	v3magicsort_v3magicsort216_difficulty7-2	v3magicsort	v3magicsort216	7	2
3340	v3magicsort_v3magicsort216_difficulty7-5	v3magicsort	v3magicsort216	7	5
3341	v3magicsort_v3magicsort217_difficulty3-5	v3magicsort	v3magicsort217	3	5
3342	v3magicsort_v3magicsort217_difficulty4-1	v3magicsort	v3magicsort217	4	1
3343	v3magicsort_v3magicsort217_difficulty4-2	v3magicsort	v3magicsort217	4	2
3344	v3magicsort_v3magicsort217_difficulty4-3	v3magicsort	v3magicsort217	4	3
3345	v3magicsort_v3magicsort217_difficulty4-4	v3magicsort	v3magicsort217	4	4
3346	v3magicsort_v3magicsort218_difficulty4-1	v3magicsort	v3magicsort218	4	1
3347	v3magicsort_v3magicsort218_difficulty4-2	v3magicsort	v3magicsort218	4	2
3348	v3magicsort_v3magicsort218_difficulty4-3	v3magicsort	v3magicsort218	4	3
3349	v3magicsort_v3magicsort218_difficulty4-4	v3magicsort	v3magicsort218	4	4
3350	v3magicsort_v3magicsort218_difficulty4-5	v3magicsort	v3magicsort218	4	5
3351	v3magicsort_v3magicsort219_difficulty5-5	v3magicsort	v3magicsort219	5	5
3352	v3magicsort_v3magicsort219_difficulty6-3	v3magicsort	v3magicsort219	6	3
3353	v3magicsort_v3magicsort219_difficulty7-1	v3magicsort	v3magicsort219	7	1
3354	v3magicsort_v3magicsort219_difficulty7-2	v3magicsort	v3magicsort219	7	2
3355	v3magicsort_v3magicsort219_difficulty7-4	v3magicsort	v3magicsort219	7	4
3356	v3magicsort_v3magicsort21_difficulty1-1	v3magicsort	v3magicsort21	1	1
3357	v3magicsort_v3magicsort21_difficulty1-2	v3magicsort	v3magicsort21	1	2
3358	v3magicsort_v3magicsort21_difficulty1-5	v3magicsort	v3magicsort21	1	5
3359	v3magicsort_v3magicsort21_difficulty1-7	v3magicsort	v3magicsort21	1	7
3360	v3magicsort_v3magicsort21_difficulty1-8	v3magicsort	v3magicsort21	1	8
3361	v3magicsort_v3magicsort21_difficulty1-9	v3magicsort	v3magicsort21	1	9
3362	v3magicsort_v3magicsort21_difficulty2-10	v3magicsort	v3magicsort21	2	10
3363	v3magicsort_v3magicsort21_difficulty2-3	v3magicsort	v3magicsort21	2	3
3364	v3magicsort_v3magicsort21_difficulty2-4	v3magicsort	v3magicsort21	2	4
3365	v3magicsort_v3magicsort21_difficulty2-6	v3magicsort	v3magicsort21	2	6
3366	v3magicsort_v3magicsort22_difficulty1-1	v3magicsort	v3magicsort22	1	1
3367	v3magicsort_v3magicsort22_difficulty1-2	v3magicsort	v3magicsort22	1	2
3368	v3magicsort_v3magicsort22_difficulty1-3	v3magicsort	v3magicsort22	1	3
3369	v3magicsort_v3magicsort22_difficulty1-4	v3magicsort	v3magicsort22	1	4
3370	v3magicsort_v3magicsort22_difficulty1-5	v3magicsort	v3magicsort22	1	5
3371	v3magicsort_v3magicsort23_difficulty2-1	v3magicsort	v3magicsort23	2	1
3372	v3magicsort_v3magicsort23_difficulty2-2	v3magicsort	v3magicsort23	2	2
3373	v3magicsort_v3magicsort23_difficulty2-3	v3magicsort	v3magicsort23	2	3
3374	v3magicsort_v3magicsort23_difficulty2-4	v3magicsort	v3magicsort23	2	4
3375	v3magicsort_v3magicsort23_difficulty2-5	v3magicsort	v3magicsort23	2	5
3376	v3magicsort_v3magicsort24_difficulty2-1	v3magicsort	v3magicsort24	2	1
3377	v3magicsort_v3magicsort24_difficulty2-2	v3magicsort	v3magicsort24	2	2
3378	v3magicsort_v3magicsort24_difficulty2-3	v3magicsort	v3magicsort24	2	3
3379	v3magicsort_v3magicsort24_difficulty2-4	v3magicsort	v3magicsort24	2	4
3380	v3magicsort_v3magicsort24_difficulty2-5	v3magicsort	v3magicsort24	2	5
3381	v3magicsort_v3magicsort25_difficulty1-1	v3magicsort	v3magicsort25	1	1
3382	v3magicsort_v3magicsort25_difficulty1-2	v3magicsort	v3magicsort25	1	2
3383	v3magicsort_v3magicsort25_difficulty1-4	v3magicsort	v3magicsort25	1	4
3384	v3magicsort_v3magicsort25_difficulty1-5	v3magicsort	v3magicsort25	1	5
3385	v3magicsort_v3magicsort25_difficulty2-3	v3magicsort	v3magicsort25	2	3
3386	v3magicsort_v3magicsort28_difficulty1-2	v3magicsort	v3magicsort28	1	2
3387	v3magicsort_v3magicsort28_difficulty2-1	v3magicsort	v3magicsort28	2	1
3388	v3magicsort_v3magicsort28_difficulty2-3	v3magicsort	v3magicsort28	2	3
3389	v3magicsort_v3magicsort28_difficulty2-4	v3magicsort	v3magicsort28	2	4
3390	v3magicsort_v3magicsort28_difficulty2-5	v3magicsort	v3magicsort28	2	5
3391	v3magicsort_v3magicsort31_difficulty1-2	v3magicsort	v3magicsort31	1	2
3392	v3magicsort_v3magicsort31_difficulty1-5	v3magicsort	v3magicsort31	1	5
3393	v3magicsort_v3magicsort31_difficulty2-1	v3magicsort	v3magicsort31	2	1
3394	v3magicsort_v3magicsort31_difficulty2-3	v3magicsort	v3magicsort31	2	3
3395	v3magicsort_v3magicsort31_difficulty2-4	v3magicsort	v3magicsort31	2	4
3396	v3magicsort_v3magicsort33_difficulty2-1	v3magicsort	v3magicsort33	2	1
3397	v3magicsort_v3magicsort33_difficulty2-2	v3magicsort	v3magicsort33	2	2
3398	v3magicsort_v3magicsort33_difficulty2-3	v3magicsort	v3magicsort33	2	3
3399	v3magicsort_v3magicsort33_difficulty2-4	v3magicsort	v3magicsort33	2	4
3400	v3magicsort_v3magicsort33_difficulty2-5	v3magicsort	v3magicsort33	2	5
3401	v3magicsort_v3magicsort35_difficulty1-2	v3magicsort	v3magicsort35	1	2
3402	v3magicsort_v3magicsort35_difficulty1-5	v3magicsort	v3magicsort35	1	5
3403	v3magicsort_v3magicsort35_difficulty2-1	v3magicsort	v3magicsort35	2	1
3404	v3magicsort_v3magicsort35_difficulty2-3	v3magicsort	v3magicsort35	2	3
3405	v3magicsort_v3magicsort35_difficulty2-4	v3magicsort	v3magicsort35	2	4
3406	v3magicsort_v3magicsort38_difficulty2-1	v3magicsort	v3magicsort38	2	1
3407	v3magicsort_v3magicsort38_difficulty2-2	v3magicsort	v3magicsort38	2	2
3408	v3magicsort_v3magicsort38_difficulty2-3	v3magicsort	v3magicsort38	2	3
3409	v3magicsort_v3magicsort38_difficulty2-4	v3magicsort	v3magicsort38	2	4
3410	v3magicsort_v3magicsort38_difficulty2-5	v3magicsort	v3magicsort38	2	5
3411	v3magicsort_v3magicsort40_difficulty1-1	v3magicsort	v3magicsort40	1	1
3412	v3magicsort_v3magicsort40_difficulty1-3	v3magicsort	v3magicsort40	1	3
3413	v3magicsort_v3magicsort40_difficulty1-4	v3magicsort	v3magicsort40	1	4
3414	v3magicsort_v3magicsort40_difficulty2-2	v3magicsort	v3magicsort40	2	2
3415	v3magicsort_v3magicsort40_difficulty2-5	v3magicsort	v3magicsort40	2	5
3416	v3magicsort_v3magicsort42_difficulty2-1	v3magicsort	v3magicsort42	2	1
3417	v3magicsort_v3magicsort42_difficulty2-2	v3magicsort	v3magicsort42	2	2
3418	v3magicsort_v3magicsort42_difficulty2-3	v3magicsort	v3magicsort42	2	3
3419	v3magicsort_v3magicsort42_difficulty2-4	v3magicsort	v3magicsort42	2	4
3420	v3magicsort_v3magicsort42_difficulty2-5	v3magicsort	v3magicsort42	2	5
3421	v3magicsort_v3magicsort43_difficulty2-1	v3magicsort	v3magicsort43	2	1
3422	v3magicsort_v3magicsort43_difficulty2-2	v3magicsort	v3magicsort43	2	2
3423	v3magicsort_v3magicsort43_difficulty2-3	v3magicsort	v3magicsort43	2	3
3424	v3magicsort_v3magicsort43_difficulty2-4	v3magicsort	v3magicsort43	2	4
3425	v3magicsort_v3magicsort43_difficulty2-5	v3magicsort	v3magicsort43	2	5
3426	v3magicsort_v3magicsort44_difficulty4-1	v3magicsort	v3magicsort44	4	1
3427	v3magicsort_v3magicsort44_difficulty4-2	v3magicsort	v3magicsort44	4	2
3428	v3magicsort_v3magicsort44_difficulty4-3	v3magicsort	v3magicsort44	4	3
3429	v3magicsort_v3magicsort44_difficulty4-4	v3magicsort	v3magicsort44	4	4
3430	v3magicsort_v3magicsort44_difficulty4-5	v3magicsort	v3magicsort44	4	5
3431	v3magicsort_v3magicsort46_difficulty2-1	v3magicsort	v3magicsort46	2	1
3432	v3magicsort_v3magicsort46_difficulty2-2	v3magicsort	v3magicsort46	2	2
3433	v3magicsort_v3magicsort46_difficulty2-3	v3magicsort	v3magicsort46	2	3
3434	v3magicsort_v3magicsort46_difficulty2-4	v3magicsort	v3magicsort46	2	4
3435	v3magicsort_v3magicsort46_difficulty2-5	v3magicsort	v3magicsort46	2	5
3436	v3magicsort_v3magicsort48_difficulty2-1	v3magicsort	v3magicsort48	2	1
3437	v3magicsort_v3magicsort48_difficulty2-2	v3magicsort	v3magicsort48	2	2
3438	v3magicsort_v3magicsort48_difficulty2-3	v3magicsort	v3magicsort48	2	3
3439	v3magicsort_v3magicsort48_difficulty2-4	v3magicsort	v3magicsort48	2	4
3440	v3magicsort_v3magicsort48_difficulty2-5	v3magicsort	v3magicsort48	2	5
3441	v3magicsort_v3magicsort50_difficulty1-1	v3magicsort	v3magicsort50	1	1
3442	v3magicsort_v3magicsort50_difficulty1-2	v3magicsort	v3magicsort50	1	2
3443	v3magicsort_v3magicsort50_difficulty1-3	v3magicsort	v3magicsort50	1	3
3444	v3magicsort_v3magicsort50_difficulty1-4	v3magicsort	v3magicsort50	1	4
3445	v3magicsort_v3magicsort50_difficulty1-5	v3magicsort	v3magicsort50	1	5
3446	v3magicsort_v3magicsort52_difficulty2-2	v3magicsort	v3magicsort52	2	2
3447	v3magicsort_v3magicsort52_difficulty2-3	v3magicsort	v3magicsort52	2	3
3448	v3magicsort_v3magicsort52_difficulty2-4	v3magicsort	v3magicsort52	2	4
3449	v3magicsort_v3magicsort52_difficulty2-5	v3magicsort	v3magicsort52	2	5
3450	v3magicsort_v3magicsort52_difficulty3-1	v3magicsort	v3magicsort52	3	1
3451	v3magicsort_v3magicsort53_difficulty2-1	v3magicsort	v3magicsort53	2	1
3452	v3magicsort_v3magicsort53_difficulty2-2	v3magicsort	v3magicsort53	2	2
3453	v3magicsort_v3magicsort53_difficulty2-3	v3magicsort	v3magicsort53	2	3
3454	v3magicsort_v3magicsort53_difficulty2-4	v3magicsort	v3magicsort53	2	4
3455	v3magicsort_v3magicsort53_difficulty2-5	v3magicsort	v3magicsort53	2	5
3456	v3magicsort_v3magicsort54_difficulty4-1	v3magicsort	v3magicsort54	4	1
3457	v3magicsort_v3magicsort54_difficulty4-2	v3magicsort	v3magicsort54	4	2
3458	v3magicsort_v3magicsort54_difficulty4-3	v3magicsort	v3magicsort54	4	3
3459	v3magicsort_v3magicsort54_difficulty4-4	v3magicsort	v3magicsort54	4	4
3460	v3magicsort_v3magicsort54_difficulty4-5	v3magicsort	v3magicsort54	4	5
3461	v3magicsort_v3magicsort55_difficulty1-1	v3magicsort	v3magicsort55	1	1
3462	v3magicsort_v3magicsort55_difficulty1-2	v3magicsort	v3magicsort55	1	2
3463	v3magicsort_v3magicsort55_difficulty1-3	v3magicsort	v3magicsort55	1	3
3464	v3magicsort_v3magicsort55_difficulty1-4	v3magicsort	v3magicsort55	1	4
3465	v3magicsort_v3magicsort55_difficulty2-5	v3magicsort	v3magicsort55	2	5
3466	v3magicsort_v3magicsort56_difficulty2-1	v3magicsort	v3magicsort56	2	1
3467	v3magicsort_v3magicsort56_difficulty2-2	v3magicsort	v3magicsort56	2	2
3468	v3magicsort_v3magicsort56_difficulty2-3	v3magicsort	v3magicsort56	2	3
3469	v3magicsort_v3magicsort56_difficulty2-4	v3magicsort	v3magicsort56	2	4
3470	v3magicsort_v3magicsort56_difficulty2-5	v3magicsort	v3magicsort56	2	5
3471	v3magicsort_v3magicsort58_difficulty2-1	v3magicsort	v3magicsort58	2	1
3472	v3magicsort_v3magicsort58_difficulty2-2	v3magicsort	v3magicsort58	2	2
3473	v3magicsort_v3magicsort58_difficulty2-3	v3magicsort	v3magicsort58	2	3
3474	v3magicsort_v3magicsort58_difficulty2-4	v3magicsort	v3magicsort58	2	4
3475	v3magicsort_v3magicsort58_difficulty2-5	v3magicsort	v3magicsort58	2	5
3476	v3magicsort_v3magicsort5_difficulty1-1	v3magicsort	v3magicsort5	1	1
3477	v3magicsort_v3magicsort5_difficulty1-2	v3magicsort	v3magicsort5	1	2
3478	v3magicsort_v3magicsort5_difficulty1-3	v3magicsort	v3magicsort5	1	3
3479	v3magicsort_v3magicsort5_difficulty1-4	v3magicsort	v3magicsort5	1	4
3480	v3magicsort_v3magicsort5_difficulty1-5	v3magicsort	v3magicsort5	1	5
3481	v3magicsort_v3magicsort60_difficulty1-1	v3magicsort	v3magicsort60	1	1
3482	v3magicsort_v3magicsort60_difficulty1-2	v3magicsort	v3magicsort60	1	2
3483	v3magicsort_v3magicsort60_difficulty1-3	v3magicsort	v3magicsort60	1	3
3484	v3magicsort_v3magicsort60_difficulty1-4	v3magicsort	v3magicsort60	1	4
3485	v3magicsort_v3magicsort60_difficulty1-5	v3magicsort	v3magicsort60	1	5
3486	v3magicsort_v3magicsort61_difficulty1-1	v3magicsort	v3magicsort61	1	1
3487	v3magicsort_v3magicsort61_difficulty1-2	v3magicsort	v3magicsort61	1	2
3488	v3magicsort_v3magicsort61_difficulty1-4	v3magicsort	v3magicsort61	1	4
3489	v3magicsort_v3magicsort61_difficulty1-5	v3magicsort	v3magicsort61	1	5
3490	v3magicsort_v3magicsort61_difficulty2-3	v3magicsort	v3magicsort61	2	3
3491	v3magicsort_v3magicsort62_difficulty2-2	v3magicsort	v3magicsort62	2	2
3492	v3magicsort_v3magicsort62_difficulty2-4	v3magicsort	v3magicsort62	2	4
3493	v3magicsort_v3magicsort62_difficulty2-5	v3magicsort	v3magicsort62	2	5
3494	v3magicsort_v3magicsort62_difficulty3-1	v3magicsort	v3magicsort62	3	1
3495	v3magicsort_v3magicsort62_difficulty3-3	v3magicsort	v3magicsort62	3	3
3496	v3magicsort_v3magicsort63_difficulty1-1	v3magicsort	v3magicsort63	1	1
3497	v3magicsort_v3magicsort63_difficulty1-2	v3magicsort	v3magicsort63	1	2
3498	v3magicsort_v3magicsort63_difficulty1-3	v3magicsort	v3magicsort63	1	3
3499	v3magicsort_v3magicsort63_difficulty1-4	v3magicsort	v3magicsort63	1	4
3500	v3magicsort_v3magicsort63_difficulty1-5	v3magicsort	v3magicsort63	1	5
3501	v3magicsort_v3magicsort64_difficulty1-2	v3magicsort	v3magicsort64	1	2
3502	v3magicsort_v3magicsort64_difficulty1-3	v3magicsort	v3magicsort64	1	3
3503	v3magicsort_v3magicsort64_difficulty1-4	v3magicsort	v3magicsort64	1	4
3504	v3magicsort_v3magicsort64_difficulty1-5	v3magicsort	v3magicsort64	1	5
3505	v3magicsort_v3magicsort64_difficulty2-1	v3magicsort	v3magicsort64	2	1
3506	v3magicsort_v3magicsort65_difficulty1-2	v3magicsort	v3magicsort65	1	2
3507	v3magicsort_v3magicsort65_difficulty1-3	v3magicsort	v3magicsort65	1	3
3508	v3magicsort_v3magicsort65_difficulty2-1	v3magicsort	v3magicsort65	2	1
3509	v3magicsort_v3magicsort65_difficulty2-4	v3magicsort	v3magicsort65	2	4
3510	v3magicsort_v3magicsort65_difficulty2-5	v3magicsort	v3magicsort65	2	5
3511	v3magicsort_v3magicsort66_difficulty2-1	v3magicsort	v3magicsort66	2	1
3512	v3magicsort_v3magicsort66_difficulty2-2	v3magicsort	v3magicsort66	2	2
3513	v3magicsort_v3magicsort66_difficulty2-3	v3magicsort	v3magicsort66	2	3
3514	v3magicsort_v3magicsort66_difficulty2-4	v3magicsort	v3magicsort66	2	4
3515	v3magicsort_v3magicsort66_difficulty2-5	v3magicsort	v3magicsort66	2	5
3516	v3magicsort_v3magicsort67_difficulty2-1	v3magicsort	v3magicsort67	2	1
3517	v3magicsort_v3magicsort67_difficulty2-2	v3magicsort	v3magicsort67	2	2
3518	v3magicsort_v3magicsort67_difficulty2-3	v3magicsort	v3magicsort67	2	3
3519	v3magicsort_v3magicsort67_difficulty2-4	v3magicsort	v3magicsort67	2	4
3520	v3magicsort_v3magicsort67_difficulty2-5	v3magicsort	v3magicsort67	2	5
3521	v3magicsort_v3magicsort68_difficulty2-1	v3magicsort	v3magicsort68	2	1
3522	v3magicsort_v3magicsort68_difficulty2-2	v3magicsort	v3magicsort68	2	2
3523	v3magicsort_v3magicsort68_difficulty2-3	v3magicsort	v3magicsort68	2	3
3524	v3magicsort_v3magicsort68_difficulty2-4	v3magicsort	v3magicsort68	2	4
3525	v3magicsort_v3magicsort68_difficulty2-5	v3magicsort	v3magicsort68	2	5
3526	v3magicsort_v3magicsort6_difficulty1-1	v3magicsort	v3magicsort6	1	1
3527	v3magicsort_v3magicsort6_difficulty1-2	v3magicsort	v3magicsort6	1	2
3528	v3magicsort_v3magicsort6_difficulty1-3	v3magicsort	v3magicsort6	1	3
3529	v3magicsort_v3magicsort6_difficulty1-4	v3magicsort	v3magicsort6	1	4
3530	v3magicsort_v3magicsort6_difficulty1-5	v3magicsort	v3magicsort6	1	5
3531	v3magicsort_v3magicsort70_difficulty1-1	v3magicsort	v3magicsort70	1	1
3532	v3magicsort_v3magicsort70_difficulty1-2	v3magicsort	v3magicsort70	1	2
3533	v3magicsort_v3magicsort70_difficulty1-5	v3magicsort	v3magicsort70	1	5
3534	v3magicsort_v3magicsort70_difficulty2-3	v3magicsort	v3magicsort70	2	3
3535	v3magicsort_v3magicsort70_difficulty2-4	v3magicsort	v3magicsort70	2	4
3536	v3magicsort_v3magicsort72_difficulty1-1	v3magicsort	v3magicsort72	1	1
3537	v3magicsort_v3magicsort72_difficulty1-2	v3magicsort	v3magicsort72	1	2
3538	v3magicsort_v3magicsort72_difficulty1-4	v3magicsort	v3magicsort72	1	4
3539	v3magicsort_v3magicsort72_difficulty1-5	v3magicsort	v3magicsort72	1	5
3540	v3magicsort_v3magicsort72_difficulty2-3	v3magicsort	v3magicsort72	2	3
3541	v3magicsort_v3magicsort75_difficulty1-1	v3magicsort	v3magicsort75	1	1
3542	v3magicsort_v3magicsort75_difficulty1-2	v3magicsort	v3magicsort75	1	2
3543	v3magicsort_v3magicsort75_difficulty1-3	v3magicsort	v3magicsort75	1	3
3544	v3magicsort_v3magicsort75_difficulty1-4	v3magicsort	v3magicsort75	1	4
3545	v3magicsort_v3magicsort75_difficulty1-5	v3magicsort	v3magicsort75	1	5
3546	v3magicsort_v3magicsort76_difficulty1-2	v3magicsort	v3magicsort76	1	2
3547	v3magicsort_v3magicsort76_difficulty1-4	v3magicsort	v3magicsort76	1	4
3548	v3magicsort_v3magicsort76_difficulty1-5	v3magicsort	v3magicsort76	1	5
3549	v3magicsort_v3magicsort76_difficulty2-1	v3magicsort	v3magicsort76	2	1
3550	v3magicsort_v3magicsort76_difficulty2-3	v3magicsort	v3magicsort76	2	3
3551	v3magicsort_v3magicsort77_difficulty2-1	v3magicsort	v3magicsort77	2	1
3552	v3magicsort_v3magicsort77_difficulty2-3	v3magicsort	v3magicsort77	2	3
3553	v3magicsort_v3magicsort77_difficulty2-4	v3magicsort	v3magicsort77	2	4
3554	v3magicsort_v3magicsort77_difficulty2-5	v3magicsort	v3magicsort77	2	5
3555	v3magicsort_v3magicsort77_difficulty3-2	v3magicsort	v3magicsort77	3	2
3556	v3magicsort_v3magicsort78_difficulty2-1	v3magicsort	v3magicsort78	2	1
3557	v3magicsort_v3magicsort78_difficulty2-2	v3magicsort	v3magicsort78	2	2
3558	v3magicsort_v3magicsort78_difficulty2-3	v3magicsort	v3magicsort78	2	3
3559	v3magicsort_v3magicsort78_difficulty2-4	v3magicsort	v3magicsort78	2	4
3560	v3magicsort_v3magicsort78_difficulty2-5	v3magicsort	v3magicsort78	2	5
3561	v3magicsort_v3magicsort7_difficulty1-1	v3magicsort	v3magicsort7	1	1
3562	v3magicsort_v3magicsort7_difficulty1-2	v3magicsort	v3magicsort7	1	2
3563	v3magicsort_v3magicsort7_difficulty1-3	v3magicsort	v3magicsort7	1	3
3564	v3magicsort_v3magicsort7_difficulty1-4	v3magicsort	v3magicsort7	1	4
3565	v3magicsort_v3magicsort7_difficulty1-5	v3magicsort	v3magicsort7	1	5
3566	v3magicsort_v3magicsort80_difficulty1-1	v3magicsort	v3magicsort80	1	1
3567	v3magicsort_v3magicsort80_difficulty1-2	v3magicsort	v3magicsort80	1	2
3568	v3magicsort_v3magicsort80_difficulty2-3	v3magicsort	v3magicsort80	2	3
3569	v3magicsort_v3magicsort80_difficulty2-4	v3magicsort	v3magicsort80	2	4
3570	v3magicsort_v3magicsort80_difficulty2-5	v3magicsort	v3magicsort80	2	5
3571	v3magicsort_v3magicsort81_difficulty2-1	v3magicsort	v3magicsort81	2	1
3572	v3magicsort_v3magicsort81_difficulty2-2	v3magicsort	v3magicsort81	2	2
3573	v3magicsort_v3magicsort81_difficulty2-3	v3magicsort	v3magicsort81	2	3
3574	v3magicsort_v3magicsort81_difficulty2-5	v3magicsort	v3magicsort81	2	5
3575	v3magicsort_v3magicsort81_difficulty3-4	v3magicsort	v3magicsort81	3	4
3576	v3magicsort_v3magicsort84_difficulty3-1	v3magicsort	v3magicsort84	3	1
3577	v3magicsort_v3magicsort84_difficulty3-2	v3magicsort	v3magicsort84	3	2
3578	v3magicsort_v3magicsort84_difficulty3-5	v3magicsort	v3magicsort84	3	5
3579	v3magicsort_v3magicsort84_difficulty4-3	v3magicsort	v3magicsort84	4	3
3580	v3magicsort_v3magicsort84_difficulty4-4	v3magicsort	v3magicsort84	4	4
3581	v3magicsort_v3magicsort85_difficulty1-2	v3magicsort	v3magicsort85	1	2
3582	v3magicsort_v3magicsort85_difficulty2-1	v3magicsort	v3magicsort85	2	1
3583	v3magicsort_v3magicsort85_difficulty2-3	v3magicsort	v3magicsort85	2	3
3584	v3magicsort_v3magicsort85_difficulty2-4	v3magicsort	v3magicsort85	2	4
3585	v3magicsort_v3magicsort85_difficulty2-5	v3magicsort	v3magicsort85	2	5
3586	v3magicsort_v3magicsort86_difficulty2-1	v3magicsort	v3magicsort86	2	1
3587	v3magicsort_v3magicsort86_difficulty2-2	v3magicsort	v3magicsort86	2	2
3588	v3magicsort_v3magicsort86_difficulty2-4	v3magicsort	v3magicsort86	2	4
3589	v3magicsort_v3magicsort86_difficulty3-3	v3magicsort	v3magicsort86	3	3
3590	v3magicsort_v3magicsort86_difficulty3-5	v3magicsort	v3magicsort86	3	5
3591	v3magicsort_v3magicsort87_difficulty2-1	v3magicsort	v3magicsort87	2	1
3592	v3magicsort_v3magicsort87_difficulty2-2	v3magicsort	v3magicsort87	2	2
3593	v3magicsort_v3magicsort87_difficulty2-3	v3magicsort	v3magicsort87	2	3
3594	v3magicsort_v3magicsort87_difficulty2-4	v3magicsort	v3magicsort87	2	4
3595	v3magicsort_v3magicsort87_difficulty2-5	v3magicsort	v3magicsort87	2	5
3596	v3magicsort_v3magicsort88_difficulty2-1	v3magicsort	v3magicsort88	2	1
3597	v3magicsort_v3magicsort88_difficulty2-2	v3magicsort	v3magicsort88	2	2
3598	v3magicsort_v3magicsort88_difficulty2-3	v3magicsort	v3magicsort88	2	3
3599	v3magicsort_v3magicsort88_difficulty2-4	v3magicsort	v3magicsort88	2	4
3600	v3magicsort_v3magicsort88_difficulty2-5	v3magicsort	v3magicsort88	2	5
3601	v3magicsort_v3magicsort8_difficulty1-11	v3magicsort	v3magicsort8	1	11
3602	v3magicsort_v3magicsort8_difficulty1-12	v3magicsort	v3magicsort8	1	12
3603	v3magicsort_v3magicsort8_difficulty1-13	v3magicsort	v3magicsort8	1	13
3604	v3magicsort_v3magicsort8_difficulty1-14	v3magicsort	v3magicsort8	1	14
3605	v3magicsort_v3magicsort8_difficulty1-15	v3magicsort	v3magicsort8	1	15
3606	v3magicsort_v3magicsort90_difficulty1-1	v3magicsort	v3magicsort90	1	1
3607	v3magicsort_v3magicsort90_difficulty1-2	v3magicsort	v3magicsort90	1	2
3608	v3magicsort_v3magicsort90_difficulty2-3	v3magicsort	v3magicsort90	2	3
3609	v3magicsort_v3magicsort90_difficulty2-4	v3magicsort	v3magicsort90	2	4
3610	v3magicsort_v3magicsort90_difficulty2-5	v3magicsort	v3magicsort90	2	5
3611	v3magicsort_v3magicsort93_difficulty2-1	v3magicsort	v3magicsort93	2	1
3612	v3magicsort_v3magicsort93_difficulty2-4	v3magicsort	v3magicsort93	2	4
3613	v3magicsort_v3magicsort93_difficulty2-5	v3magicsort	v3magicsort93	2	5
3614	v3magicsort_v3magicsort93_difficulty3-2	v3magicsort	v3magicsort93	3	2
3615	v3magicsort_v3magicsort93_difficulty3-3	v3magicsort	v3magicsort93	3	3
3616	v3magicsort_v3magicsort94_difficulty2-3	v3magicsort	v3magicsort94	2	3
3617	v3magicsort_v3magicsort94_difficulty4-1	v3magicsort	v3magicsort94	4	1
3618	v3magicsort_v3magicsort94_difficulty4-2	v3magicsort	v3magicsort94	4	2
3619	v3magicsort_v3magicsort94_difficulty4-4	v3magicsort	v3magicsort94	4	4
3620	v3magicsort_v3magicsort94_difficulty4-5	v3magicsort	v3magicsort94	4	5
3621	v3magicsort_v3magicsort95_difficulty1-1	v3magicsort	v3magicsort95	1	1
3622	v3magicsort_v3magicsort95_difficulty1-2	v3magicsort	v3magicsort95	1	2
3623	v3magicsort_v3magicsort95_difficulty2-3	v3magicsort	v3magicsort95	2	3
3624	v3magicsort_v3magicsort95_difficulty2-4	v3magicsort	v3magicsort95	2	4
3625	v3magicsort_v3magicsort95_difficulty2-5	v3magicsort	v3magicsort95	2	5
3626	v3magicsort_v3magicsort96_difficulty2-4	v3magicsort	v3magicsort96	2	4
3627	v3magicsort_v3magicsort96_difficulty3-1	v3magicsort	v3magicsort96	3	1
3628	v3magicsort_v3magicsort96_difficulty3-2	v3magicsort	v3magicsort96	3	2
3629	v3magicsort_v3magicsort96_difficulty3-3	v3magicsort	v3magicsort96	3	3
3630	v3magicsort_v3magicsort96_difficulty3-5	v3magicsort	v3magicsort96	3	5
3631	v3magicsort_v3magicsort97_difficulty3-1	v3magicsort	v3magicsort97	3	1
3632	v3magicsort_v3magicsort97_difficulty3-3	v3magicsort	v3magicsort97	3	3
3633	v3magicsort_v3magicsort97_difficulty3-5	v3magicsort	v3magicsort97	3	5
3634	v3magicsort_v3magicsort97_difficulty4-2	v3magicsort	v3magicsort97	4	2
3635	v3magicsort_v3magicsort97_difficulty4-4	v3magicsort	v3magicsort97	4	4
3636	v3magicsort_v3magicsort98_difficulty2-2	v3magicsort	v3magicsort98	2	2
3637	v3magicsort_v3magicsort98_difficulty3-1	v3magicsort	v3magicsort98	3	1
3638	v3magicsort_v3magicsort98_difficulty3-3	v3magicsort	v3magicsort98	3	3
3639	v3magicsort_v3magicsort98_difficulty3-4	v3magicsort	v3magicsort98	3	4
3640	v3magicsort_v3magicsort98_difficulty3-5	v3magicsort	v3magicsort98	3	5
3641	v3magicsort_v3magicsort9_difficulty1-11	v3magicsort	v3magicsort9	1	11
3642	v3magicsort_v3magicsort9_difficulty1-12	v3magicsort	v3magicsort9	1	12
3643	v3magicsort_v3magicsort9_difficulty1-13	v3magicsort	v3magicsort9	1	13
3644	v3magicsort_v3magicsort9_difficulty1-14	v3magicsort	v3magicsort9	1	14
3645	v3magicsort_v3magicsort9_difficulty1-15	v3magicsort	v3magicsort9	1	15
3646	v3msprod3row_v3msprod3row224_difficulty5-5	v3msprod3row	v3msprod3row224	5	5
3647	v3msprod3row_v3msprod3row224_difficulty5-6	v3msprod3row	v3msprod3row224	5	6
3648	v3msprod3row_v3msprod3row224_difficulty5-7	v3msprod3row	v3msprod3row224	5	7
3649	v3msprod3row_v3msprod3row224_difficulty5-8	v3msprod3row	v3msprod3row224	5	8
3650	v3msprod3row_v3msprod3row224_difficulty5-9	v3msprod3row	v3msprod3row224	5	9
3651	v3paywallms_v3paywallms119_difficulty4-2	v3paywallms	v3paywallms119	4	2
3652	v3paywallms_v3paywallms119_difficulty4-3	v3paywallms	v3paywallms119	4	3
3653	v3paywallms_v3paywallms119_difficulty4-4	v3paywallms	v3paywallms119	4	4
3654	v3paywallms_v3paywallms119_difficulty4-5	v3paywallms	v3paywallms119	4	5
3655	v3paywallms_v3paywallms119_difficulty4-6	v3paywallms	v3paywallms119	4	6
3656	v4blockerprod_v4blockerprod300_difficulty1-10	v4blockerprod	v4blockerprod300	1	10
3657	v4blockerprod_v4blockerprod300_difficulty1-6	v4blockerprod	v4blockerprod300	1	6
3658	v4blockerprod_v4blockerprod300_difficulty1-7	v4blockerprod	v4blockerprod300	1	7
3659	v4blockerprod_v4blockerprod300_difficulty1-8	v4blockerprod	v4blockerprod300	1	8
3660	v4blockerprod_v4blockerprod300_difficulty1-9	v4blockerprod	v4blockerprod300	1	9
3661	v4blockerprod_v4blockerprod301_difficulty1-10	v4blockerprod	v4blockerprod301	1	10
3662	v4blockerprod_v4blockerprod301_difficulty1-6	v4blockerprod	v4blockerprod301	1	6
3663	v4blockerprod_v4blockerprod301_difficulty1-7	v4blockerprod	v4blockerprod301	1	7
3664	v4blockerprod_v4blockerprod301_difficulty1-8	v4blockerprod	v4blockerprod301	1	8
3665	v4blockerprod_v4blockerprod301_difficulty1-9	v4blockerprod	v4blockerprod301	1	9
3666	v4blockerprod_v4blockerprod302_difficulty1-10	v4blockerprod	v4blockerprod302	1	10
3667	v4blockerprod_v4blockerprod302_difficulty1-6	v4blockerprod	v4blockerprod302	1	6
3668	v4blockerprod_v4blockerprod302_difficulty1-7	v4blockerprod	v4blockerprod302	1	7
3669	v4blockerprod_v4blockerprod302_difficulty1-8	v4blockerprod	v4blockerprod302	1	8
3670	v4blockerprod_v4blockerprod302_difficulty1-9	v4blockerprod	v4blockerprod302	1	9
3671	v4blockerprod_v4blockerprod303_difficulty1-11	v4blockerprod	v4blockerprod303	1	11
3672	v4blockerprod_v4blockerprod303_difficulty1-12	v4blockerprod	v4blockerprod303	1	12
3673	v4blockerprod_v4blockerprod303_difficulty1-13	v4blockerprod	v4blockerprod303	1	13
3674	v4blockerprod_v4blockerprod303_difficulty1-14	v4blockerprod	v4blockerprod303	1	14
3675	v4blockerprod_v4blockerprod303_difficulty1-15	v4blockerprod	v4blockerprod303	1	15
3676	v4blockerprod_v4blockerprod304_difficulty5-16	v4blockerprod	v4blockerprod304	5	16
3677	v4blockerprod_v4blockerprod304_difficulty5-17	v4blockerprod	v4blockerprod304	5	17
3678	v4blockerprod_v4blockerprod304_difficulty5-18	v4blockerprod	v4blockerprod304	5	18
3679	v4blockerprod_v4blockerprod304_difficulty5-19	v4blockerprod	v4blockerprod304	5	19
3680	v4blockerprod_v4blockerprod304_difficulty5-20	v4blockerprod	v4blockerprod304	5	20
3681	v4blockerprod_v4blockerprod305_difficulty1-1	v4blockerprod	v4blockerprod305	1	1
3682	v4blockerprod_v4blockerprod305_difficulty1-2	v4blockerprod	v4blockerprod305	1	2
3683	v4blockerprod_v4blockerprod305_difficulty1-3	v4blockerprod	v4blockerprod305	1	3
3684	v4blockerprod_v4blockerprod305_difficulty1-4	v4blockerprod	v4blockerprod305	1	4
3685	v4blockerprod_v4blockerprod305_difficulty1-5	v4blockerprod	v4blockerprod305	1	5
3686	v4blockerprod_v4blockerprod306_difficulty3-3	v4blockerprod	v4blockerprod306	3	3
3687	v4blockerprod_v4blockerprod306_difficulty3-5	v4blockerprod	v4blockerprod306	3	5
3688	v4blockerprod_v4blockerprod306_difficulty4-1	v4blockerprod	v4blockerprod306	4	1
3689	v4blockerprod_v4blockerprod306_difficulty4-2	v4blockerprod	v4blockerprod306	4	2
3690	v4blockerprod_v4blockerprod306_difficulty4-4	v4blockerprod	v4blockerprod306	4	4
3691	v4blockerprod_v4blockerprod307_difficulty3-1	v4blockerprod	v4blockerprod307	3	1
3692	v4blockerprod_v4blockerprod307_difficulty3-3	v4blockerprod	v4blockerprod307	3	3
3693	v4blockerprod_v4blockerprod307_difficulty3-5	v4blockerprod	v4blockerprod307	3	5
3694	v4blockerprod_v4blockerprod307_difficulty4-2	v4blockerprod	v4blockerprod307	4	2
3695	v4blockerprod_v4blockerprod307_difficulty4-4	v4blockerprod	v4blockerprod307	4	4
3696	v4blockerprod_v4blockerprod308_difficulty2-10	v4blockerprod	v4blockerprod308	2	10
3697	v4blockerprod_v4blockerprod308_difficulty2-6	v4blockerprod	v4blockerprod308	2	6
3698	v4blockerprod_v4blockerprod308_difficulty2-7	v4blockerprod	v4blockerprod308	2	7
3699	v4blockerprod_v4blockerprod308_difficulty2-8	v4blockerprod	v4blockerprod308	2	8
3700	v4blockerprod_v4blockerprod308_difficulty2-9	v4blockerprod	v4blockerprod308	2	9
3701	v4blockerprod_v4blockerprod309_difficulty5-10	v4blockerprod	v4blockerprod309	5	10
3702	v4blockerprod_v4blockerprod309_difficulty5-11	v4blockerprod	v4blockerprod309	5	11
3703	v4blockerprod_v4blockerprod309_difficulty5-8	v4blockerprod	v4blockerprod309	5	8
3704	v4blockerprod_v4blockerprod309_difficulty5-9	v4blockerprod	v4blockerprod309	5	9
3705	v4blockerprod_v4blockerprod309_difficulty7-7	v4blockerprod	v4blockerprod309	7	7
3706	v4blockerprod_v4blockerprod310_difficulty1-10	v4blockerprod	v4blockerprod310	1	10
3707	v4blockerprod_v4blockerprod310_difficulty1-6	v4blockerprod	v4blockerprod310	1	6
3708	v4blockerprod_v4blockerprod310_difficulty1-7	v4blockerprod	v4blockerprod310	1	7
3709	v4blockerprod_v4blockerprod310_difficulty1-8	v4blockerprod	v4blockerprod310	1	8
3710	v4blockerprod_v4blockerprod310_difficulty1-9	v4blockerprod	v4blockerprod310	1	9
3711	v4blockerprod_v4blockerprod311_difficulty3-12	v4blockerprod	v4blockerprod311	3	12
3712	v4blockerprod_v4blockerprod311_difficulty3-13	v4blockerprod	v4blockerprod311	3	13
3713	v4blockerprod_v4blockerprod311_difficulty3-15	v4blockerprod	v4blockerprod311	3	15
3714	v4blockerprod_v4blockerprod311_difficulty4-11	v4blockerprod	v4blockerprod311	4	11
3715	v4blockerprod_v4blockerprod311_difficulty4-14	v4blockerprod	v4blockerprod311	4	14
3716	v4blockerprod_v4blockerprod312_difficulty4-1	v4blockerprod	v4blockerprod312	4	1
3717	v4blockerprod_v4blockerprod312_difficulty4-2	v4blockerprod	v4blockerprod312	4	2
3718	v4blockerprod_v4blockerprod312_difficulty4-3	v4blockerprod	v4blockerprod312	4	3
3719	v4blockerprod_v4blockerprod312_difficulty4-4	v4blockerprod	v4blockerprod312	4	4
3720	v4blockerprod_v4blockerprod312_difficulty4-5	v4blockerprod	v4blockerprod312	4	5
3721	v4blockerprod_v4blockerprod313_difficulty2-1	v4blockerprod	v4blockerprod313	2	1
3722	v4blockerprod_v4blockerprod313_difficulty2-2	v4blockerprod	v4blockerprod313	2	2
3723	v4blockerprod_v4blockerprod313_difficulty2-3	v4blockerprod	v4blockerprod313	2	3
3724	v4blockerprod_v4blockerprod313_difficulty2-4	v4blockerprod	v4blockerprod313	2	4
3725	v4blockerprod_v4blockerprod313_difficulty2-5	v4blockerprod	v4blockerprod313	2	5
3726	v4blockerprod_v4blockerprod314_difficulty5-10	v4blockerprod	v4blockerprod314	5	10
3727	v4blockerprod_v4blockerprod314_difficulty5-6	v4blockerprod	v4blockerprod314	5	6
3728	v4blockerprod_v4blockerprod314_difficulty5-7	v4blockerprod	v4blockerprod314	5	7
3729	v4blockerprod_v4blockerprod314_difficulty5-8	v4blockerprod	v4blockerprod314	5	8
3730	v4blockerprod_v4blockerprod314_difficulty6-9	v4blockerprod	v4blockerprod314	6	9
3731	v4blockerprod_v4blockerprod315_difficulty2-10	v4blockerprod	v4blockerprod315	2	10
3732	v4blockerprod_v4blockerprod315_difficulty2-6	v4blockerprod	v4blockerprod315	2	6
3733	v4blockerprod_v4blockerprod315_difficulty2-7	v4blockerprod	v4blockerprod315	2	7
3734	v4blockerprod_v4blockerprod315_difficulty2-8	v4blockerprod	v4blockerprod315	2	8
3735	v4blockerprod_v4blockerprod315_difficulty2-9	v4blockerprod	v4blockerprod315	2	9
3736	v4blockerprod_v4blockerprod316_difficulty1-10	v4blockerprod	v4blockerprod316	1	10
3737	v4blockerprod_v4blockerprod316_difficulty1-6	v4blockerprod	v4blockerprod316	1	6
3738	v4blockerprod_v4blockerprod316_difficulty1-7	v4blockerprod	v4blockerprod316	1	7
3739	v4blockerprod_v4blockerprod316_difficulty1-8	v4blockerprod	v4blockerprod316	1	8
3740	v4blockerprod_v4blockerprod316_difficulty1-9	v4blockerprod	v4blockerprod316	1	9
3741	v4blockerprod_v4blockerprod317_difficulty4-10	v4blockerprod	v4blockerprod317	4	10
3742	v4blockerprod_v4blockerprod317_difficulty4-6	v4blockerprod	v4blockerprod317	4	6
3743	v4blockerprod_v4blockerprod317_difficulty4-7	v4blockerprod	v4blockerprod317	4	7
3744	v4blockerprod_v4blockerprod317_difficulty4-8	v4blockerprod	v4blockerprod317	4	8
3745	v4blockerprod_v4blockerprod317_difficulty4-9	v4blockerprod	v4blockerprod317	4	9
3746	v4blockerprod_v4blockerprod318_difficulty2-1	v4blockerprod	v4blockerprod318	2	1
3747	v4blockerprod_v4blockerprod318_difficulty2-2	v4blockerprod	v4blockerprod318	2	2
3748	v4blockerprod_v4blockerprod318_difficulty2-3	v4blockerprod	v4blockerprod318	2	3
3749	v4blockerprod_v4blockerprod318_difficulty2-4	v4blockerprod	v4blockerprod318	2	4
3750	v4blockerprod_v4blockerprod318_difficulty2-5	v4blockerprod	v4blockerprod318	2	5
3751	v4blockerprod_v4blockerprod319_difficulty5-16	v4blockerprod	v4blockerprod319	5	16
3752	v4blockerprod_v4blockerprod319_difficulty5-18	v4blockerprod	v4blockerprod319	5	18
3753	v4blockerprod_v4blockerprod319_difficulty5-20	v4blockerprod	v4blockerprod319	5	20
3754	v4blockerprod_v4blockerprod319_difficulty6-17	v4blockerprod	v4blockerprod319	6	17
3755	v4blockerprod_v4blockerprod319_difficulty6-19	v4blockerprod	v4blockerprod319	6	19
3756	v4blockerprod_v4blockerprod320_difficulty1-1	v4blockerprod	v4blockerprod320	1	1
3757	v4blockerprod_v4blockerprod320_difficulty1-2	v4blockerprod	v4blockerprod320	1	2
3758	v4blockerprod_v4blockerprod320_difficulty1-3	v4blockerprod	v4blockerprod320	1	3
3759	v4blockerprod_v4blockerprod320_difficulty1-4	v4blockerprod	v4blockerprod320	1	4
3760	v4blockerprod_v4blockerprod320_difficulty1-5	v4blockerprod	v4blockerprod320	1	5
3761	v4blockerprod_v4blockerprod321_difficulty3-1	v4blockerprod	v4blockerprod321	3	1
3762	v4blockerprod_v4blockerprod321_difficulty3-5	v4blockerprod	v4blockerprod321	3	5
3763	v4blockerprod_v4blockerprod321_difficulty4-2	v4blockerprod	v4blockerprod321	4	2
3764	v4blockerprod_v4blockerprod321_difficulty4-3	v4blockerprod	v4blockerprod321	4	3
3765	v4blockerprod_v4blockerprod321_difficulty4-4	v4blockerprod	v4blockerprod321	4	4
3766	v4blockerprod_v4blockerprod322_difficulty4-10	v4blockerprod	v4blockerprod322	4	10
3767	v4blockerprod_v4blockerprod322_difficulty4-6	v4blockerprod	v4blockerprod322	4	6
3768	v4blockerprod_v4blockerprod322_difficulty4-7	v4blockerprod	v4blockerprod322	4	7
3769	v4blockerprod_v4blockerprod322_difficulty4-8	v4blockerprod	v4blockerprod322	4	8
3770	v4blockerprod_v4blockerprod322_difficulty4-9	v4blockerprod	v4blockerprod322	4	9
3771	v4blockerprod_v4blockerprod323_difficulty3-1	v4blockerprod	v4blockerprod323	3	1
3772	v4blockerprod_v4blockerprod323_difficulty3-2	v4blockerprod	v4blockerprod323	3	2
3773	v4blockerprod_v4blockerprod323_difficulty3-3	v4blockerprod	v4blockerprod323	3	3
3774	v4blockerprod_v4blockerprod323_difficulty3-5	v4blockerprod	v4blockerprod323	3	5
3775	v4blockerprod_v4blockerprod323_difficulty4-4	v4blockerprod	v4blockerprod323	4	4
3776	v4blockerprod_v4blockerprod324_difficulty5-21	v4blockerprod	v4blockerprod324	5	21
3777	v4blockerprod_v4blockerprod324_difficulty5-30	v4blockerprod	v4blockerprod324	5	30
3778	v4blockerprod_v4blockerprod324_difficulty6-24	v4blockerprod	v4blockerprod324	6	24
3779	v4blockerprod_v4blockerprod324_difficulty6-25	v4blockerprod	v4blockerprod324	6	25
3780	v4blockerprod_v4blockerprod324_difficulty6-29	v4blockerprod	v4blockerprod324	6	29
3781	v4blockerprod_v4blockerprod325_difficulty2-11	v4blockerprod	v4blockerprod325	2	11
3782	v4blockerprod_v4blockerprod325_difficulty2-12	v4blockerprod	v4blockerprod325	2	12
3783	v4blockerprod_v4blockerprod325_difficulty2-13	v4blockerprod	v4blockerprod325	2	13
3784	v4blockerprod_v4blockerprod325_difficulty2-14	v4blockerprod	v4blockerprod325	2	14
3785	v4blockerprod_v4blockerprod325_difficulty2-15	v4blockerprod	v4blockerprod325	2	15
3786	v4blockerprod_v4blockerprod326_difficulty1-1	v4blockerprod	v4blockerprod326	1	1
3787	v4blockerprod_v4blockerprod326_difficulty1-2	v4blockerprod	v4blockerprod326	1	2
3788	v4blockerprod_v4blockerprod326_difficulty1-3	v4blockerprod	v4blockerprod326	1	3
3789	v4blockerprod_v4blockerprod326_difficulty1-4	v4blockerprod	v4blockerprod326	1	4
3790	v4blockerprod_v4blockerprod326_difficulty1-5	v4blockerprod	v4blockerprod326	1	5
3791	v4blockerprod_v4blockerprod327_difficulty4-10	v4blockerprod	v4blockerprod327	4	10
3792	v4blockerprod_v4blockerprod327_difficulty4-11	v4blockerprod	v4blockerprod327	4	11
3793	v4blockerprod_v4blockerprod327_difficulty4-12	v4blockerprod	v4blockerprod327	4	12
3794	v4blockerprod_v4blockerprod327_difficulty4-8	v4blockerprod	v4blockerprod327	4	8
3795	v4blockerprod_v4blockerprod327_difficulty4-9	v4blockerprod	v4blockerprod327	4	9
3796	v4blockerprod_v4blockerprod328_difficulty3-1	v4blockerprod	v4blockerprod328	3	1
3797	v4blockerprod_v4blockerprod328_difficulty3-4	v4blockerprod	v4blockerprod328	3	4
3798	v4blockerprod_v4blockerprod328_difficulty3-5	v4blockerprod	v4blockerprod328	3	5
3799	v4blockerprod_v4blockerprod328_difficulty4-2	v4blockerprod	v4blockerprod328	4	2
3800	v4blockerprod_v4blockerprod328_difficulty4-3	v4blockerprod	v4blockerprod328	4	3
3801	v4blockerprod_v4blockerprod329_difficulty6-10	v4blockerprod	v4blockerprod329	6	10
3802	v4blockerprod_v4blockerprod329_difficulty6-11	v4blockerprod	v4blockerprod329	6	11
3803	v4blockerprod_v4blockerprod329_difficulty6-8	v4blockerprod	v4blockerprod329	6	8
3804	v4blockerprod_v4blockerprod329_difficulty6-9	v4blockerprod	v4blockerprod329	6	9
3805	v4blockerprod_v4blockerprod329_difficulty7-7	v4blockerprod	v4blockerprod329	7	7
3806	v4blockerprod_v4blockerprod330_difficulty1-1	v4blockerprod	v4blockerprod330	1	1
3807	v4blockerprod_v4blockerprod330_difficulty1-2	v4blockerprod	v4blockerprod330	1	2
3808	v4blockerprod_v4blockerprod330_difficulty1-3	v4blockerprod	v4blockerprod330	1	3
3809	v4blockerprod_v4blockerprod330_difficulty1-4	v4blockerprod	v4blockerprod330	1	4
3810	v4blockerprod_v4blockerprod330_difficulty1-5	v4blockerprod	v4blockerprod330	1	5
3811	v4blockerprod_v4blockerprod331_difficulty2-11	v4blockerprod	v4blockerprod331	2	11
3812	v4blockerprod_v4blockerprod331_difficulty2-12	v4blockerprod	v4blockerprod331	2	12
3813	v4blockerprod_v4blockerprod331_difficulty2-13	v4blockerprod	v4blockerprod331	2	13
3814	v4blockerprod_v4blockerprod331_difficulty2-14	v4blockerprod	v4blockerprod331	2	14
3815	v4blockerprod_v4blockerprod331_difficulty2-15	v4blockerprod	v4blockerprod331	2	15
3816	v4blockerprod_v4blockerprod332_difficulty3-21	v4blockerprod	v4blockerprod332	3	21
3817	v4blockerprod_v4blockerprod332_difficulty4-22	v4blockerprod	v4blockerprod332	4	22
3818	v4blockerprod_v4blockerprod332_difficulty4-23	v4blockerprod	v4blockerprod332	4	23
3819	v4blockerprod_v4blockerprod332_difficulty4-24	v4blockerprod	v4blockerprod332	4	24
3820	v4blockerprod_v4blockerprod332_difficulty4-25	v4blockerprod	v4blockerprod332	4	25
3821	v4blockerprod_v4blockerprod333_difficulty3-11	v4blockerprod	v4blockerprod333	3	11
3822	v4blockerprod_v4blockerprod333_difficulty3-13	v4blockerprod	v4blockerprod333	3	13
3823	v4blockerprod_v4blockerprod333_difficulty3-15	v4blockerprod	v4blockerprod333	3	15
3824	v4blockerprod_v4blockerprod333_difficulty4-12	v4blockerprod	v4blockerprod333	4	12
3825	v4blockerprod_v4blockerprod333_difficulty4-14	v4blockerprod	v4blockerprod333	4	14
3826	v4blockerprod_v4blockerprod334_difficulty5-10	v4blockerprod	v4blockerprod334	5	10
3827	v4blockerprod_v4blockerprod334_difficulty5-6	v4blockerprod	v4blockerprod334	5	6
3828	v4blockerprod_v4blockerprod334_difficulty5-7	v4blockerprod	v4blockerprod334	5	7
3829	v4blockerprod_v4blockerprod334_difficulty5-9	v4blockerprod	v4blockerprod334	5	9
3830	v4blockerprod_v4blockerprod334_difficulty6-8	v4blockerprod	v4blockerprod334	6	8
3831	v4blockerprod_v4blockerprod335_difficulty1-10	v4blockerprod	v4blockerprod335	1	10
3832	v4blockerprod_v4blockerprod335_difficulty1-6	v4blockerprod	v4blockerprod335	1	6
3833	v4blockerprod_v4blockerprod335_difficulty1-7	v4blockerprod	v4blockerprod335	1	7
3834	v4blockerprod_v4blockerprod335_difficulty1-8	v4blockerprod	v4blockerprod335	1	8
3835	v4blockerprod_v4blockerprod335_difficulty1-9	v4blockerprod	v4blockerprod335	1	9
3836	v4blockerprod_v4blockerprod336_difficulty3-2	v4blockerprod	v4blockerprod336	3	2
3837	v4blockerprod_v4blockerprod336_difficulty3-3	v4blockerprod	v4blockerprod336	3	3
3838	v4blockerprod_v4blockerprod336_difficulty3-5	v4blockerprod	v4blockerprod336	3	5
3839	v4blockerprod_v4blockerprod336_difficulty4-1	v4blockerprod	v4blockerprod336	4	1
3840	v4blockerprod_v4blockerprod336_difficulty4-4	v4blockerprod	v4blockerprod336	4	4
3841	v4blockerprod_v4blockerprod337_difficulty3-1	v4blockerprod	v4blockerprod337	3	1
3842	v4blockerprod_v4blockerprod337_difficulty3-3	v4blockerprod	v4blockerprod337	3	3
3843	v4blockerprod_v4blockerprod337_difficulty3-4	v4blockerprod	v4blockerprod337	3	4
3844	v4blockerprod_v4blockerprod337_difficulty3-5	v4blockerprod	v4blockerprod337	3	5
3845	v4blockerprod_v4blockerprod337_difficulty4-2	v4blockerprod	v4blockerprod337	4	2
3846	v4blockerprod_v4blockerprod338_difficulty3-7	v4blockerprod	v4blockerprod338	3	7
3847	v4blockerprod_v4blockerprod338_difficulty4-10	v4blockerprod	v4blockerprod338	4	10
3848	v4blockerprod_v4blockerprod338_difficulty4-6	v4blockerprod	v4blockerprod338	4	6
3849	v4blockerprod_v4blockerprod338_difficulty4-8	v4blockerprod	v4blockerprod338	4	8
3850	v4blockerprod_v4blockerprod338_difficulty4-9	v4blockerprod	v4blockerprod338	4	9
3851	v4blockerprod_v4blockerprod339_difficulty5-10	v4blockerprod	v4blockerprod339	5	10
3852	v4blockerprod_v4blockerprod339_difficulty5-7	v4blockerprod	v4blockerprod339	5	7
3853	v4blockerprod_v4blockerprod339_difficulty6-6	v4blockerprod	v4blockerprod339	6	6
3854	v4blockerprod_v4blockerprod339_difficulty6-8	v4blockerprod	v4blockerprod339	6	8
3855	v4blockerprod_v4blockerprod339_difficulty6-9	v4blockerprod	v4blockerprod339	6	9
3856	v4blockerprod_v4blockerprod340_difficulty1-10	v4blockerprod	v4blockerprod340	1	10
3857	v4blockerprod_v4blockerprod340_difficulty1-6	v4blockerprod	v4blockerprod340	1	6
3858	v4blockerprod_v4blockerprod340_difficulty1-7	v4blockerprod	v4blockerprod340	1	7
3859	v4blockerprod_v4blockerprod340_difficulty1-8	v4blockerprod	v4blockerprod340	1	8
3860	v4blockerprod_v4blockerprod340_difficulty1-9	v4blockerprod	v4blockerprod340	1	9
3861	v4blockerprod_v4blockerprod341_difficulty3-11	v4blockerprod	v4blockerprod341	3	11
3862	v4blockerprod_v4blockerprod341_difficulty3-12	v4blockerprod	v4blockerprod341	3	12
3863	v4blockerprod_v4blockerprod341_difficulty3-13	v4blockerprod	v4blockerprod341	3	13
3864	v4blockerprod_v4blockerprod341_difficulty3-14	v4blockerprod	v4blockerprod341	3	14
3865	v4blockerprod_v4blockerprod341_difficulty3-15	v4blockerprod	v4blockerprod341	3	15
3866	v4blockerprod_v4blockerprod342_difficulty3-3	v4blockerprod	v4blockerprod342	3	3
3867	v4blockerprod_v4blockerprod342_difficulty3-5	v4blockerprod	v4blockerprod342	3	5
3868	v4blockerprod_v4blockerprod342_difficulty4-1	v4blockerprod	v4blockerprod342	4	1
3869	v4blockerprod_v4blockerprod342_difficulty4-2	v4blockerprod	v4blockerprod342	4	2
3870	v4blockerprod_v4blockerprod342_difficulty4-4	v4blockerprod	v4blockerprod342	4	4
3871	v4blockerprod_v4blockerprod343_difficulty2-10	v4blockerprod	v4blockerprod343	2	10
3872	v4blockerprod_v4blockerprod343_difficulty2-6	v4blockerprod	v4blockerprod343	2	6
3873	v4blockerprod_v4blockerprod343_difficulty2-7	v4blockerprod	v4blockerprod343	2	7
3874	v4blockerprod_v4blockerprod343_difficulty2-8	v4blockerprod	v4blockerprod343	2	8
3875	v4blockerprod_v4blockerprod343_difficulty2-9	v4blockerprod	v4blockerprod343	2	9
3876	v4blockerprod_v4blockerprod344_difficulty5-1	v4blockerprod	v4blockerprod344	5	1
3877	v4blockerprod_v4blockerprod344_difficulty5-2	v4blockerprod	v4blockerprod344	5	2
3878	v4blockerprod_v4blockerprod344_difficulty5-3	v4blockerprod	v4blockerprod344	5	3
3879	v4blockerprod_v4blockerprod344_difficulty5-4	v4blockerprod	v4blockerprod344	5	4
3880	v4blockerprod_v4blockerprod344_difficulty5-5	v4blockerprod	v4blockerprod344	5	5
3881	v4blockerprod_v4blockerprod345_difficulty2-16	v4blockerprod	v4blockerprod345	2	16
3882	v4blockerprod_v4blockerprod345_difficulty2-17	v4blockerprod	v4blockerprod345	2	17
3883	v4blockerprod_v4blockerprod345_difficulty2-19	v4blockerprod	v4blockerprod345	2	19
3884	v4blockerprod_v4blockerprod345_difficulty2-20	v4blockerprod	v4blockerprod345	2	20
3885	v4blockerprod_v4blockerprod345_difficulty3-18	v4blockerprod	v4blockerprod345	3	18
3886	v4blockerprod_v4blockerprod346_difficulty1-1	v4blockerprod	v4blockerprod346	1	1
3887	v4blockerprod_v4blockerprod346_difficulty1-2	v4blockerprod	v4blockerprod346	1	2
3888	v4blockerprod_v4blockerprod346_difficulty1-3	v4blockerprod	v4blockerprod346	1	3
3889	v4blockerprod_v4blockerprod346_difficulty1-4	v4blockerprod	v4blockerprod346	1	4
3890	v4blockerprod_v4blockerprod346_difficulty1-5	v4blockerprod	v4blockerprod346	1	5
3891	v4blockerprod_v4blockerprod347_difficulty4-2	v4blockerprod	v4blockerprod347	4	2
3892	v4blockerprod_v4blockerprod347_difficulty4-3	v4blockerprod	v4blockerprod347	4	3
3893	v4blockerprod_v4blockerprod347_difficulty4-4	v4blockerprod	v4blockerprod347	4	4
3894	v4blockerprod_v4blockerprod347_difficulty4-5	v4blockerprod	v4blockerprod347	4	5
3895	v4blockerprod_v4blockerprod347_difficulty4-6	v4blockerprod	v4blockerprod347	4	6
3896	v4blockerprod_v4blockerprod348_difficulty2-11	v4blockerprod	v4blockerprod348	2	11
3897	v4blockerprod_v4blockerprod348_difficulty2-12	v4blockerprod	v4blockerprod348	2	12
3898	v4blockerprod_v4blockerprod348_difficulty2-13	v4blockerprod	v4blockerprod348	2	13
3899	v4blockerprod_v4blockerprod348_difficulty2-14	v4blockerprod	v4blockerprod348	2	14
3900	v4blockerprod_v4blockerprod348_difficulty2-15	v4blockerprod	v4blockerprod348	2	15
3901	v4blockerprod_v4blockerprod349_difficulty6-13	v4blockerprod	v4blockerprod349	6	13
3902	v4blockerprod_v4blockerprod349_difficulty6-14	v4blockerprod	v4blockerprod349	6	14
3903	v4blockerprod_v4blockerprod349_difficulty6-15	v4blockerprod	v4blockerprod349	6	15
3904	v4blockerprod_v4blockerprod349_difficulty6-17	v4blockerprod	v4blockerprod349	6	17
3905	v4blockerprod_v4blockerprod349_difficulty7-16	v4blockerprod	v4blockerprod349	7	16
3906	v4blockerprod_v4blockerprod350_difficulty1-10	v4blockerprod	v4blockerprod350	1	10
3907	v4blockerprod_v4blockerprod350_difficulty1-11	v4blockerprod	v4blockerprod350	1	11
3908	v4blockerprod_v4blockerprod350_difficulty1-7	v4blockerprod	v4blockerprod350	1	7
3909	v4blockerprod_v4blockerprod350_difficulty1-8	v4blockerprod	v4blockerprod350	1	8
3910	v4blockerprod_v4blockerprod350_difficulty1-9	v4blockerprod	v4blockerprod350	1	9
3911	v4pwms_v4pwms104_difficulty4-13	v4pwms	v4pwms104	4	13
3912	v4pwms_v4pwms104_difficulty4-14	v4pwms	v4pwms104	4	14
3913	v4pwms_v4pwms104_difficulty5-11	v4pwms	v4pwms104	5	11
3914	v4pwms_v4pwms104_difficulty5-12	v4pwms	v4pwms104	5	12
3915	v4pwms_v4pwms104_difficulty5-15	v4pwms	v4pwms104	5	15
3916	v4pwms_v4pwms39_difficulty5-11	v4pwms	v4pwms39	5	11
3917	v4pwms_v4pwms39_difficulty5-12	v4pwms	v4pwms39	5	12
3918	v4pwms_v4pwms39_difficulty5-13	v4pwms	v4pwms39	5	13
3919	v4pwms_v4pwms39_difficulty5-14	v4pwms	v4pwms39	5	14
3920	v4pwms_v4pwms39_difficulty5-15	v4pwms	v4pwms39	5	15
3921	v4pwms_v4pwms44_difficulty4-12	v4pwms	v4pwms44	4	12
3922	v4pwms_v4pwms44_difficulty4-8	v4pwms	v4pwms44	4	8
3923	v4pwms_v4pwms44_difficulty4-9	v4pwms	v4pwms44	4	9
3924	v4pwms_v4pwms44_difficulty5-11	v4pwms	v4pwms44	5	11
3925	v4pwms_v4pwms44_difficulty5-6	v4pwms	v4pwms44	5	6
3926	v4pwms_v4pwms69_difficulty5-1	v4pwms	v4pwms69	5	1
3927	v4pwms_v4pwms69_difficulty5-2	v4pwms	v4pwms69	5	2
3928	v4pwms_v4pwms69_difficulty5-3	v4pwms	v4pwms69	5	3
3929	v4pwms_v4pwms69_difficulty5-4	v4pwms	v4pwms69	5	4
3930	v4pwms_v4pwms69_difficulty5-5	v4pwms	v4pwms69	5	5
3931	v4pwms_v4pwms84_difficulty4-13	v4pwms	v4pwms84	4	13
3932	v4pwms_v4pwms84_difficulty4-14	v4pwms	v4pwms84	4	14
3933	v4pwms_v4pwms84_difficulty4-15	v4pwms	v4pwms84	4	15
3934	v4pwms_v4pwms84_difficulty5-16	v4pwms	v4pwms84	5	16
3935	v4pwms_v4pwms84_difficulty5-17	v4pwms	v4pwms84	5	17
3936	v4pwms_v4pwms94_difficulty4-11	v4pwms	v4pwms94	4	11
3937	v4pwms_v4pwms94_difficulty4-7	v4pwms	v4pwms94	4	7
3938	v4pwms_v4pwms94_difficulty4-9	v4pwms	v4pwms94	4	9
3939	v4pwms_v4pwms94_difficulty5-10	v4pwms	v4pwms94	5	10
3940	v4pwms_v4pwms94_difficulty5-8	v4pwms	v4pwms94	5	8
3941	v5ms_v5ms161_difficulty3-1	v5ms	v5ms161	3	1
3942	v5ms_v5ms161_difficulty3-2	v5ms	v5ms161	3	2
3943	v5ms_v5ms161_difficulty3-3	v5ms	v5ms161	3	3
3944	v5ms_v5ms161_difficulty3-4	v5ms	v5ms161	3	4
3945	v5ms_v5ms161_difficulty3-5	v5ms	v5ms161	3	5
3946	v5ms_v5ms171_difficulty3-1	v5ms	v5ms171	3	1
3947	v5ms_v5ms171_difficulty3-2	v5ms	v5ms171	3	2
3948	v5ms_v5ms171_difficulty3-3	v5ms	v5ms171	3	3
3949	v5ms_v5ms171_difficulty3-4	v5ms	v5ms171	3	4
3950	v5ms_v5ms171_difficulty3-5	v5ms	v5ms171	3	5
3951	v5pwms_v5pwms49_difficulty4-2	v5pwms	v5pwms49	4	2
3952	v5pwms_v5pwms49_difficulty4-3	v5pwms	v5pwms49	4	3
3953	v5pwms_v5pwms49_difficulty4-4	v5pwms	v5pwms49	4	4
3954	v5pwms_v5pwms49_difficulty4-5	v5pwms	v5pwms49	4	5
3955	v5pwms_v5pwms49_difficulty5-6	v5pwms	v5pwms49	5	6
