Term	TermType	English	Turkish	Dutch	German	French	Italian	Portuguese	Spanish	Russian	Japanese	Korean
Activate	0	Activate	Aktifleştir	Activeren	Aktivieren	Activer	Attiva	Ativar	Activar	Активировать	アクティブにする	활성화
Activated	0	Activated	Aktifleştirildi	Geactiveerd	Aktiviert	Activé	Attivato	Ativado	Activado	Активировано	発動	활성화됨
Activity	0	Activity	Etkinlik	Activiteit	Aktivität	Activité	Attività	Atividade	Actividad	Активность	アクティビティ	활동
ActivityHigh	0	High	Yüksek	Hoog	Hoch	Élevé	Elevato	Alto	Alto	Высокий	高い	높음
ActivityLow	0	Low	Düşük	Laag	Niedrig	Faible	Basso	Baixo	Bajo	Низкий	低い	낮음
ActivityMedium	0	Medium	Orta	Medium	Mittel	Moyen	Medio	Médio	Medio	Средний	中程度	중간
Add	0	Add	Ekle	Toevoegen	Hinzufügen	Ajouter	Aggiungi	Adicionar	Añadir	Добавить	追加	추가
Amazing!	0	Amazing!	Harika!	Geweldig!	Erstaunlich!	Incroyable !	Sorprendente!	Incrível!	¡Increíble!	Удивительно!	すごい！	놀라워요!
AppleLoginResultPopupCancelInfo	0	Apple sign in cancelled!	Apple oturum açma işlemi iptal edildi!	Apple-aanmelding geannuleerd!	Apple-Anmeldung abgebrochen!	Connexion avec Apple annulée !	Accesso con Apple annullato!	Assinatura da Apple cancelada!	Inicio de sesión con Apple cancelado.	Вход через Apple отменён!	Appleサインインがキャンセルされました！	Apple 로그인이 취소되었습니다!
AppleLoginResultPopupFailInfo	0	Apple sign in failed!	Apple ile oturum açma başarısız oldu!	Apple-aanmelding mislukt!	Apple-Anmeldung fehlgeschlagen!	Échec de la connexion Apple !	Accesso con Apple non riuscito!	Falha ao iniciar sessão com a Apple!	¡Error en el inicio de sesión de Apple!	Вход через Apple не удался!	Appleサインインに失敗しました！	애플 로그인이 실패했습니다!
AppleLoginResultPopupSignOutInfo	0	Signed out from Apple!	Apple'dan çıkış yapıldı!	Uitgelogd van Apple!	Vom Apple-Account abgemeldet!	Déconnecté d'Apple !	Disconnesso da Apple!	Desconectado do Apple!	¡Cerraste sesión de Apple!	Выполнен выход из Apple!	Appleからサインアウトしました！	Apple에서 로그아웃되었습니다!
AppleLoginResultPopupSuccessInfo	0	Signed in with Apple!	Apple ile giriş yapıldı!	Aangemeld met Apple!	Mit Apple angemeldet!	Connecté avec Apple !	Accesso effettuato con Apple!	Conectado com a Apple!	¡Conectado con Apple!	Вход выполнен с помощью Apple!	Appleでサインインしました！	Apple로 로그인 완료!
AppleSignIn	0	Sign in with Apple	Apple ile giriş yap	Log in met Apple	Mit Apple anmelden	Se connecter avec Apple	Accedi con Apple	Iniciar sessão com Apple	Iniciar sesión con Apple	Войти с помощью Apple	Appleでサインイン	Apple로 로그인
AppleSignOutPopupInfo	0	Do you want to sign out from Apple?	Apple'dan çıkış yapmak istiyor musunuz?	Wilt u zich afmelden van Apple?	Möchten Sie sich von Apple abmelden?	Voulez-vous vous déconnecter d'Apple ?	Vuoi uscire da Apple?	Deseja sair da Apple?	¿Quieres cerrar sesión de Apple?	Вы хотите выйти из Apple?	Appleからサインアウトしますか？	Apple에서 로그아웃하시겠습니까?
AreYouSureLifeWarning	0	You will lose 1 life!	1 can kaybedeceksiniz!	Je verliest 1 leven!	Du wirst 1 Leben verlieren!	Vous allez perdre 1 vie !	Perderai 1 vita!	Você perderá 1 vida!	¡Perderás 1 vida!	Вы потеряете 1 жизнь!	1つライフを失います！	1개의 생명을 잃게 됩니다!
AreYouSureStreakWarning	0	You will lose your streak!	Serinizi kaybedeceksiniz!	Je verliest je reeks!	Sie werden Ihre Serie verlieren!	Vous allez perdre votre série !	Perderai la tua serie!	Você vai perder sua sequência!	¡Vas a perder tu racha!	Вы потеряете свою серию!	連勝が途切れてしまいます！	연속 기록이 사라집니다!
AreYouSureTitle	0	Are You Sure?	Emin misiniz?	Weet je het zeker?	Sind Sie sicher?	Êtes-vous sûr ?	Sei sicuro?	Tem Certeza?	¿Estás seguro?	Вы уверены?	本当に大丈夫ですか？	확실합니까?
AreYouSureTitleStuck	0	Are you sure?	Emin misiniz?	Weet je het zeker?	Bist du sicher?	Êtes-vous sûr ?	Sei sicuro?	Tem certeza?	¿Estás seguro?	Вы уверены?	本当によろしいですか？	확실합니까?
Ask	0	Ask	Sor	Vraag	Fragen	Demander	Chiedi	Perguntar	Pregunta	Спросить	尋ねる	물어보기
AskingForCard	0	asking for card!	kart istiyor!	vraagt om een kaart!	fragt nach einer karte!	demande une carte !	sta chiedendo una carta!	pedindo uma carta!	¡pidiendo una carta!	просит карту!	カードをお願いしています！	카드를 요청하고 있습니다!
AskingLives	0	asking for lives!	can istiyor!	vragen om levens!	nach Leben fragen!	demander des vies !	chiedere vite!	pedindo vidas!	¡pidiendo vidas!	просит жизни!	ライフを求む！	목숨 요청!
BonusChest	0	Bonus Chest	Bonus Sandığı	Bonuskist	Bonuskiste	Coffre Bonus	Forziere Bonus	Baú Bônus	Cofre de Bonificación	Бонусный Сундук	ボーナスチェスト	보너스 상자
BonusVault	0	Bonus Vault	Bonus Kasası	Bonus Kluis	Bonus Tresor	Coffre Bonus	Bonus Vault	Cofre de Bônus	Bóveda de Bonos	Бонусное Хранилище	ボーナス・ボールト	보너스 금고
Bottom	0	Bottom	Alt	Onderkant	Untere Seite	Bas	In basso	Inferior	Parte inferior	Низ	下部	하단
Brilliant!	0	Brilliant!	Muhteşem!	Briljant!	Brillant!	Brillant !	Brillante!	Brilhante!	¡Brillante!	Гениально!	素晴らしい！	브릴리언트!
BroomStreak	0	Broom Streak	Süpürge Serisi	Bezem Reeks	Besen Serie	Balai Série	Broom Serie	Vassoura Streak	Escombrar Racha	Метла Серия	ブルーム ストリーク	브룸 스트릭
BroomStreakInfoPopupStep1	0	Beat Levels in a Row!	Art Arda Bölümler Geç!	Voltooi niveaus achter elkaar!	Gewinne mehrere Levels hintereinander!	Battez plusieurs niveaux d'affilée !	Supera i Livelli di Fila!	Complete Níveis em Sequência!	¡Supera Niveles Consecutivos!	Пройдите несколько уровней подряд!	連続ステージクリア！	연속으로 레벨을 완료하세요!
BroomStreakInfoPopupStep2	0	Rise Up!	Yüksel!	Opstaan!	Steig auf!	Lève-toi !	Alzati!	Suba!	¡Álzate!	Поднимайся!	立ち上がれ！	일어서라!
BroomStreakInfoPopupStep3	0	Win Amazing Rewards!	Harika Ödüller Kazanın!	Win geweldige beloningen!	Gewinne fantastische Belohnungen!	Gagnez des récompenses incroyables !	Vinci fantastici premi!	Ganhe Recompensas Incríveis!	¡Gana increíbles recompensas!	Выигрывайте удивительные награды!	素晴らしい報酬を手に入れよう！	멋진 보상을 받으세요!
BroomStreakInfoPopupWarn	0	Each fail resets checkpoint progress!	Her başarısızlık kontrol noktası ilerlemesini sıfırlar!	Elke fout reset de voortgang van het controlepunt!	Jeder Fehler setzt den Fortschritt des Kontrollpunkts zurück!	Chaque échec réinitialise la progression du point de contrôle !	Ogni errore azzera i progressi del checkpoint!	Cada falha reinicia o progresso do ponto de verificação!	¡Cada fallo restablece el progreso del punto de control!	Каждая неудача сбрасывает прогресс на контрольной точке!	各失敗によってチェックポイントの進行状況がリセットされます！	실패할 때마다 체크포인트 진행 상황이 초기화됩니다!
BroomStreakInfoPopupWarning	0	Every fail resets all your progress!	Her başarısızlık, tüm ilerlemenizi sıfırlar!	Elke mislukking reset al je voortgang!	Jeder Fehlversuch setzt deinen gesamten Fortschritt zurück!	Chaque échec réinitialise toute votre progression !	Ogni errore azzera tutti i tuoi progressi!	Cada falha redefine todo o seu progresso!	¡Cada fallo reinicia todo tu progreso!	Каждая неудача сбрасывает весь ваш прогресс!	すべての失敗は、すべての進捗がリセットされます！	실패할 때마다 모든 진행 상황이 초기화됩니다!
BroomStreakPopupTooltip	0	You already claimed this chest	Bu sandığı zaten aldınız.	Je hebt deze kist al geclaimd.	Du hast diese Truhe bereits beansprucht.	Vous avez déjà réclamé ce coffre	Hai già reclamato questo forziere.	Você já reivindicou este baú	Ya has reclamado este cofre	Вы уже забрали этот сундук	この宝箱はすでに受け取り済みです。	이미 이 보상을 수령했습니다.
BroomStreakTitle	0	Broom Streak	Süpürge Serisi	Bezem Reeks	Besen Serie	Balai Série	Broom Serie	Vassoura Streak	Escombrar Racha	Метла Серия	ブルーム ストリーク	브룸 스트릭
BroomStreakUpper	0	BROOM STREAK	SÜPÜRGE SERİSİ	BEZEM REEKS	BESEN SERIE	BALAI SÉRIE	BROOM SERIE	VASSOURA STREAK	ESCOMBRAR RACHA	МЕТЛА СЕРИЯ	ブルーム ストリーク	브룸 스트릭
Cancel	0	Cancel	İptal	Annuleren	Abbrechen	Annuler	Annulla	Cancelar	Cancelar	Отмена	キャンセル	취소
Cancelled!	0	Cancelled!	İptal Edildi!	Geannuleerd!	Abgesagt!	Annulé !	Annullato!	Cancelado!	¡Cancelado!	Отменено!	キャンセルされました！	취소됨!
Capacity	0	Capacity	Kapasite	Capaciteit	Kapazität	Capacité	Capacità	Capacidade	Capacidad	Емкость	容量	용량
CardExchange	0	Card Exchange!	Kart Takası!	Kaarten ruilen!	Kartentausch!	Échange de cartes !	Scambio carte!	Troca de cartas!	¡Intercambio de cartas!	Обмен картами!	カード交換！	카드 교환!
CardRequestAvailableFor	0	This request is\navailable for:	Bu istek\nşu kadar süre geçerli:	Dit verzoek is\nbeschikbaar voor:	Diese Anfrage ist\nverfügbar für:	Cette demande est\ndisponible pendant :	Questa richiesta è\ndisponibile per:	Esta solicitação está\ndisponível por:	SUPER DURA	Этот запрос\nдоступен ещё:	このリクエストは\n以下の時間有効です:	이 요청은\n다음 시간 동안 유효합니다:
CardRequested	0	Card Requested!	Kart İstendi!	Kaart Aangevraagd!	Karte Angefordert!	Carte Demandée !	Carta Richiesta!	Carta Solicitada!	¡Carta Solicitada!	Карта Запрошена!	カードリクエスト完了！	카드 요청 완료!
CardSent	0	Card Sent!	Kart Gönderildi!	Kaart Verzonden!	Karte Gesendet!	Carte Envoyée !	Carta Inviata!	Carta Enviada!	¡Carta Enviada!	Карта Отправлена!	カード送信完了！	카드 전송 완료!
CardSentDailyLimit	0	Daily limit: {0}/{1}	Günlük limit: {0}/{1}	Dagelijkse limiet: {0}/{1}	Tageslimit: {0}/{1}	Limite quotidien : {0}/{1}	Limite giornaliera: {0}/{1}	Limite diário: {0}/{1}	Límite diario: {0}/{1}	Дневной лимит: {0}/{1}	1日の上限: {0}/{1}	일일 제한: {0}/{1}
ChampionsLeagueAreYouSureInfo	0	You might lose your <color=#fcd935>Rank</color>!	<color=#fcd935>Rütbe</color> kaybedebilirsin!	Je kunt jouw <color=#fcd935>rang</color> verliezen!	Du könntest deinen <color=#fcd935>Rang</color> verlieren!	Vous risquez de perdre votre <color=#fcd935>Rang</color> !	Potresti perdere il tuo <color=#fcd935>rango</color>!	Você pode perder sua <color=#fcd935>Classificação</color>!	¡Podrías perder tu <color=#fcd935>Rango</color>!	Вы можете потерять свой <color=#fcd935>ранг</color>!	<color=#fcd935>ランク</color>を失うかもしれません！	<color=#fcd935>랭크</color>를 잃을 수도 있습니다!
ChampionsLeagueBronze	0	Bronze	Bronz	Brons	Bronze	Bronze	Bronzo	Bronze	Bronce	Бронза	ブロンズ	브론즈
ChampionsLeagueBronzeLeague	0	Bronze League	Bronz Ligi	Bronze League	Bronze-Liga	Ligue de Bronze	Lega Bronzo	Liga de Bronze	Liga de Bronce	Бронзовая лига	ブロンズリーグ	브론즈 리그
ChampionsLeagueDiamond	0	Diamond	Elmas	Diamond	Diamant	Diamant	Diamante	Diamante	Diamante	Алмаз	ダイヤモンド	다이아몬드
ChampionsLeagueDiamondLeague	0	Diamond League	Elmas Ligi	Diamantencompetitie	Diamantliga	Ligue Diamant	Lega Diamante	Liga Diamante	Liga Diamante	Бриллиантовая лига	ダイヤモンドリーグ	다이아몬드 리그
ChampionsLeagueEmerald	0	Emerald	Zümrüt	Smaragd	Smaragd	Émeraude	Smeraldo	Esmeralda	Esmeralda	Изумруд	エメラルド	에메랄드
ChampionsLeagueEmeraldLeague	0	Emerald League	Zümrüt Ligi	Smaragdenliga	Smaragd-Liga	Ligue Émeraude	Lega Smeraldo	Liga Esmeralda	Liga Esmeralda	Изумрудная Лига	エメラルドリーグ	에메랄드 리그
ChampionsLeagueGold	0	Gold	Altın	Goud	Gold	Or	Oro	Ouro	Oro	Золото	ゴールド	골드
ChampionsLeagueGoldLeague	0	Gold League	Altın Ligi	Gouden Liga	Gold-Liga	Ligue Or	Lega Oro	Liga de Ouro	Liga de Oro	Золотая Лига	ゴールドリーグ	골드 리그
ChampionsLeagueHeader	0	Master League	Usta Ligi	Master League	Meisterliga	Ligue Maîtres	Lega Master	Liga Master	Liga Maestra	Мастер-лига	マスターリーグ	마스터 리그
ChampionsLeagueLeaderboardDemotionInfo	0	Demotion Zone	Düşme Bölgesi	Degradatiezone	Abstiegszone	Zone de rétrogradation	Zona Retrocessione	Zona de Rebaixamento	Zona de Descenso	Зона вылета	降格ゾーン	강등 구역
ChampionsLeagueLeaderboardInfoPopupStep5	0	Be careful! Bottom {0} <color=#FF8383>demotes</color> to the {1}!	Dikkatli ol! Alt sıradaki {0} <color=#FF8383> {1}'e düşer</color>!	Wees voorzichtig! Onderste {0} <color=#FF8383>degradeert</color> naar de {1}!	Sei vorsichtig! Die unteren {0} <color=#FF8383>steigen ab</color> in die {1}!	Faites attention ! Les {0} derniers <color=#FF8383>descendent</color> vers le {1} !	Fai attenzione! Gli ultimi {0} <color=#FF8383>retrocedono</color> al {1}!	Tenha cuidado! Os últimos {0} <color=#FF8383>serão rebaixados</color> para o {1}!	¡Cuidado! Los últimos {0} <color=#FF8383>descienden</color> al {1}!	Будьте осторожны! Последние {0} <color=#FF8383>понижаются</color> до {1}!	注意！下位{0}位は<color=#FF8383>{1}</color>に降格します！	조심하세요! 하위 {0}명이 {1}(으)로 <color=#FF8383>강등</color>됩니다!
ChampionsLeagueLeaderboardPromotionInfo	0	Promotion Zone	Terfi Bölgesi	Promotiezone	Aufstiegszone	Zone de promotion	Zona Promozione	Zona de Promoção	Zona de Promoción	Зона повышения	昇格ゾーン	승격 구역
ChampionsLeaguePoster	0	Master League Area	Master League Alanı	Master League-gebied	Master-Liga-Bereich	Zone de la Master League	Area della Master League	Área da Master League	Área de la Master League	Зона Мастер-лиги	マスタリーグエリア	마스터 리그 구역
ChampionsLeaguePreJoinInfoPopupStep1	0	Beat levels and earn <color=#FFC210>crowns!</color>	Bölümleri geç ve <color=#FFC210>taçlar</color> kazan!	Voltooi levels en verdien <color=#FFC210>kronen!</color>	Schließe Levels ab und verdiene <color=#FFC210>Kronen!</color>	Terminez les niveaux et gagnez des <color=#FFC210>couronnes !</color>	Supera i livelli e guadagna <color=#FFC210>corone!</color>	Complete níveis e ganhe <color=#FFC210>coroas!</color>	¡Supera niveles y gana <color=#FFC210>coronas!</color>	Проходите уровни и зарабатывайте <color=#FFC210>короны!</color>	レベルをクリアして<color=#FFC210>クラウン</color>を獲得しよう！	레벨을 완료하고 <color=#FFC210>왕관</color>을 획득하세요!
ChampionsLeaguePreJoinInfoPopupStep2	0	<color=#FFC210>Compete</color> against other players for 2 weeks!	<color=#FFC210>Diğer oyuncularla</color> 2 hafta boyunca yarış!	<color=#FFC210>Strijd</color> twee weken lang tegen andere spelers!	<color=#FFC210>Treten Sie</color> zwei Wochen lang gegen andere Spieler an!	<color=#FFC210>Compétitionnez</color> contre d'autres joueurs pendant 2 semaines !	<color=#FFC210>Competi</color> contro altri giocatori per 2 settimane!	<color=#FFC210>Compita</color> contra outros jogadores durante 2 semanas!	¡<color=#FFC210>Compite</color> contra otros jugadores durante 2 semanas!	<color=#FFC210>Соревнуйтесь</color> с другими игроками в течение 2 недель!	<color=#FFC210>他のプレイヤーと競い合い</color>、2週間戦いましょう！	<color=#FFC210>두 주</color> 동안 다른 플레이어들과 경쟁하세요!
ChampionsLeaguePreJoinInfoPopupStep3	0	Finish in top ranks to win <color=#FFC210>amazing rewards!</color>	İlk sıralarda bitirerek <color=#FFC210>harika ödüller</color> kazanın!	Eindig in de top om <color=#FFC210>geweldige beloningen</color> te winnen!	Beende das Spiel in den oberen Rängen, um <color=#FFC210>fantastische Belohnungen</color> zu gewinnen!	Terminez dans les premiers rangs pour gagner <color=#FFC210>des récompenses incroyables !</color>	Clasificati nelle prime posizioni per vincere <color=#FFC210>premi incredibili!</color>	Termine nas primeiras posições para ganhar <color=#FFC210>recompensas incríveis!</color>	¡Termina en los primeros puestos para ganar <color=#FFC210>recompensas increíbles!</color>	Завершите игру в верхних рядах, чтобы выиграть <color=#FFC210>потрясающие награды!</color>	トップランクに入り、<color=#FFC210>素晴らしい報酬</color>を勝ち取ろう！	상위 순위에 올라 <color=#FFC210>놀라운 보상</color>을 받으세요!
ChampionsLeaguePreJoinInfoPopupStep4	0	Promote to <color=#FFC210>higher leagues</color> for greater prizes!	Daha büyük ödüller için <color=#FFC210>daha yüksek liglere</color> terfi edin!	Promoveer naar <color=#FFC210>hogere leagues</color> voor grotere prijzen!	Steige in <color=#FFC210>höhere Ligen</color> auf, um größere Preise zu gewinnen!	Faites la promotion vers des <color=#FFC210>ligues supérieures</color> pour des prix plus importants !	Promuovi alle <color=#FFC210>leghe superiori</color> per premi più grandi!	Promoção para <color=#FFC210>ligas superiores</color> para obter prêmios maiores!	¡Ascendiendo a <color=#FFC210>ligas superiores</color> obtendrás premios mayores!	Повышайтесь в <color=#FFC210>более высокие лиги</color> для получения больших наград!	報酬を増やすために<color=#FFC210>高位リーグ</color>に昇格しよう！	더 큰 보상을 위해 <color=#FFC210>상위 리그</color>로 승급하세요!
ChampionsLeaguePreJoinInfoPopupStep5	0	Join early! <color=#FF8383>No entries</color> on the last day of the league.	Erken katılın! Ligin son gününde <color=#FF8383>katılım yok</color>.	Doe vroeg mee! <color=#FF8383>Geen inschrijvingen</color> op de laatste dag van de competitie.	Frühzeitig beitreten! <color=#FF8383>Keine Einträge</color> am letzten Tag der Liga.	Rejoignez dès maintenant ! <color=#FF8383>Aucune entrée</color> le dernier jour de la ligue.	Iscriviti in anticipo! <color=#FF8383>Nessuna iscrizione</color> l'ultimo giorno della lega.	Junte-se antecipadamente! <color=#FF8383>Sem inscrições</color> no último dia da liga.	¡Únete temprano! <color=#FF8383>No hay inscripciones</color> el último día de la liga.	Присоединяйтесь заранее! <color=#FF8383>Запрещены участия</color> в последний день лиги.	早めに参加しよう！リーグの最終日には<color=#FF8383>新規参加はできません</color>。	미리 참여하세요! 리그 마지막 날에는 <color=#FF8383>참여 불가</color>입니다.
ChampionsLeaguePreJoinPopupInfo	0	Beat <color=#FFCF3DFF>{0} levels</color> to join the league!	Lige katılmak için <color=#FFCF3DFF>{0} seviye</color> geç!	Behaal <color=#FFCF3DFF>{0} niveaus</color> om je bij de competitie aan te sluiten!	Besiege <color=#FFCF3DFF>{0} Level</color>, um der Liga beizutreten!	Battez <color=#FFCF3DFF>{0} niveaux</color> pour rejoindre la ligue !	Batti <color=#FFCF3DFF>{0} livelli</color> per entrare nella lega!	Complete <color=#FFCF3DFF>{0} níveis</color> para entrar na liga!	¡Supera <color=#FFCF3DFF>{0} niveles</color> para unirte a la liga!	Победите <color=#FFCF3DFF>{0} уровней</color>, чтобы присоединиться к лиге!	リーグに参加するために、<color=#FFCF3DFF>{0}レベル</color>をクリアしよう！	리그에 참가하려면 <color=#FFCF3DFF>{0} 레벨</color>을 완료하세요!
ChampionsLeagueProfilePopupHeader	0	Master League Stats	Master Lig İstatistikleri	Master League Statistieken	Meisterliga-Statistiken	Statistiques de la Master League	Statistiche della Master League	Estatísticas da Liga Master	Estadísticas de la Liga Maestra	Статистика Мастер Лиги	マスターリーグ統計	마스터 리그 통계
ChampionsLeaguePromotionPopupCurrentLeagueHeader	0	Current League:	Mevcut Lig:	Huidige competitie:	Aktuelle Liga:	Ligue actuelle :	Lega attuale:	Liga Atual:	Liga actual:	Текущая лига:	現在のリーグ:	현재 리그:
ChampionsLeaguePromotionPopupLoseInfo	0	You descended to the {0}! Finish in top {1} to move back up.	{0} seviyesine düştünüz! Tekrar yükselmek için ilk {1} içinde bitirin.	Je bent gezakt naar de {0}! Eindig in de top {1} om weer omhoog te gaan.	Du bist in die {0} abgestiegen! Beende das Turnier unter den besten {1}, um wieder aufzusteigen.	Vous êtes descendu au {0} ! Terminez dans le top {1} pour remonter.	Sei sceso alla {0}! Termina tra i primi {1} per risalire.	Você desceu para {0}! Termine entre os {1} primeiros para subir novamente.	¡Has descendido a la {0}! Termina entre los primeros {1} para volver a subir.	Вы опустились до {0}! Займите место в топ-{1}, чтобы подняться обратно.	{0}に降格しました！再昇格するためには上位{1}以内に入ってください。	{0}로 강등되었습니다! 상위 {1}에 들어야 다시 승급할 수 있습니다.
ChampionsLeaguePromotionPopupNewLeagueHeader	0	New League:	Yeni Lig:	Nieuwe competitie:	Neue Liga:	Nouvelle Ligue :	Nuova lega:	Nova Liga:	Nueva liga:	Новая лига:	新リーグ:	새 리그:
ChampionsLeaguePromotionPopupStayedInfo	0	You stayed in the {0}! Finish in top {1} for promotion.	{0}'de kaldınız! Terfi için ilk {1}'a girin.	Je bent in de {0} gebleven! Eindig in de top {1} voor promotie.	Du bist in der {0} geblieben! Beende unter den Top {1}, um befördert zu werden.	Vous êtes resté dans le {0} ! Terminez dans le top {1} pour être promu.	Sei rimasto nel {0}! Finisci tra i primi {1} per la promozione.	Você permaneceu na {0}! Termine entre os {1} melhores para ser promovido.	¡Te has mantenido en la {0}! Termina entre los primeros {1} para ascender.	Вы остались в {0}! Займите место в топ {1} для повышения.	{0}に残りました！昇格するには上位{1}位に入ってください。	{0}에 머물렀습니다! 승급하려면 상위 {1}위 안에 드세요.
ChampionsLeaguePromotionPopupStayedInfoLast	0	Congratulations! You finished	Tebrikler!	Gefeliciteerd! Je bent geëindigd op	Glückwunsch! Du hast den	Félicitations ! Vous avez terminé	Congratulazioni! Hai terminato al	Parabéns! Você terminou em	¡Felicidades! Terminaste en el puesto	Поздравляем! Вы заняли	おめでとうございます！あなたは#{0}位でフィニッシュし、{1}の地位を維持しました。この調子で頑張ってください！	축하합니다!
ChampionsLeaguePromotionPopupWinInfo	0	You finished {0} and promoted to the {1}!	{0} tamamladın ve {1} terfi ettin!	Je bent geëindigd als {0} en gepromoveerd naar de {1}!	Du hast den {0} abgeschlossen und bist in die {1} aufgestiegen!	Vous avez terminé {0} et vous avez été promu dans le {1} !	Hai terminato {0} e sei stato promosso a {1}!	Você terminou {0} e foi promovido(a) para a {1}!	¡Terminaste {0} y ascendiste a {1}!	Вы заняли {0} и продвигаетесь в {1}!	{0}位で終了し、{1}に昇格しました！	{0}위를 달성하여 {1}로 승격되었습니다!
ChampionsLeagueSilver	0	Silver	Gümüş	Zilver	Silber	Argent	Argento	Prata	Plata	Серебро	シルバー	실버
ChampionsLeagueSilverLeague	0	Silver League	Gümüş Ligi	Zilveren Liga	Silberliga	Ligue Argent	Lega d'Argento	Liga de Prata	Liga de Plata	Серебряная лига	シルバーリーグ	실버 리그
ChangeTeamDescription	0	Are you sure you want\nto change your team?	Takımını değiştirmek\nistediğine emin misin?	Weet je zeker dat je\nvan team wilt wisselen?	Bist du sicher, dass du\ndein Team wechseln möchtest?	Es-tu sûr de vouloir\nchanger d’équipe ?	Sei sicuro di voler\ncambiare squadra?	Você tem certeza que quer\nmudar de equipe?	¿Seguro que quieres\ncambiar de equipo?	Вы уверены, что хотите\nсменить команду?	チームを変更してもよろしいですか？	팀을 변경하시겠습니까?
ChangeTeamTitle	0	Change Team?	Takımı Değiştir?	Team wisselen?	Team wechseln?	Changer d’équipe ?	Cambiare squadra?	Mudar de equipe?	Cambiar de equipo?	Сменить команду?	チームを変更しますか？	팀을 변경하시겠습니까?
Chat	0	Chat	Sohbet	Chat	Chat	Discussion	Chat	Bate-papo	Chat	Чат	チャット	채팅
Choose	0	Choose	Seç	Kies	Wählen	Choisir	Scegliere	Escolher	Elegir	Выбрать	選択	선택하세요
ChooseOneHeader	0	Choose One!	Birini Seç!	Kies er een!	Wähle eine Option!	Choisissez-en un !	Scegli uno!	Escolha Um!	¡Elige uno!	Выберите один!	選んでください！	하나 선택하세요!
ChooseOneSpecialOfferDiscount	0	Buy All <color=#f6e480>{0}% OFF</color>	Hepsini Satın Al <color=#f6e480>%{0} İNDİRİM</color>	Koop Alles <color=#f6e480>{0}% KORTING</color>	Alles kaufen <color=#f6e480>{0}% RABATT</color>	Achetez tout <color=#f6e480>{0}% de réduction</color>	Acquista Tutto <color=#f6e480>{0}% DI SCONTO</color>	Compre Tudo <color=#f6e480>{0}% de DESCONTO</color>	Compra todo <color=#f6e480>{0}% DE DESCUENTO</color>	Купить все со скидкой <color=#f6e480>{0}%</color>	すべて購入 <color=#f6e480>{0}% 割引</color>	모두 구매 <color=#f6e480>{0}% 할인</color>
Claim	0	Claim	Al	Claimen	Einlösen	Réclamer	Riscatta	Reivindicar	Reclamar	Забрать	受け取る	획득하기
Claim!	0	CLAIM!	TALEP ET!	OPHALEN!	EINLÖSEN!	RÉCLAMER !	RITIRA!	REQUISITAR!	¡RECLAMA!	ПОЛУЧИТЬ!	受け取り！	수령하기!
Claimed	0	Claimed	Alındı	Geclaimd	Beansprucht	Réclamé	Riscattato	Reivindicado	Reclamado	Получено	獲得済み	획득함
Closed	0	Closed	Kapalı	Gesloten	Geschlossen	Fermé	Chiuso	Fechado	Cerrado	Закрыто	閉じる	닫힘
Collection	0	Collection	Koleksiyon	Collectie	Sammlung	Collection	Collezione	Coleção	Colección	Коллекция	コレクション	컬렉션
CollectionAlreadyRequested	0	You already requested a card today!	Bugün zaten kart istedin!	Je hebt vandaag al een kaart aangevraagd!	Du hast heute bereits eine Karte angefordert!	Tu as déjà demandé une carte aujourd'hui !	Hai già richiesto una carta oggi!	Você já solicitou uma carta hoje!	¡Ya solicitaste una carta hoy!	Вы уже запросили карту сегодня!	今日は既にカードをリクエストしました！	오늘 이미 카드를 요청했습니다!
CollectionCardReceived	0	Card Received!	Kart Alındı!	Kaart Ontvangen!	Karte erhalten!	Carte reçue !	Carta ricevuta!	Carta Recebida!	¡Tarjeta Recibida!	Карта получена!	カードを受け取りました！	카드 획득!
CollectionCollectCards	0	Collect cards and complete\nsets in the collection	Kartları topla ve koleksiyondaki \nsetleri tamamla	Verzamel kaarten en voltooi \nsets in de collectie	Sammle Karten und vervollständige \nSets in der Sammlung	Collectionne des cartes et complète \ndes sets dans la collection	Colleziona carte e completa \nset nella collezione	Colete cartas e complete \nconjuntos na coleção	Colecciona cartas y completa \nsets en la colección	Собирайте карты и завершайте \nнаборы в коллекции	カードを集めてコレクションの\nセットを完成させよう	카드를 수집하고 컬렉션의 \n세트를 완성하세요
CollectionCollectCardsToComplete	0	Collect all cards to complete collection!	Koleksiyonu tamamlamak için tüm kartları topla!	Verzamel alle kaarten om de collectie te voltooien!	Sammle alle Karten, um die Sammlung zu vervollständigen!	Collectionnez toutes les cartes pour compléter la collection !	Colleziona tutte le carte per completare la collezione!	Colete todas as cartas para completar a coleção!	¡Colecciona todas las cartas para completar la colección!	Соберите все карты, чтобы завершить коллекцию!	全てのカードを集めてコレクションを完成させよう！	모든 카드를 수집하여 컬렉션을 완성하세요!
CollectionCollectCardsToSet	0	Collect all cards to complete set!	Seti tamamlamak için tüm kartları topla!	Verzamel alle kaarten om de set te voltooien!	Sammle alle Karten, um das Set zu vervollständigen!	Collectionnez toutes les cartes pour compléter le set !	Colleziona tutte le carte per completare il set!	Colete todas as cartas para completar o conjunto!	¡Colecciona todas las cartas para completar el set!	Соберите все карты, чтобы завершить набор!	全てのカードを集めてセットを完成させよう！	모든 카드를 수집하여 세트를 완성하세요!
CollectionCompleteThemes	0	Complete all themes\n to claim the {0}!	Tüm temaları tamamla\nve {0} kazan!	Voltooi alle thema’s om de {0} te krijgen!	Schließe alle Themen ab, \num {0} zu beanspruchen!	Complétez tous les thèmes pour réclamer le {0} !	Completa tutti i temi per ottenere il {0}!	Complete todos os temas para reivindicar o {0}!	Completa todos los temas para reclamar el {0}!	Завершите все темы, чтобы получить {0}!	すべてのテーマを完成させて、\n{0}を手に入れよう！	모든 테마를 완료하여 \n{0}을(를) 획득하세요!
CollectionCompleted	0	{0}\nCompleted!	{0}\nTamamlandı!	{0} Voltooid!	{0} Abgeschlossen!	{0} Terminé !	{0} Completato!	{0} Concluído!	¡{0} Completado!	{0} Завершено!	{0}達成！	{0} 완성!
CollectionDailyCardLimit	0	You have reached the daily card sending limit.	Günlük kart gönderme limitine ulaştınız.	Je hebt de dagelijkse limiet voor het verzenden van kaarten bereikt.	Du hast das tägliche Limit für das Versenden von Karten erreicht.	Vous avez atteint la limite quotidienne d'envoi de cartes.	Hai raggiunto il limite giornaliero di invio carte.	Você atingiu o limite diário de envio de cartas.	Has alcanzado el límite diario de envío de cartas.	Вы достигли ежедневного лимита отправки карт.	カードを送信できる毎日の上限に達しました。	당신은 오늘의 카드 전송 한도에 도달했습니다.
CollectionDailyLimit	0	Daily Limit:	Günlük Limit:	Dagelijkse Limiet:	Tageslimit:	Limite Quotidienne :	Limite Giornaliero:	Limite Diário:	Límite Diario:	Дневной Лимит:	デイリーリミット：	일일 한도:
CollectionFinishAllSets	0	Finish all sets to win\nthe grand prize!	Büyük ödülü kazanmak için\ntüm setleri tamamla!	Voltooi alle sets om \nde hoofdprijs te winnen!	Schließe alle Sets ab, um den\nHauptpreis zu gewinnen!	Termine tous les sets pour\ngagner le grand prix !	Completa tutti i set per\nvincere il gran premio!	Termine todos os conjuntos para\nganhar o grande prêmio!	¡Termina todos los sets \npara ganar el gran premio!	Завершите все наборы, \nчтобы выиграть главный приз!	全セットクリアでグランプリ獲得！	모든 세트를 완성하여 대상을 획득하세요!
CollectionGoldCardWarning	0	Gold cards cannot be requested.	Altın kartlar istenemez.	Gouden kaarten kunnen niet worden aangevraagd.	Goldkarten können nicht angefordert werden.	Cartes en or ne peuvent pas être demandées.	Impossibile richiedere le carte d'oro.	Cartões de ouro não podem ser solicitados.	Las cartas doradas no se pueden solicitar.	Золотые карты нельзя запрашивать.	ゴールドカードはリクエストできません。	골드 카드는 요청할 수 없습니다.
CollectionGoldCardsSend	0	<color=#FFC20F>Gold cards</color> can`t be sent!	<color=#FFC20F>Altın kartlar</color> gönderilemez!	<color=#FFC20F>Gouden kaarten</color> kunnen niet verzonden worden!	<color=#FFC20F>Goldkarten</color> können nicht gesendet werden!	Les <color=#FFC20F>cartes d'or</color> ne peuvent pas être envoyées !	Le <color=#FFC20F>carte d'oro</color> non possono essere inviate!	<color=#FFC20F>Cartas douradas</color> não podem ser enviadas!	¡Las <color=#FFC20F>cartas doradas</color> no se pueden enviar!	<color=#FFC20F>Золотые карты</color> нельзя отправлять!	<color=#FFC20F>ゴールドカード</color>は送信できません！	<color=#FFC20F>골드 카드</color>는 전송할 수 없습니다!
CollectionNeedJoinTeam	0	You need to join a team to request a card!	Kart istemek için takıma katılman gerekiyor!	Je moet lid worden van een team om een kaart aan te vragen!	Du musst einem Team beitreten, um eine Karte anzufordern!	Tu dois rejoindre une équipe pour demander une carte !	Devi unirti a una squadra per richiedere una carta!	Você precisa se juntar a uma equipe para solicitar uma carta!	¡Necesitas unirte a un equipo para solicitar una carta!	Вам нужно присоединиться к команде, чтобы запросить карту!	カードリクエストにはチーム参加が必要です！	카드를 요청하려면 팀에 가입해야 합니다!
CollectionNewComingSoon	0	New Collection will be coming soon!	Yeni Koleksiyon yakında geliyor!	Nieuwe Collectie komt binnenkort!	Neue Sammlung kommt bald!	La Nouvelle Collection arrive bientôt !	La Nuova Collezione arriverà presto!	A Nova Coleção chegará em breve!	¡La Nueva Colección llegará pronto!	Новая Коллекция скоро появится!	新コレクションが近日登場！	새 컬렉션이 곧 출시됩니다!
CollectionNotEnoughCards	0	You do not have enough card in your inventory.	Envanterinizde yeterli kart yok.	Je hebt niet genoeg kaarten in je inventaris.	Dein Inventar enthält nicht genügend Karten.	Vous n'avez pas assez de cartes dans votre inventaire.	Non hai abbastanza carte nel tuo inventario.	Você não tem cartas suficientes em seu inventário.	No tienes suficientes cartas en tu inventario.	У вас недостаточно карт в вашем инвентаре.	インベントリにカードが十分にありません。	당신의 인벤토리에 카드가 충분하지 않습니다.
CollectionOpenChest	0	Open chests with your extra cards!	Ekstra kartlarınla sandık aç!	Open kisten met je extra kaarten!	Öffne Kisten mit deinen zusätzlichen Karten!	Ouvre des coffres avec tes cartes supplémentaires !	Apri forzieri con le tue carte extra!	Abra baús com suas cartas extras!	¡Abre cofres con tus cartas extra!	Открывайте сундуки дополнительными картами!	余ったカードでチェストを開こう！	여분의 카드로 상자를 열어보세요!
CollectionSelectCard	0	Please select a card to request.	Lütfen istemek için bir kart seçin.	Selecteer een kaart om aan te vragen.	Bitte wählen Sie eine Karte aus, um eine Anfrage zu stellen.	Veuillez sélectionner une carte à demander.	Seleziona una carta da richiedere.	Por favor, selecione um cartão para solicitar.	Por favor, selecciona una carta para solicitar.	Пожалуйста, выберите карту для запроса.	カードを選択してリクエストしてください。	카드를 요청할 선택하세요.
CollectionSendDuplicate	0	You need a duplicate to send this card!	Bu kartı göndermek için kopyasına ihtiyacın var!	Je hebt een duplicaat nodig om deze kaart te verzenden!	Du brauchst ein Duplikat, um diese Karte zu senden!	Tu as besoin d'un duplicata pour envoyer cette carte !	Hai bisogno di un duplicato per inviare questa carta!	Você precisa de uma duplicata para enviar esta carta!	¡Necesitas un duplicado para enviar esta carta!	Вам нужен дубликат, чтобы отправить эту карту!	このカードを送信するには重複が必要です！	이 카드를 보내려면 중복 카드가 필요합니다!
CollectionStarted	0	New Collection Started!	Yeni Koleksiyon Başladı!	Nieuwe Collectie Gestart!	Neue Sammlung gestartet!	Une nouvelle collection a commencé !	Nuova Collezione Iniziata!	Nova Coleção Iniciada!	¡Nueva Colección Comenzada!	Начат новый сбор!	新しいコレクションが始まりました！	새로운 컬렉션이 시작되었습니다!
CollectionUnlock	0	Unlock Collection at <color=#FFC20F>Level {0}!</color>	Koleksiyonu <color=#FFC20F>Seviye {0}'da</color> Aç!	Ontgrendel Collectie op <color=#FFC20F>Level {0}!</color>	Sammlung auf <color=#FFC20F>Level {0}</color> freischalten!	Débloque la Collection au <color=#FFC20F>Niveau {0} !</color>	Sblocca Collezione al <color=#FFC20F>Livello {0}!</color>	Desbloqueie a Coleção no <color=#FFC20F>Nível {0}!</color>	¡Desbloquea la Colección en el <color=#FFC20F>Nivel {0}!</color>	Разблокируйте Коллекцию на <color=#FFC20F>Уровне {0}!</color>	<color=#FFC20F>レベル{0}</color>でコレクション解放！	<color=#FFC20F>레벨 {0}</color>에서 컬렉션 해제!
CollectionUpdate	0	New Collection will be coming soon!	Yeni Koleksiyon yakında geliyor!	Nieuwe Collectie komt binnenkort!	Neue Sammlung kommt bald!	Une nouvelle Collection arrive bientôt !	Una nuova collezione arriverà presto!	Nova Coleção em breve!	¡Una nueva colección llegará pronto!	Скоро появится новая коллекция!	新しいコレクションがもうすぐ登場します！	새로운 컬렉션이 곧 출시됩니다!
CollectionVisitPage	0	Visit our support page for more information about rules and probabilities.	Kurallar ve olasılıklar hakkında daha fazla bilgi için destek sayfamızı ziyaret edin.	Bezoek onze ondersteuningspagina voor meer informatie over regels en kansen.	Besuchen Sie unsere Support-Seite für weitere Informationen zu Regeln und Wahrscheinlichkeiten.	Visitez notre page de support pour plus d'informations sur les règles et probabilités.	Visita la nostra pagina di supporto per maggiori informazioni su regole e probabilità.	Visite nossa página de suporte para mais informações sobre regras e probabilidades.	Visita nuestra página de soporte para más información sobre reglas y probabilidades.	Посетите нашу страницу поддержки для получения дополнительной информации о правилах и вероятностях.	ルールと確率の詳細については、サポートページをご覧ください。	규칙과 확률에 대한 자세한 정보는 지원 페이지를 방문해주세요.
CollectionWinCardPacks	0	Win card packs from\nevents and tournaments!	Etkinlikler ve turnuvalardan\nkart paketleri kazan!	Win kaartpakketten van \nevenementen en toernooien!	Gewinne Kartenpakete bei \nEvents und Turnieren!	Gagne des packs de cartes lors \nd'événements et tournois !	Vinci pacchetti di carte \nda eventi e tornei!	Ganhe pacotes de cartas\n em eventos e torneios!	¡Gana paquetes de cartas \nen eventos y torneos!	Выигрывайте наборы \nкарт в событиях и турнирах!	イベントやトーナメントでカー\nドパックを獲得しよう！	이벤트와 토너먼트에서 \n카드팩을 획득하세요!
CollectionYouCanCollect	0	You can collect this card from events, and rewards!	Bu kartı etkinlikler ve ödüllerden toplayabilirsin!	Je kunt deze kaart verzamelen van evenementen en beloningen!	Du kannst diese Karte bei Events und Belohnungen sammeln!	Tu peux collecter cette carte lors d'événements et récompenses !	Puoi collezionare questa carta da eventi e ricompense!	Você pode coletar esta carta de eventos e recompensas!	¡Puedes coleccionar esta carta de eventos y recompensas!	Вы можете получить эту карту из событий и наград!	このカードはイベントや報酬で収集できます！	이 카드는 이벤트와 보상에서 수집할 수 있습니다!
CollectionYouCanSend	0	You can send {0} card in a day!	Günde {0} kart gönderebilirsin!	Je kunt {0} kaart per dag verzenden!	Du kannst {0} Karte am Tag senden!	Tu peux envoyer {0} carte par jour !	Puoi inviare {0} carta al giorno!	Você pode enviar {0} carta por dia!	¡Puedes enviar {0} carta al día!	Вы можете отправить {0} карту в день!	1日に{0}枚のカードを送信できます！	하루에 {0}장의 카드를 보낼 수 있습니다!
CollectionYouGotToken	0	You got\n{0}!	{0}\nkazandın!	Je hebt {0} gekregen!	Du hast {0} erhalten!	Tu as obtenu {0} !	Hai ottenuto {0}!	Você ganhou {0}!	¡Conseguiste {0}!	Вы получили {0}!	{0}を獲得！	{0}을 획득했습니다!
ComingSoon	0	Coming Soon!	Çok Yakında!	Binnenkort beschikbaar!	Demnächst!	Bientôt disponible !	In arrivo!	Em Breve!	¡Próximamente!	Скоро будет!	近日公開！	곧 출시됩니다!
Completed	0	Completed	Tamamlandı	Voltooid	Abgeschlossen	Terminé	Completato	Concluído	Completado	Завершено	完了しました	완료됨
Congratulations	0	Congratulations	Tebrikler	Gefeliciteerd	Glückwunsch	Félicitations	Congratulazioni	Parabéns	¡Felicidades!	Поздравляем	おめでとうございます	축하합니다
Congratulations!	0	Congratulations!	Tebrikler!	Gefeliciteerd!	Herzlichen Glückwunsch!	Félicitations !	Congratulazioni!	Parabéns!	¡Felicidades!	Поздравляем!	おめでとうございます！	축하합니다!
Connected	0	Connected	Bağlı	Verbonden	Verbunden	Connecté	Connesso	Conectado	Conectado	Подключено	接続中	연결됨
Continue	0	Continue	Devam Et	Doorgaan	Fortfahren	Continuer	Continua	Continuar	Continuar	Продолжить	続ける	계속하기
Continue?	0	Continue?	Devam et?	Doorgaan?	Weitermachen?	Continuer ?	Continua?	Continuar?	¿Continuar?	Продолжить?	続けますか？	계속하시겠습니까?
Country	0	Country	Ülke	Land	Land	Pays	Paese	País	País	Страна	国	국가
Create	0	Create	Oluştur	Aanmaken	Erstellen	Créer	Crea	Criar	Crear	Создать	作成	생성
Current	0	Current	Mevcut	Huidige	Aktuell	Actuel	Attuale	Atual	Actual	Текущий	現在	현재
Daily	0	Daily	Günlük	Dagelijks	Täglich	Quotidiennement	Quotidiano	Diário	Diario	Ежедневно	毎日	일일
Daily Bonus	0	Daily Bonus!	Günlük Bonus!	Dagelijkse Bonus!	Täglicher Bonus!	Bonus Quotidien !	Bonus Giornaliero!	Bônus Diário!	¡Bono Diario!	Ежедневный бонус!	デイリーボーナス！	일일 보너스!
Daily Bonus Pick Hat Info	0	Pick a <color=#FEC700>Magical Hat</color>\nto get your daily reward!	Günlük ödülünü almak için bir <color=#FEC700>Sihirli Şapka</color> seç!	Kies een <color=#FEC700>Magische Hoed</color> om je dagelijkse beloning te ontvangen!	Wähle einen <color=#FEC700>Magischen Hut</color>, um deine tägliche Belohnung zu erhalten!	Choisissez un <color=#FEC700>chapeau magique</color> pour recevoir votre récompense quotidienne !	Scegli un <color=#FEC700>Cappello Magico</color> per ricevere la tua ricompensa giornaliera!	Escolha um <color=#FEC700>Chapéu Mágico</color> para receber sua recompensa diária!	Elige un <color=#FEC700>Sombrero Mágico</color> para obtener tu recompensa diaria.	Выбери <color=#FEC700>Волшебную Шляпу</color>, чтобы получить ежедневную награду!	毎日の報酬を得るために<color=#FEC700>魔法の帽子</color>を選んでください！	<color=#FEC700>마법 모자</color>를 선택하여 일일 보상을 받으세요!
Daily Bonus event has ended!	0	Daily Bonus event has ended!	Günlük Bonus etkinliği sona erdi!	Het Dagelijkse Bonus-evenement is beëindigd!	Das tägliche Bonusereignis ist beendet!	L'événement de Bonus Quotidien est terminé !	L'evento Bonus Giornaliero è terminato!	O evento Bônus Diário terminou!	¡El evento de Bonificación Diaria ha terminado!	Событие «Ежедневный бонус» завершилось!	デイリーボーナスイベントが終了しました！	일일 보너스 이벤트가 종료되었습니다!
DailyChallengeQuitPopupWarning	0	Challenge will be failed!	Meydan okuma başarısız olacak!	Uitdaging mislukt!	Herausforderung wird fehlschlagen!	Le défi sera échoué !	La sfida verrà annullata!	Desafio será falhado!	¡El desafío se dará por perdido!	Испытание будет провалено!	挑戦は失敗します！	도전이 실패하게 됩니다!
DailyChallengeRewards	0	Daily Challenge Rewards	Günlük Meydan Okuma Ödülleri	Dagelijkse Uitdaging Beloningen	Tägliche Herausforderungsbelohnungen	Récompenses des Défis Quotidiens	Ricompense Sfida Giornaliera	Recompensas do Desafio Diário	Recompensas del Desafío Diario	Ежедневные награды за испытания	デイリーチャレンジ報酬	일일 도전 보상
DailyChallengeSectionInfo	0	Unlocks at Level {0}	{0}. Seviyede açılır	Wordt ontgrendeld op niveau {0}	Wird auf Stufe {0} freigeschaltet	Débloqué au Niveau {0}	Si sblocca al Livello {0}	Desbloqueia no Nível {0}	Se desbloquea en el Nivel {0}	Разблокируется на уровне {0}	レベル{0}でアンロックされます。	{0} 레벨에서 잠금 해제됩니다.
DailyChallengeTAPopupInfo	0	Rewards:	Ödüller:	Beloningen:	Belohnungen:	Récompenses :	Ricompense:	Recompensas:	Recompensas:	Награды:	報酬:	보상:
DailyChallengeTAPopupWarning	0	Challenge Failed!	Meydan Okuma Başarısız!	Uitdaging Mislukt!	Herausforderung fehlgeschlagen!	Défi Échoué !	Sfida fallita!	Desafio Falhou!	¡Desafío fallido!	Задание не выполнено!	チャレンジ失敗！	도전 실패!
DailyChallengeTitle	0	Daily Challenge	Günlük Meydan Okuma	Dagelijkse Uitdaging	Tägliche Herausforderung	Défi quotidien	Sfida Giornaliera	Desafio Diário	Desafío diario	Ежедневное испытание	デイリーチャレンジ	일일 도전
Days	0	Days	Günler	Dagen	Tage	Jours	Giorni	Dias	Días	Дни	日数	일수
Description	0	Description	Açıklama	Beschrijving	Beschreibung	Description	Descrizione	Descrição	Descripción	Описание	説明	설명
Disconnected!	0	Disconnected!	Bağlantı Kesildi!	Verbinding verbroken!	Getrennt!	Déconnecté !	Disconnesso!	Desconectado!	¡Desconectado!	Отключено!	切断されました!	연결이 끊어졌습니다!
DuckFestivalInfoPopUpStep1	0	Beat Levels & Collect Ducks!	Bölümleri Geç & Ördekleri Topla!	Haal Levels & Verzamel Eenden!	Bewältige Level & Sammle Enten!	Terminez les niveaux et collectez des canards !	Supera i livelli e colleziona anatre!	Complete os níveis e colecione patos!	¡Supera niveles y recoge patos!	Проходите уровни и собирайте уток!	レベルをクリアしてアヒルを集めよう！	레벨을 클리어하고 오리를 모으세요!
DuckFestivalInfoPopUpStep2	0	Compete Against Other Players!	Diğer Oyunculara Karşı Yarış!	Neem het op tegen andere spelers!	Tritt gegen andere Spieler an!	Faites compétition contre d'autres joueurs !	Competi contro altri giocatori!	Compita Contra Outros Jogadores!	¡Compite contra otros jugadores!	Соревнуйтесь с другими игроками!	他のプレイヤーと競争しよう！	다른 플레이어들과 경쟁하세요!
DuckFestivalMultiplier	0	Collect x2 Ducks from Level Wins!	Seviye Kazanmalarından x2 Ördek topla!	Verzamel x2 Eenden uit Leveloverwinningen!	Sammle x2 Enten durch Levelgewinne!	Collectez x2 canards grâce aux victoires de niveau !	Raccogli x2 Anatre dalle Vittorie di Livello!	Colete x2 Patos nas Vitórias de Nível!	¡Recoge x2 Patos de las Victorias de Nivel!	Собирайте x2 уток за победы в уровнях!	レベルクリアでアヒルをx2個集めよう！	레벨 승리에서 오리 2배 획득!
DuckFestivalPreJoinPopupInfo	0	Beat <color=#FFCF3DFF>a level</color> to join the Duck Festival!	Ördek Festivali'ne katılmak için <color=#FFCF3DFF>bir bölümü geç</color>!	Voltooi <color=#FFCF3DFF>een niveau</color> om mee te doen aan het Eendenfestival!	Schließe <color=#FFCF3DFF>ein Level</color> ab, um am Duck Festival teilzunehmen!	Terminez <color=#FFCF3DFF>un niveau</color> pour rejoindre le Festival des Canards !	Supera <color=#FFCF3DFF>un livello</color> per partecipare al Duck Festival!	Complete um <color=#FFCF3DFF>nível</color> para participar do Festival do Pato!	¡Supera <color=#FFCF3DFF>un nivel</color> para unirte al Festival de los Patos!	Пройдите <color=#FFCF3DFF>уровень</color>, чтобы присоединиться к фестивалю уток!	<color=#FFCF3DFF>レベルをクリアして</color>アヒルフェスティバルに参加しよう！	<color=#FFCF3DFF>레벨</color>을 클리어하고 오리 축제에 참여하세요!
DuckFestivalTitle	0	Duck Festival	Ördek Festivali	Eendenfestival	Entenfestival	Festival du Canard	Festa delle Anatre	Festival dos Patos	Festival de Patos	УткаФестиваль	カモ祭り	오리 축제
Edit	0	Edit	Düzenle	Bewerken	Bearbeiten	Modifier	Modifica	Editar	Editar	Редактировать	編集	편집
EditProfilePopupTitle	0	Edit Profile	Profili Düzenle	Profiel bewerken	Profil bearbeiten	Modifier le profil	Modifica profilo	Editar Perfil	Editar perfil	Редактировать профиль	プロフィールを編集	프로필 수정
EndlessPortal	0	Endless Portal	Sonsuz Portal	Eindeloze Portal	Unendliches Portal	Portail Infini	Portale Infinito	Portal Infinito	Portal Infinito	Бесконечный портал	エンドレスポータル	끝없는 포털
EndlessPortalPopupInfo	0	Claim each offer to unlock free rewards!	Her bir teklifi talep edip ücretsiz ödüllerin kilidini aç!	Claim elke aanbieding om gratis beloningen te ontgrendelen!	Beanspruche jedes Angebot, um kostenlose Belohnungen freizuschalten!	Obtenez chaque offre pour débloquer des récompenses gratuites !	Riscatta ogni offerta per sbloccare ricompense gratuite!	Reivindique cada oferta para desbloquear recompensas gratuitas!	¡Reclama cada oferta para desbloquear recompensas gratis!	Получите каждое предложение, чтобы разблокировать бесплатные награды!	各オファーを利用して、無料の報酬を解放しましょう！	각 제안을 수락하여 무료 보상을 잠금 해제하세요!
EndlessPortalWarning	0	Accept previous offer to open	Önceki teklifi kabul et açmak için	Vorige aanbod accepteren om te openen	Vorheriges Angebot annehmen, um zu öffnen	Accepter l'offre précédente pour ouvrir	Accetta l'offerta precedente per aprire	Aceitar oferta anterior para abrir	Aceptar la oferta anterior para abrir	Принять предыдущие предложения, чтобы открыть	以前のオファーを受け入れて開く	이전 제안을 수락하여 엽니다.
EnterYourMessageHere	0	Enter your message	Mesajınızı girin	Voer je bericht in	Geben Sie Ihre Nachricht ein	Entrez votre message	Inserisci il tuo messaggio	Digite sua mensagem	Introduce tu mensaje	Введите ваше сообщение	メッセージを入力してください	메시지를 입력하세요
Equip	0	Equip	Donat	Uitrusten	Ausrüsten	Équiper	Equipaggia	Equipar	Equipar	Экипировать	受け取る	획득하기
FacebookLoginResultPopupCancelInfo	0	Facebook sign in cancelled!	Facebook oturum açma işlemi iptal edildi!	Facebook-aanmelding geannuleerd!	Anmeldung über Facebook abgebrochen!	Connexion Facebook annulée !	Accesso tramite Facebook annullato!	Assinatura do Facebook cancelada!	¡Inicio de sesión en Facebook cancelado!	Вход через Facebook отменён!	Facebookサインインがキャンセルされました！	페이스북 로그인 취소됨!
FacebookLoginResultPopupFailInfo	0	Facebook sign in failed!	Facebook oturumu açma başarısız oldu!	Facebook-aanmelding mislukt!	Facebook-Anmeldung fehlgeschlagen!	Échec de la connexion Facebook !	Accesso con Facebook non riuscito!	Falha ao entrar com o Facebook!	¡Error al iniciar sesión con Facebook!	Вход через Facebook не удался!	Facebookサインインに失敗しました！	Facebook 로그인 실패!
FacebookLoginResultPopupSignOutInfo	0	Signed out from Facebook!	Facebook'tan çıkış yapıldı!	Uitgelogd van Facebook!	Von Facebook abgemeldet!	Déconnecté de Facebook !	Disconnesso da Facebook!	Desconectado do Facebook!	¡Cierre de sesión de Facebook!	Вы вышли из Facebook!	Facebookからサインアウトしました！	페이스북에서 로그아웃되었습니다!
FacebookLoginResultPopupSuccessInfo	0	Signed in with Facebook!	Facebook ile oturum açıldı!	Aangemeld met Facebook!	Mit Facebook angemeldet!	Connecté avec Facebook !	Accesso effettuato con Facebook!	Conectado com o Facebook!	¡Conectado con Facebook!	Вход через Facebook выполнен!	フェイスブックでサインインしました！	페이스북으로 로그인되었습니다!
FacebookSignIn	0	Sign in with Facebook	Facebook ile giriş yap	Log in met Facebook	Mit Facebook anmelden	Se connecter avec Facebook	Accedi con Facebook	Iniciar sessão com Facebook	Inicia sesión con Facebook	Войти через Facebook	Facebookでサインイン	페이스북으로 로그인
FacebookSignOutPopupInfo	0	Do you want to sign out from Facebook?	Facebook'tan çıkış yapmak istiyor musunuz?	Wil je je afmelden bij Facebook?	Möchten Sie sich von Facebook abmelden?	Voulez-vous vous déconnecter de Facebook ?	Vuoi disconnetterti da Facebook?	Você deseja sair do Facebook?	¿Quieres cerrar sesión en Facebook?	Вы хотите выйти из Facebook?	Facebookからサインアウトしますか？	Facebook에서 로그아웃하시겠습니까?
Fail!	0	Fail!	Başarısız!	Mislukt!	Fehler!	Échec !	Fallito!	Falhou!	¡Fallaste!	Провал!	失敗！	실패!
Fantastic!	0	Fantastic!	Müthiş!	Fantastisch!	Fantastisch!	Fantastique !	Fantastico!	Fantástico!	¡Fantástico!	Фантастика!	ファンタスティック！	환상적이에요!
Finished	0	Finished	Bitti	Voltooid	Fertiggestellt	Terminé	Completato	Concluído	Terminado	Завершено	完了	완료됨
FirendsInvite	0	Invite	Davet Et	Uitnodigen	Einladen	Inviter	Invita	Convidar	Invitar	Пригласить	招待する	초대
Frame	0	Frame	Çerçeve	Kader	Rahmen	Cadre	Cornice	Quadro	Marco	Рамка	フレーム	프레임
Free	0	Free	Ücretsiz	Gratis	Kostenlos	Gratuit	Gratuito	Grátis	Gratis	Бесплатно	無料	무료
FreeLives	0	Free Lives	Bedava Canlar	Gratis levens	Kostenlose Leben	Vies gratuites	Vite gratis	Vidas grátis	Vidas gratis	Бесплатные жизни	無料ライフ	무료 목숨
FreeRewards	0	Free Rewards	Ücretsiz Ödüller	Gratis beloningen	Kostenlose Belohnungen	Récompenses gratuites	Ricompense gratuite	Recompensas grátis	Recompensas gratis	Бесплатные награды	無料報酬	무료 보상
FriendListFullErrorMessage	0	Your friend list is full!	Arkadaş listeniz dolu!	Je vriendenlijst is vol!	Deine Freundesliste ist voll!	Votre liste d'amis est pleine !	La tua lista amici è piena!	Sua lista de amigos está cheia!	¡Tu lista de amigos está llena!	Ваш список друзей переполнен!	フレンドリストがいっぱいです！	친구 목록이 가득 찼습니다!
FriendRemoveFriendTitle	0	Remove Friend	Arkadaş Kaldır	Vriend verwijderen	Freund entfernen	Supprimer un(e) ami(e)	Rimuovi Amico	Remover Amigo	Eliminar amigo	Удалить друга	フレンドを削除	친구 제거
Friends	0	Friends	Arkadaşlar	Vrienden	Freunde	Amis	Amici	Amigos	Amigos	Друзья	友達	친구들
FriendsAdd	0	Add	Ekle	Toevoegen	Hinzufügen	Ajouter	Aggiungi	Adicionar	Agregar	Добавить	追加	추가
FriendsAddFriends	0	Add Friends	Arkadaş Ekle	Vrienden Toevoegen	Freunde hinzufügen	Ajouter des amis	Aggiungi Amici	Adicionar Amigos	Agregar Amigos	Добавить друзей	友達を追加	친구 추가
FriendsAdded	0	Added	Eklendi	Toegevoegd	Hinzugefügt	Ajouté	Aggiunto	Adicionado	Añadido	Добавлено	追加されました	추가됨
FriendsAlreadyAdded	0	Already added	Zaten eklendi	Al toegevoegd	Bereits hinzugefügt	Déjà ajouté	Già aggiunti	Já adicionado	Ya agregado	Уже добавлено	既に追加済み	이미 추가됨
FriendsAlreadySentRequest	0	Already sent	Zaten gönderildi	Al verstuurd	Bereits gesendet	Déjà envoyé	Già inviato	Já enviado	Ya enviado	Уже отправлено	送信済み	이미 보냈습니다
FriendsAreYouSureToRemoveFriend	0	Are you sure to remove. your friend <color=#D35000>{0}</color>?	Arkadaşın <color=#D35000>{0}</color>'ı silmek istediğine emin misin?	Weet je zeker dat je je vriend <color=#D35000>{0}</color> wilt verwijderen?	Möchtest du deinen Freund <color=#D35000>{0}</color> wirklich entfernen?	Êtes-vous sûr de vouloir supprimer votre ami <color=#D35000>{0}</color> ?	Sei sicuro di voler rimuovere il tuo amico <color=#D35000>{0}</color>?	Tem certeza de que deseja remover seu amigo <color=#D35000>{0}</color>?	¿Estás seguro de eliminar a tu amigo <color=#D35000>{0}</color>?	Вы уверены, что хотите удалить вашего друга <color=#D35000>{0}</color>?	友達<color=#D35000>{0}</color>を本当に削除しますか？	친구 <color=#D35000>{0}</color>를 제거하시겠습니까?
FriendsConnectWithFb	0	Connect with Facebook	Facebook ile bağlan	Verbinden met Facebook	Mit Facebook verbinden	Se connecter avec Facebook	Connettiti con Facebook	Conecte-se com o Facebook	Conéctate con Facebook	Подключиться через Facebook	Facebookで接続する	페이스북으로 연결하기
FriendsDeleteFriend	0	Remove	Kaldır	Verwijderen	Entfernen	Supprimer	Rimuovi	Remover	Eliminar	Удалить	削除	삭제
FriendsDismiss	0	Ignore	Yok Say	Verwijderen	Abbrechen	Rejeter	Annulla	Descartar	Descartar	Отклонить	キャンセル	닫기
FriendsFindFriends	0	Find Friends	Arkadaş Bul	Vrienden Vinden	Freunde finden	Trouver des amis	Trova Amici	Encontrar Amigos	Encontrar Amigos	Найти друзей	友達を見つける	친구 찾기
FriendsFriendRequests	0	Friend Requests	Arkadaş İstekleri	Vriendverzoeken	Freundschaftsanfragen	Demandes d'amis	Richieste di amicizia	Solicitações de Amizade	Solicitudes de amistad	Запросы в друзья	友達リクエスト	친구 요청
FriendsGetYourCoin	0	Get your rewards!	Ödüllerini al!	Pak je beloningen!	Pak je beloningen!	Pak je beloningen!	Pak je beloningen!	Pak je beloningen!	Pak je beloningen!	Pak je beloningen!	Pak je beloningen!	Pak je beloningen!
FriendsInviteFriend	0	Invite Friends	Arkadaşları Davet Et	Vrienden uitnodigen	Freunde einladen	Inviter des amis	Invita Amici	Convidar Amigos	Invitar a amigos	Пригласить друзей	友達を招待	친구 초대
FriendsInviteInfo1	0	Send an invite!	Davet gönder!	Stuur een uitnodiging!	Sende eine Einladung!	Envoyez une invitation !	Invia un invito!	Envie um convite!	¡Envía una invitación!	Отправьте приглашение!	招待を送信！	초대를 보내세요!
FriendsInviteInfo2	0	Friend reaches <color=#FECB11>level {0}</color>!	Arkadaş <color=#FECB11>seviye {0}</color>'ye ulaştı!	Vriend bereikt <color=#FECB11>niveau {0}</color>!	Freund erreicht <color=#FECB11>Level {0}</color>!	Votre ami atteint le <color=#FECB11>niveau {0}</color> !	Amico raggiunge il <color=#FECB11>livello {0}</color>!	Amigo alcançou o <color=#FECB11>nível {0}</color>!	¡Tu amigo ha alcanzado el <color=#FECB11>nivel {0}</color>!	Друг достиг <color=#FECB11>{0} уровня</color>!	友達が<color=#FECB11>レベル{0}</color>に到達しました！	친구가 <color=#FECB11>{0} 레벨</color>에 도달했습니다!
FriendsInviteInfo3	0	<color=#FECB11>Earn</color> amazing rewards!	<color=#FECB11>Harika</color> ödüller kazanın!	<color=#FECB11>Verdien</color> fantastische beloningen!	<color=#FECB11>Verdiene</color> tolle Belohnungen!	<color=#FECB11>Gagnez</color> des récompenses incroyables !	<color=#FECB11>Guadagna</color> incredibili ricompense!	<color=#FECB11>Ganhe</color> recompensas incríveis!	<color=#FECB11>¡Gana</color> increíbles recompensas!	<color=#FECB11>Заработайте</color> удивительные награды!	<color=#FECB11>素晴らしい報酬を獲得</color>しましょう！	<color=#FECB11>놀라운 보상을 획득하세요!</color>
FriendsInviteInfo4	0	Your friend should be a <color=#FECB11>NEW</color> player!	Arkadaşınız <color=#FECB11>YENİ</color> bir oyuncu olmalı!	Je vriend moet een <color=#FECB11>NIEUWE</color> speler zijn!	Dein Freund sollte ein <color=#FECB11>NEUER</color> Spieler sein!	Votre ami doit être un <color=#FECB11>NOUVEAU</color> joueur !	Il tuo amico deve essere un giocatore <color=#FECB11>NUOVO</color>!	Seu amigo deve ser um jogador <color=#FECB11>NOVO</color>!	¡Tu amigo debe ser un jugador <color=#FECB11>NUEVO</color>!	Ваш друг должен быть <color=#FECB11>НОВЫМ</color> игроком!	友達は<color=#FECB11>新規</color>プレイヤーである必要があります！	친구는 <color=#FECB11>새로운</color> 플레이어여야 합니다!
FriendsInviteRewardDescription	0	Invite a friend and win rewards when they reach <color=#FECB11>Level {0}</color>!	Bir arkadaşını davet et ve <color=#FECB11>Seviye {0}</color>'ye ulaştıklarında ödüller kazan!	Nodig een vriend uit en win beloningen wanneer zij <color=#FECB11>niveau {0}</color> bereiken!	Lade einen Freund ein und gewinne Belohnungen, wenn sie <color=#FECB11>Level {0}</color> erreichen!	Invitez un ami et gagnez des récompenses lorsqu'il atteint le <color=#FECB11>niveau {0}</color> !	Invita un amico e vinci ricompense quando raggiunge il <color=#FECB11>Livello {0}</color>!	Convide um amigo e ganhe recompensas quando ele atingir o <color=#FECB11>Nível {0}</color>!	Invita a un amigo y gana recompensas cuando alcance el <color=#FECB11>nivel {0}</color>!	Пригласите друга и получите награды, когда он достигнет <color=#FECB11>уровня {0}</color>!	友達を招待して、彼らが<color=#FECB11>レベル {0}</color>に達すると報酬を獲得しよう！	친구를 초대하고 친구가 <color=#FECB11>레벨 {0}</color>에 도달하면 보상을 받으세요!
FriendsList	0	Friends List	Arkadaş Listesi	Vriendenlijst	Freundesliste	Liste d'Amis	Lista Amici	Lista de Amigos	Lista de Amigos	Список Друзей	フレンドリスト	친구 목록
FriendsPending	0	Pending	Bekleyen	In afwachting	Ausstehend	En attente	In sospeso	Pendente	Pendiente	Ожидание	保留中	보류 중
FriendsPlayWithYourFriends	0	Play with your friends!	Arkadaşlarınla oyna!	Speel met je vrienden!	Spiel mit deinen Freunden!	Jouez avec vos amis !	Gioca con i tuoi amici!	Jogue com seus amigos!	¡Juega con tus amigos!	Играйте с друзьями!	友達と一緒に遊ぼう！	친구들과 함께 하세요!
FriendsRequestSent	0	Friends request sent!	Arkadaşlık isteği gönderildi!	Vriendverzoek verzonden!	Anfragen an Freunde gesendet!	Demande d'ami envoyée !	Richiesta di amicizia inviata!	Pedido de amizade enviado!	¡Solicitud de amistad enviada!	Запрос на дружбу отправлен!	フレンドリクエストを送信しました！	친구 요청이 발송되었습니다!
FriendsRequested	0	Requested	İstendi	Aangevraagd	Angefordert	Demandé	Richiesto	Solicitado	Solicitado	Запрошено	依頼済み	요청됨
FriendsSaveYourProgress	0	Save your <color=#C031EA>progress</color>!	<color=#C031EA>İlerlemeni</color> kaydet!	Sla je <color=#C031EA>voortgang</color> op!	Speichere deinen <color=#C031EA>Fortschritt</color>!	Sauvegardez votre <color=#C031EA>progression</color> !	Salva il tuo <color=#C031EA>progresso</color>!	Salve seu <color=#C031EA>progresso</color>!	¡Guarda tu <color=#C031EA>progreso</color>!	Сохраните ваш <color=#C031EA>прогресс</color>!	<color=#C031EA>進捗</color>を保存しましょう！	<color=#C031EA>진행 상황</color>을 저장하세요!
FriendsSearch	0	Search	Ara	Zoeken	Suche	Rechercher	Ricerca	Buscar	Buscar	Поиск	検索	검색
FriendsSuggested	0	Suggested Friends	Önerilen Arkadaşlar	Voorgestelde Vrienden	Vorgeschlagene Freunde	Amis Suggérés	Amici Suggeriti	Amigos Sugeridos	Amigos Sugeridos	Предложенные Друзья	おすすめのフレンド	추천 친구
FriendsTypeUserId	0	Enter user id	Kullanıcı kimliği girin.	Voer gebruikers-ID in	Benutzer-ID eingeben	Saisissez l'identifiant utilisateur	Inserisci l'ID utente	Insira o id do usuário	Introduce el ID de usuario	Введите ID пользователя	ユーザーIDを入力してください	사용자 ID 입력
FriendsUserID	0	My User ID:	Kullanıcı No:	Mijn gebruikers-ID:	Mein User-ID:	Mon identifiant:	Il mio ID utente:	Meu ID de Usuário:	\nMi ID de usuario:	Мой идентификатор пользователя:	ユーザーID:	내 사용자 ID:
FriendsUserIdCopied	0	Your user id copied to clipboard!	Kullanıcı kimliğiniz panoya kopyalandı!	Je gebruikers-ID is naar het klembord gekopieerd!	Deine Benutzer-ID wurde in die Zwischenablage kopiert!	Votre identifiant utilisateur a été copié dans le presse-papiers !	Il tuo ID utente è stato copiato negli appunti!	Seu ID de usuário foi copiado para a área de transferência!	¡Tu ID de usuario se copió al portapapeles!	Ваш идентификатор пользователя скопирован в буфер обмена!	あなたのユーザーIDがクリップボードにコピーされました！	사용자 ID가 클립보드에 복사되었습니다!
FriendsUserNotFound	0	User not found!	Kullanıcı bulunamadı!	Gebruiker niet gevonden!	Benutzer nicht gefunden!	Utilisateur non trouvé !	Utente non trovato!	Usuário não encontrado!	¡Usuario no encontrado!	Пользователь не найден!	ユーザーが見つかりません！	사용자를 찾을 수 없습니다!
From	0	From	Kimden	Van	Von	De	Da	De	De	От	から	발신자
Full	0	Full	Dolu	Volledig	Voll	Complet	Completo	Completo	Completo	Полный	満杯	전체
GameBoosterRevealInfo	0	SELECT TO REMOVE OBSTACLE	ENGELİ KALDIRMAK İÇİN SEÇ	SELECTEER OM HINDERNIS TE VERWIJDEREN	AUSWÄHLEN, UM HINDERNIS ZU ENTFERNEN	SÉLECTIONNER POUR SUPPRIMER L'OBSTACLE	SELEZIONA PER RIMUOVERE OSTACOLO	SELECIONE PARA REMOVER OBSTÁCULO	SELECCIONA PARA ELIMINAR OBSTÁCULO	ВЫБЕРИТЕ, ЧТОБЫ УБРАТЬ ПРЕГРАДУ	障害物を取り除くために選択	장애물 제거 선택
GameBoosterShuffleInfo	0	SELECT BOTTLE TO SHUFFLE	ŞİŞEYİ KARIŞTIRMAK İÇİN SEÇİN	SELECTEER FLES OM TE SCHUDDEN	FLASCHE AUSWÄHLEN, UM ZU MISCHEN	SÉLECTIONNEZ UNE BOUTEILLE POUR MÉLANGER	SELEZIONA LA BOTTIGLIA DA MESCOLARE	SELECIONE UMA GARRAFA PARA EMBARALHAR	SELECCIONA BOTELLA PARA MEZCLAR	ВЫБЕРИТЕ БУТЫЛКУ ДЛЯ ПЕРЕМЕШИВАНИЯ	ボトルを選んでシャッフル	병 선택하여 섞기
Get	0	Get	Al	Verkrijg	Holen	Obtenir	Ottieni	Obter	Obtener	Получить	取得	획득
GiveUp	0	Give Up	Pes Et	Opgeven	Aufgeben	Abandonner	Arrenditi	Desistir	Ríndete	Сдаться	ギブアップ	포기하기
GrandPrize	0	Grand Prize	Büyük Ödül	Hoofdprijs	Hauptpreis	Grand Prix	Gran Premio	Grande Prêmio	Gran Premio	Главный Приз	グランプリ	대상
Haptic	0	Haptic	Haptik	Haptisch	Haptik	Haptique	Aptico	Tátil	Háptico	Хаптик	ハプ	햅틱
Hard	0	Hard	Zor	Moeilijk	Schwierig	Difficile	Difficile	Difícil	Difícil	Тяжелый	難しい	어려움
HardLevel	0	Hard Level	Zor Seviye	Moeilijk Niveau	Schwieriges Level	Niveau Difficile	Livello Difficile	Nível Difícil	Nivel Difícil	Сложный уровень	ハードレベル	어려운 단계
HardUpper	0	HARD	ZOR	HARD	SCHWER	DIFFICILE	DURO	DIFÍCIL	DIFÍCIL	ТЯЖЕЛО	HARD	어려움
Help	0	Help	Yardım	Hulp	Hilfe	Aide	Aiuto	Ajuda	Ayuda	Помощь	ヘルプ	도움말
Helps	0	Helps	Yardım	Helpt	Hilft	Aide	Aiuti	Ajuda	Ayudas	Помощь	ヘルプ	도움말
Home	0	Home	Ana Ekran	Thuis	Startseite	Accueil	Casa	Início	Inicio	Главная	ホーム	홈
JetpackEventEnded	0	Event finished!	Etkinlik sona erdi!	Evenement afgelopen!	Event beendet!	Événement terminé !	Evento terminato!	Evento concluído!	¡Evento finalizado!	Событие завершено!	イベントが終了しました！	이벤트가 종료되었습니다!
JetpackRace	0	Jetpack Race	Jetpack Yarışı	Jetpack Wedstrijd	Jetpack Rennen	Course de Jetpack	Gara di Jetpack	Corrida de Jetpack	Carrera de Jetpack	Гонка на джетпаке	ジェットパックレース	제트팩 경주
JetpackRaceInfoPopupInfo	0	Beat {0} levels on your first try before others to win!	İlk denemenizde {0} seviyeyi başkalarından önce bitirin ve kazanın!	Versla {0} levels in één keer voordat anderen dat doen om te winnen!	Gewinne {0} Level auf Anhieb, bevor andere es schaffen, um zu gewinnen!	Terminez {0} niveaux du premier coup avant les autres pour gagner !	Supera {0} livelli al primo tentativo prima degli altri per vincere!	Complete {0} níveis na sua primeira tentativa antes dos outros para vencer!	¡Supera {0} niveles en tu primer intento antes que los demás para ganar!	Пройдите {0} уровней с первой попытки раньше других, чтобы победить!	最初の試行で他のプレイヤーより先に{0}レベルをクリアして勝利しよう！	다른 사람들보다 먼저 한 번의 시도로 {0} 레벨을 완료하여 승리하세요!
JetpackRaceInfoPopupStep1	0	Beat {0} levels on first try!	{0} seviyeyi ilk denemede geç!	Voltooi {0} levels in één poging!	Schließe {0} Level beim ersten Versuch ab!	Terminez {0} niveaux du premier coup !	Supera {0} livelli al primo tentativo!	Complete {0} níveis na primeira tentativa!	¡Supera {0} niveles al primer intento!	Пройдите {0} уровней с первого раза!	{0}レベルを一発でクリアしよう！	첫 시도에 {0} 레벨을 성공적으로 완료하세요!
JetpackRaceInfoPopupStep2	0	Be faster than others!	Başkalarından daha hızlı ol!	Wees sneller dan de anderen!	Sei schneller als die anderen!	Soyez plus rapide que les autres !	Sii più veloce degli altri!	Seja mais rápido que os outros!	¡Sé más rápido que los demás!	Будь быстрее остальных!	他の人より速くなろう！	다른 사람들보다 더 빨리 나아가세요!
JetpackRaceInfoPopupStep3	0	Win Amazing Rewards!	Harika Ödüller Kazanın!	Win fantastische beloningen!	Gewinne unglaubliche Belohnungen!	Gagnez des récompenses incroyables !	Vinci premi straordinari!	Ganhe Recompensas Incríveis!	¡Gana recompensas increíbles!	Выиграйте потрясающие награды!	素晴らしい報酬を獲得しよう！	멋진 보상을 획득하세요!
JetpackRaceInfoPopupWarning	0	Every fail resets all  your progress!	Her başarısızlık tüm ilerlemenizi sıfırlar!	Elke mislukking reset al je voortgang!	Jeder Fehler setzt deinen gesamten Fortschritt zurück!	Chaque échec réinitialise tout votre progrès !	Ogni errore azzera tutto il tuo progresso!	Cada falha reinicia todo o seu progresso!	¡Cada fallo reinicia todo tu progreso!	Каждая неудача сбрасывает весь ваш прогресс!	各失敗は、すべての進行状況をリセットします！	실패할 때마다 모든 진행 상황이 초기화됩니다!
JetpackRaceJoinPopupInfo	0	Jetpack Race has started! Beat {0} levels on your first try before others to win amazing rewards!	Jetpack Yarışı başladı! Harika ödüller kazanmak için ilk denemenizde {0} seviyeyi diğerlerinden önce geçin!	De Jetpack Wedstrijd is begonnen! Versla {0} levels in je eerste poging voordat anderen dat doen om geweldige beloningen te winnen!	Das Jetpack Rennen hat begonnen! Schlage {0} Level beim ersten Versuch, bevor andere es tun, und gewinne fantastische Belohnungen!	La Course de Jetpack a commencé ! Terminez {0} niveaux du premier coup avant les autres pour gagner des récompenses incroyables !	La Gara di Jetpack è iniziata! Supera {0} livelli al primo tentativo prima degli altri per vincere premi incredibili!	A Corrida de Jetpack começou! Vença {0} níveis na sua primeira tentativa antes dos outros para ganhar recompensas incríveis!	¡La Carrera de Jetpack ha comenzado! ¡Supera {0} niveles en tu primer intento antes que los demás para ganar recompensas increíbles!	Гонка на джетпаке началась! Пройдите {0} уровней с первой попытки быстрее других, чтобы выиграть потрясающие награды!	ジェットパックレースが始まりました！最初の挑戦で{0}レベルを誰よりも早く突破して、豪華な報酬をゲットしよう！	제트팩 경주가 시작되었습니다! 첫 도전에서 남들보다 빨리 {0}단계를 클리어해 놀라운 보상을 획득하세요!
JetpackRacePopupInfo1	0	Beat {0} levels before others to win rewards!	Ödüller kazanmak için {0} seviyeyi diğerlerinden önce bitirin!	Versla {0} levels voordat anderen dat doen om beloningen te winnen!	Schließe {0} Levels vor den anderen ab, um Belohnungen zu gewinnen!	Franchissez {0} niveaux avant les autres pour gagner des récompenses!	Supera {0} livelli prima degli altri per vincere ricompense!	Complete {0} níveis antes dos outros para ganhar recompensas!	¡Supera {0} niveles antes que los demás para ganar recompensas!	Пройдите {0} уровней раньше других, чтобы получить награды!	他のプレイヤーよりも早く{0}レベルをクリアして報酬を獲得しよう！	다른 사람들보다 먼저 {0} 레벨을 완료하여 보상을 획득하세요!
JetpackRacePopupInfo2	0	Beat {0} levels on your first try before others to win!	Diğerlerinden önce, ilk denemede {0} seviyeyi geçerek kazan!	Behaal {0} levels in je eerste poging voordat anderen dat doen om te winnen!	Beende {0} Level beim ersten Versuch schneller als die anderen, um zu gewinnen!	Bats {0} niveaux du premier coup avant les autres pour gagner!	Supera {0} livelli al primo tentativo prima degli altri per vincere!	Complete {0} níveis na sua primeira tentativa antes dos outros para ganhar!	¡Supera {0} niveles en tu primer intento antes que los demás para ganar!	Победите {0} уровней с первой попытки раньше других, чтобы выиграть!	最初の試行で他のプレイヤーに先駆けて {0} レベルをクリアして勝利しよう！	다른 사람들보다 먼저 {0} 단계를 처음 시도에서 클리어하여 승리하세요!
JetpackRacePopupInfoLose	0	You lost the race! Try again to win amazing rewards!	Yarışı kaybettiniz! Harika ödüller kazanmak için tekrar deneyin!	Je hebt de race verloren! Probeer het opnieuw om geweldige beloningen te winnen!	Du hast das Rennen verloren! Versuche es erneut, um fantastische Belohnungen zu gewinnen!	Vous avez perdu la course ! Réessayez pour gagner des récompenses incroyables !	Hai perso la gara! Prova di nuovo per vincere fantastici premi!	Você perdeu a corrida! Tente novamente para ganhar recompensas incríveis!	¡Perdiste la carrera! ¡Inténtalo de nuevo para ganar recompensas increíbles!	Вы проиграли в гонке! Попробуйте снова, чтобы выиграть потрясающие награды!	レースに負けました！素晴らしい報酬を獲得するためにもう一度挑戦しましょう！	경주에서 졌습니다! 놀라운 보상을 얻기 위해 다시 도전해 보세요!
JetpackRacePopupInfoWin	0	Congratulations! You've won the race!	Tebrikler! Yarışı kazandınız!	Gefeliciteerd! Je hebt de race gewonnen!	Herzlichen Glückwunsch! Du hast das Rennen gewonnen!	Félicitations ! Vous avez gagné la course !	Congratulazioni! Hai vinto la gara!	Parabéns! Você venceu a corrida!	¡Felicidades! ¡Has ganado la carrera!	Поздравляем! Вы выиграли гонку!	おめでとうございます！あなたはレースに勝ちました！	축하합니다! 경주에서 승리하셨습니다!
JetpackRacePopupStartWithLimitless	0	Beat <color=#FFE40E>{0} Levels</color> before others to win!\nJoin Now to earn <color=#FFE40E>unlimited lives</color>!	Başkalarını geçmek için <color=#FFE40E>{0} Seviye</color> tamamla ve kazan!  \nSınırsız can kazanmak için şimdi katıl!	Versla <color=#FFE40E>{0} levels</color> voordat anderen dat doen om te winnen!  \nDoe nu mee om <color=#FFE40E>onbeperkte levens</color> te verdienen!	Schlage <color=#FFE40E>{0} Levels</color> vor den anderen, um zu gewinnen!  \nTritt jetzt bei, um <color=#FFE40E>unbegrenzte Leben</color> zu verdienen!	Bats <color=#FFE40E>{0} niveaux</color> avant les autres pour gagner !  \nRejoins maintenant pour obtenir <color=#FFE40E>des vies illimitées</color> !	Batti <color=#FFE40E>{0} livelli</color> prima degli altri per vincere!  \nUnisciti ora per ottenere <color=#FFE40E>vite illimitate</color>!	Complete <color=#FFE40E>{0} Fases</color> antes dos outros para vencer!  \nParticipe agora para ganhar <color=#FFE40E>vidas ilimitadas</color>!	¡Supera <color=#FFE40E>{0} niveles</color> antes que los demás para ganar!  \n¡Únete ahora para ganar <color=#FFE40E>vidas ilimitadas</color>!	Победите <color=#FFE40E>{0} уровней</color> быстрее остальных, чтобы победить! Присоединяйтесь сейчас, чтобы заработать <color=#FFE40E>неограниченные жизни</color>!	他の人に勝つために<color=#FFE40E>{0}レベル</color>をクリアしよう！\n\n今すぐ参加して<color=#FFE40E>ライフ無制限</color>を手に入れよう！	남들보다 먼저 <color=#FFE40E>{0} 레벨</color>을 완료하고 승리하세요!  \n지금 참여하여 <color=#FFE40E>무제한 생명</color>을 받으세요!
JetpackRacePopupStartWithoutLimitless	0	Beat <color=#FFE40E>{0} Levels</color> before others\nto win amazing rewards!	Başkalarından önce <color=#FFE40E>{0} Seviyeyi</color> bitirerek müthiş ödüller kazanın!	Versla <color=#FFE40E>{0} levels</color> voordat anderen dat doen om geweldige beloningen te winnen!	Schließe <color=#FFE40E>{0} Levels</color> schneller als andere ab, um großartige Belohnungen zu gewinnen!	Battez <color=#FFE40E>{0} niveaux</color> avant les autres pour gagner des récompenses incroyables !	Supera <color=#FFE40E>{0} livelli</color> prima degli altri per vincere premi incredibili!	Vença <color=#FFE40E>{0} níveis</color> antes dos outros para ganhar recompensas incríveis!	¡Completa <color=#FFE40E>{0} niveles</color> antes que los demás para ganar increíbles recompensas!	Пройдите <color=#FFE40E>{0} уровней</color> быстрее других, чтобы выиграть потрясающие награды!	他のプレイヤーよりも早く<color=#FFE40E>{0}レベル</color>をクリアして、素晴らしい報酬を手に入れよう！	다른 사람들보다 먼저 <color=#FFE40E>{0} 레벨</color>을 완료하고 놀라운 보상을 획득하세요!
JetpackRacePopupTooltip	0	First place will earn following rewards!	Birinci, aşağıdaki ödülleri kazanacak!	De eerste plaats verdient de volgende beloningen!	Der erste Platz erhält folgende Belohnungen!	La première place remportera les récompenses suivantes !	Il primo posto riceverà i seguenti premi!	O primeiro lugar ganhará as seguintes recompensas!	¡El primer lugar obtendrá las siguientes recompensas!	Первое место получит следующие награды!	1位になると以下の報酬がもらえます！	1등은 다음 보상을 받을 수 있습니다!
JetpackRaceRewards	0	Jetpack Race Rewards	Jetpack Yarışı Ödülleri	Jetpack Wedstrijd Beloningen	Jetpack Rennen Belohnungen	Récompenses de Course de Jetpack	Ricompense della Gara di Jetpack	Recompensas da Corrida de Jetpack	Recompensas de Carrera de Jetpack	Награды за Гонка на джетпаке ранце	ジェットパックレース報酬	제트팩 경주 보상
JetpackRaceTitle	0	Jetpack Race	Jetpack Yarışı	Jetpack Wedstrijd	Jetpack Rennen	Course de Jetpack	Gara di Jetpack	Corrida de Jetpack	Carrera de Jetpack	Гонка на джетпаке	ジェットパックレース	제트팩 경주
JetpackRaceWithStageChanged	0	JETPACK RACE HAS CHANGED!	JETPACK YARIŞI DEĞİŞTİ!	JETPACK RACE IS VERANDERD!	JETPACK YARISI HAT SICH GEÄNDERT!	LA COURSE DE JETPACK A CHANGÉ !	IL JETPACK YARışı È CAMBIATO!	O JETPACK YARISI MUDOU!	¡EL JETPACK YARIŞI HA CAMBIADO!	JETPACK ЯРЫШ ИЗМЕНИЛСЯ!	ジェットパックヤリのステージが変更されました！	제트팩 레이스가 변경되었습니다!
JetpackRaceWithStageChangedDescription	0	 Fails do not reset your progress now	Başarısızlıklar artık ilerlemenizi sıfırlamıyor.	De fouten resetten nu je voortgang niet.	Fehler setzen deinen Fortschritt jetzt nicht zurück.	Les échecs ne réinitialisent plus votre progression maintenant.	Le sconfitte non azzerano più i tuoi progressi adesso.	Falhas não reiniciam seu progresso agora	Ahora, los errores no restablecen tu progreso.	Неудачи теперь не сбрасывают ваш прогресс	失敗しても進行状況はリセットされません	실패해도 이제 진행 상황이 초기화되지 않습니다.
JetpackRaceWithStageInfoPopUp1	0	Beat levels on your first try before others\n to finish race !	Yarışta bitişe ulaşmak için seviyeleri ilk denemede üstesinden gel!	Haal niveaus in één poging voordat anderen dat doen om de race te beëindigen!	Schlage die Levels beim ersten Versuch, bevor andere das Rennen beenden!	Terminez les niveaux du premier coup avant les autres pour terminer la course !	Supera i livelli al primo tentativo prima degli altri per finire la gara!	Complete os níveis na sua primeira tentativa antes dos outros para terminar a corrida!	Supera los niveles en tu primer intento antes que los demás para terminar la carrera.	Пройдите уровни с первого раза раньше других, чтобы завершить гонку!	レースを終えるために、他のプレイヤーより先に最初の試行でレベルをクリアしましょう！	다른 사람들보다 먼저 레이스를 마치기 위해 첫 번째 시도에서 레벨을 클리어하세요!
JetpackRaceWithStageInfoPopUp2	0	Beat levels in a Row!	Art arda seviyeleri geç!	Speel niveaus achter elkaar uit!	Schließe mehrere Level in Folge ab!	Gagnez des niveaux d'affilée !	Supera i livelli di fila!	Vença níveis consecutivos!	¡Supera niveles consecutivos!	Побеждайте уровни подряд!	連続でレベルをクリアしよう！	연속으로 레벨을 완료하세요!
JetpackRaceWithStageInfoPopUp3	0	Finish race before others	Yarışı diğerlerinden önce bitir	Voltooi de race voor de anderen	Beende das Rennen vor den anderen.	Terminez la course avant les autres	Completa la gara prima degli altri	Conclua a corrida antes dos outros	Termina la carrera antes que los demás.	Заверши гонку раньше других	他のプレイヤーより先にレースを終えよう	다른 참가자들보다 먼저 경주를 완료하세요.
JetpackRaceWithStageInfoPopUp4	0	Win Amazing Rewards!	Harika Ödüller Kazanın!	Win Geweldige Beloningen!	Gewinne fantastische Belohnungen!	Gagnez des récompenses incroyables !	Vinci fantastici premi!	Ganhe Recompensas Incríveis!	¡Gana Recompensas Increíbles!	Выигрывайте потрясающие награды!	素晴らしい報酬を手に入れよう！	놀라운 보상을 획득하세요!
JetpackRaceWithStageInfoPopUp5	0	Advance to next stages\n for greater prizes !	Sonraki aşamalara ilerle  \ndaha büyük ödüller için!	Ga verder naar volgende levels voor grotere prijzen!	Vorrücken zu den nächsten Stufen \nfür größere Belohnungen!	Avancez aux étapes suivantes pour obtenir de plus grandes récompenses !	Avanza ai livelli successivi per premi più grandi!	Avance para as próximas fases para obter prêmios maiores!	Avanza a los siguientes niveles para obtener premios más grandes.	Продвигайтесь на следующие этапы, чтобы получить более ценные награды!	次のステージに進んで、もっと素晴らしい賞品を手に入れよう！	다음 스테이지로 이동하여 더 큰 보상을 받으세요!
JetpackRaceWithStageInfoPopUp6	0	Every fail resets all  your progress!	Her başarısızlık tüm ilerlemenizi sıfırlar!	Elke mislukking reset al je vooruitgang!	Jeder Fehlschlag setzt deinen gesamten Fortschritt zurück!	Chaque échec réinitialise toute votre progression !	Ogni fallimento azzera tutti i tuoi progressi!	Cada falha reinicia todo o seu progresso!	¡Cada error reinicia todo tu progreso!	Каждое поражение сбрасывает весь ваш прогресс!	すべての失敗はあなたの進行をリセットします！	실패할 때마다 모든 진행 상황이 초기화됩니다!
JetpackRaceWithStageKeepProgressOnLoseInfoPopUp2!	0	Beat Levels	Bölümleri Geç	Voltooi Levels	Level schaffen	Niveaux Réussis	Completa Livelli	Concluir Níveis	Supera Niveles	Пройти уровни	レベルをクリア하세요	레벨 클리어
JetpackRaceWithStageKeepProgressOnLosePopUpDescription	0	Beat <color=#FFB70B>{0} levels</color> \nbefore others to get finish the race!	<color=#FFB70B>{0} seviyeyi</color> diğerlerinden önce bitirerek yarışı tamamlayın!	Voltooi <color=#FFB70B>{0} levels</color> \nvoor anderen om de race te beëindigen!	Schließe <color=#FFB70B>{0} Levels</color> ab, bevor die anderen, um das Rennen zu beenden!	Terminez <color=#FFB70B>{0} niveaux</color> avant les autres pour terminer la course !	Completa <color=#FFB70B>{0} livelli</color> \nprima degli altri per terminare la gara!	Complete <color=#FFB70B>{0} níveis</color> antes dos outros para terminar a corrida!	Completa <color=#FFB70B>{0} niveles</color> antes que los demás para terminar la carrera.	Пройдите <color=#FFB70B>{0} уровней</color> быстрее других, чтобы завершить гонку!	他のプレイヤーよりも先に<color=#FFB70B>{0} レベル</color>をクリアして、レースを終わらせましょう！	<color=#FFB70B>{0} 레벨</color>을 다른 사람보다 먼저 완료하여 경주를 마치세요!
JetpackRaceWithStagePopUpDescription	0	Beat <color=#FFB70B>{0} levels</color> on your first try\nbefore others to get finish the race!\n	<color=#FFB70B>{0} seviyeyi</color> ilk denemede\ndiğerlerinden önce tamamlayarak yarışı bitir!	Voltooi <color=#FFB70B>{0} niveaus</color> in je eerste poging\nvoordat anderen dat doen om de race te beëindigen!	Schließe <color=#FFB70B>{0} Level</color> beim ersten Versuch ab, bevor die anderen es tun, um das Rennen zu beenden!	Battez <color=#FFB70B>{0} niveaux</color> lors de votre première tentative avant les autres pour terminer la course !	Completa <color=#FFB70B>{0} livelli</color> al primo tentativo prima degli altri per terminare la gara!	Complete <color=#FFB70B>{0} níveis</color> na primeira tentativa antes dos outros para terminar a corrida!	Supera <color=#FFB70B>{0} niveles</color> en tu primer intento antes que los demás para terminar la carrera.	Пройдите <color=#FFB70B>{0} уровней</color> с первой попытки, прежде чем другие, чтобы завершить гонку!	他のプレイヤーに先駆けて<color=#FFB70B>{0}レベル</color>を最初の挑戦でクリアして、レースを完走しよう！	다른 사람들보다 먼저 <color=#FFB70B>{0} 레벨</color>을 한 번에 클리어하여 경주를 끝내세요!
JetpackRaceWithStagePopupStartWithLimitless	0	Beat <color=#FFB70B>{0} Levels</color> before others to win and\nadvance to next stages for greater prizes!	Başka oyuncuların önüne geçmek ve daha büyük ödüller için bir sonraki aşamalara ilerlemek üzere <color=#FFB70B>{0} Seviye</color>yi tamamla!	Versla <color=#FFB70B>{0} niveaus</color> voordat anderen dat doen om te winnen en\ndoor te gaan naar de volgende fases voor grotere prijzen!	Schließe <color=#FFB70B>{0} Level</color> schneller als andere ab, um zu gewinnen und in die nächsten Etappen vorzurücken, um größere Preise zu erhalten!	Bats <color=#FFB70B>{0} Niveaux</color> avant les autres pour gagner et passez aux étapes suivantes pour des récompenses encore plus grandes !	Completa <color=#FFB70B>{0} livelli</color> prima degli altri per vincere e avanzare alle fasi successive per premi ancora più grandi!	Complete <color=#FFB70B>{0} Níveis</color> antes dos outros para vencer e avançar para as próximas fases para prêmios maiores!	Completa <color=#FFB70B>{0} Niveles</color> antes que los demás para ganar y avanzar a las siguientes etapas para obtener mayores premios.	Победите <color=#FFB70B>{0} уровней</color> раньше других, чтобы выиграть и перейти на следующие этапы за большими призами!	他のプレイヤーに先駆けて<color=#FFB70B>{0} レベル</color>をクリアし、次のステージに進んでより素晴らしい賞品を手に入れましょう！	<color=#FFB70B>{0} 레벨</color>을 다른 사람들보다 먼저 완료하여 승리하고 더 큰 보상을 위해 다음 단계로 나아가세요!
JetpackRaceWithStagePopupStartWithoutLimitless	0	Beat <color=#FFB70B>{0} Levels</color> before others to win and\nadvance to next stages for greater prizes!	Başka oyunculardan önce <color=#FFB70B>{0} Seviye</color>yi geçerek kazan ve daha büyük ödüller için sonraki aşamalara ilerle!	Versla <color=#FFB70B>{0} Levels</color> sneller dan anderen om te winnen en\ndoor te gaan naar de volgende etappes voor grotere prijzen!	Schlage <color=#FFB70B>{0} Levels</color> vor den anderen, um zu gewinnen, und\ngehe zu den nächsten Stufen voran, um größere Preise zu erhalten!	Terminez <color=#FFB70B>{0} niveaux</color> avant les autres pour gagner et passer aux étapes suivantes pour obtenir de plus grands prix !	Supera <color=#FFB70B>{0} livelli</color> prima degli altri per vincere e avanzare alle fasi successive per premi più grandi!	Complete <color=#FFB70B>{0} Níveis</color> antes dos outros para ganhar e avançar para próximas fases com prêmios melhores!	Supera <color=#FFB70B>{0} Niveles</color> antes que los demás para ganar y avanzar a las siguientes etapas para obtener premios mayores.	Победите <color=#FFB70B>{0} уровней</color> быстрее других, чтобы выиграть и перейти на следующие этапы для получения более ценных призов!	他のプレイヤーよりも先に<color=#FFB70B>{0}レベル</color>をクリアして勝ち抜き、次のステージに進んでより大きな賞品を手に入れよう！	다른 사람들보다 먼저 <color=#FFB70B>{0} 레벨</color>을 완료하여 승리하고 더 큰 보상을 위해 다음 단계로 나아가세요!
Join	0	Join	Katıl	Joinen	Beitreten	Rejoindre	Unisciti	Junte-se	Unirse	Присоединиться	参加	참여하기
Journey	0	Journey	Yolculuk	Reis	Reise	Voyage	Viaggio	Jornada	Viaje	Путешествие	冒険	여정
JourneyPoster1	0	Magic Trouble	Büyü Sorunu	Magische Problemen	Magischer Ärger	Problème Magique	Problema Magico	Problema Mágico	Problemas Mágicos	Магическая неприятность	魔法のトラブル	매직 트러블
JourneyPoster10	0	Grand Illusion	Büyük Yanılsama	Grote Illusie	Große Illusion	Grande Illusion	Grande Illusione	Grande Ilusão	Gran Ilusión	Великое Иллюзионное Приключение	グランドイリュージョン	그랜드 일루전
JourneyPoster10a	0	Grand Illusion	Büyük Yanılsama	Grote Illusie	Große Illusion	Grande Illusion	Grande Illusione	Grande Ilusão	Gran Ilusión	Великое Иллюзионное Приключение	グランドイリュージョン	그랜드 일루전
JourneyPoster11a	0	Bee Aware!	Arılara Dikkat!	Let op de bijen!	Bienen, Vorsicht!	Attention aux abeilles !	Attento alle api!	Cuidado com as abelhas!	¡Cuidado con las abejas!	Остерегайтесь пчёл!	ミツバチに注意！	벌을 조심하세요!
JourneyPoster12a	0	Bedtime Spells	Gece Büyüsü	Yer slaapspreuken	Schlafenszeit-Zauber	Sorts du coucher	Incantesimi della buonanotte	Feitiços da hora de dormir	Hechizos para dormir	Заклинания перед сном	おやすみの呪文	잠자리 마법
JourneyPoster13a	0	Birthday Cake	Doğum Günü Pastası	Verjaardagstaart	Geburtstagstorte	Gâteau d’anniversaire	Torta di compleanno	Bolo de aniversário	Pastel de cumpleaños	Торт ко дню рождения	バースデーケーキ	생일 케이크
JourneyPoster14a	0	Treasure Tinkers	Hazineyi Yarat	Schatzoekers	Schatzbastler	Bricoleurs de trésor	Costruttori di tesori	Construtores de tesouros	Artesanos del tesoro	Мастера сокровищ	トレジャーティンカー	보물 장인
JourneyPoster15a	0	Make a Wish	Dilek Dile	Doe een wens	Wünsch dir was	Fais un vœu	Esprimi un desiderio	Faça um desejo	Pide un deseo	Загадай желание	願い事をする	소원을 빌어봐
JourneyPoster16a	0	Toyroom Hideout	Saklambaç	Speelkamer schuilplaats	Spielzimmer-Versteck	Cabane de salle de jeux	Rifugio della sala giochi	Esconderijo da sala de brinquedos	Escondite del cuarto de juegos	Убежище игровой комнаты	おもちゃ部屋の隠れ家	장난감 방 은신처
JourneyPoster17a	0	Circus Chaos	Sirk Kaosu	Circuschaos	Zirkus-Chaos	Chaos du cirque	Caos da circo	Caos do circo	Caos del circo	Цирковой хаос	サーカスカオス	서커스 대혼란
JourneyPoster1a	0	Sky is the Limit	Gökyüzünde Sınır Yok	De lucht is de limiet	Der Himmel ist die Grenze	Le ciel est la limite	Il cielo è il limite	O céu é o limite	El cielo es el límite	Небо — это предел	空が限界だ	하늘이 한계다
JourneyPoster2	0	Broom Flight	Süpürge Uçuşu	Bezemvlucht	Besenflug	Vol en balai	Volo di Scopa	Voo de Vassoura	Vuelo en Escoba	Полёт на метле	ブルームフライト	빗자루 비행
JourneyPoster2a	0	School Jam	Okul Heyecanı	Schoolfeest	Schul-Party	Fête de l’école	Festa scolastica	Festa da escola	Fiesta escolar	Школьная вечеринка	スクールジャム	학교 축제
JourneyPoster3	0	Purr-tal Jump	Portal Atlayışı	Portal Sprong	Portal-Sprung	Saut de Portail	Salto nel Portale	Salto do Portal	Salto de Portal	Прыжок через портал	ポータルジャンプ	포탈 점프
JourneyPoster3a	0	Star Seekers	Yıldız Avcıları	Sterrenzoekers	Sternensucher	Chercheurs d’étoiles	Cercatori di stelle	Caçadores de estrelas	Buscadores de estrellas	Искатели звёзд	スターシーカー	별을 찾는 이들
JourneyPoster4	0	Sky is the Limit	Gökyüzü Sınırdır	De lucht is de limiet	Der Himmel ist das Limit	Le ciel est la limite	Il cielo è il limite	O Céu é o Limite	El cielo es el límite	Предел - это небо	空は限界ではない	하늘이 한계가 아니다
JourneyPoster4a	0	Creative Paws	Yaratıcı Patiler	Creatieve pootjes	Kreative Pfoten	Pattes créatives	Zampe creative	Patas criativas	Patas creativas	Творческие лапки	クリエイティブポーズ	창의적인 발자국
JourneyPoster5	0	Slimey	Slimey	Slijmerig	Schleimig	Slimey	Slimey	Slimey	Slimey	Слайми	スライミー	슬라임이
JourneyPoster5a	0	Potion Commotion	İksir Curcunası	Toverdrankdrukte	Trank-Wirrwarr	Agitation de potions	Confusione di pozioni	Confusão de poções	Conmoción de pociones	Суматоха зелий	ポーション大騒ぎ	물약 소동
JourneyPoster6	0	Paws to the Moon	Aya Doğru Patiler	Pootjes naar de Maan	Pfoten zum Mond	Pattes vers la Lune	Zampe sulla Luna	Patinhas na Lua	Hacia la Luna a Zarpazos	Лапы к Луне	月へのパウズ	달로 가는 발걸음
JourneyPoster6a	0	Melody Makers	Sihirli Orkestra	Melodiemakers	Melodiemacher	Faiseurs de mélodie	Creatori di melodie	Criadores de melodias	Creadoras de melodías	Создатели мелодий	メロディーメーカー	멜로디 메이커
JourneyPoster7	0	Prankster's Charm	Şakacının Cezbesi	De charme van de grapjas	Streichelein des Schelms	Le Charme du Farceur	Fascino del Burlone	Encanto do Trapaceiro	El Encanto del Bromista	Очарование шутника	いたずら者の魅力	장난꾸러기의 매력
JourneyPoster7a	0	Prankster’s Charm	Yaramazın Büyüsü	Grapjas’ charme	Streichemacher-Charme	Charme du farceur	Incanto del burlone	Encanto do brincalhão	Encanto del bromista	Очарование шутника	いたずら好きの魅力	장난꾸러기의 매력
JourneyPoster8	0	Rescue Express	Kurtarma Ekspresi	Reddingsuitdrukkingen	Rettungs-Express	Rescue Express	Rescue Express	Resgate Expresso	Rescate Exprés	Спасательный Экспресс	レスキューエクスプレス	구출 익스프레스
JourneyPoster8a	0	Night Express	Gece Ekspresi	Nachtexpres	Nacht-Express	Train de nuit	Expresso notturno	Expresso da noite	Expreso nocturno	Ночной экспресс	ナイトエクスプレス	나이트 익스프레스
JourneyPoster9	0	Dungeon of Traps	Tuzaklar Zindanı	Kerker der Vallen	Verlies der Fallen	Donjon des Pièges	Dungeon di Trappole	Masmorra de Armadilhas	Calabozo de Trampas	Темница Ловушек	トラップのダンジョン	덫의 던전
JourneyPoster9a	0	Dungeon of Traps	Tuzaklar Zindanı	Dungeon van vallen	Dungeon der Fallen	Dungeon des pièges	Dungeon delle trappole	Dungeon de armadilhas	Dungeon de trampas	Подземелье ловушек	罠のダンジョン	함정의 던전
JourneyPosterNotDownloaded	0	Episode couldn’t be loaded. Check your internet connection.	Bölüm yüklenemedi. İnternet bağlantını kontrol et.	Aflevering kon niet worden geladen. Controleer je internetverbinding.	Episode konnte nicht geladen werden. Überprüfe deine Internetverbindung.	L’épisode n’a pas pu être chargé. Vérifie ta connexion Internet.	L’episodio non può essere caricato. Controlla la tua connessione Internet.	O episódio não pôde ser carregado. Verifique sua conexão com a Internet.	El episodio no se pudo cargar. Revisa tu conexión a Internet.	Эпизод не удалось загрузить. Проверьте подключение к Интернету.	エピソードを読み込めませんでした。インターネット接続を確認してください。	에피소드를 불러올 수 없습니다. 인터넷 연결을 확인하세요.
JourneyRewards	0	Journey Rewards	Yolculuk Ödülleri	Reisbeloningen	Reisebelohnungen	Récompenses de Voyage	Ricompense del Viaggio	Recompensas de Jornada	Recompensas del Viaje	Награды за путешествие	冒険報酬	여정 보상
JourneySectionLimitInfo	0	Play to unlock more rewards	Daha fazla ödülün kilidini açmak için oyna	Speel om meer beloningen te ontgrendelen	Spiele, um weitere Belohnungen freizuschalten.	Jouez pour débloquer plus de récompenses	Gioca per sbloccare più ricompense	Jogue para desbloquear mais recompensas	Juega para desbloquear más recompensas	Играйте, чтобы разблокировать больше наград	プレイしてさらなる報酬をアンロックしよう	플레이하여 더 많은 보상을 잠금 해제하세요
JourneyTitle	0	Journey	Yolculuk	Reis	Reise	Voyage	Viaggio	Jornada	Viaje	Путешествие	冒険	여정
JourneyUnlockPopupTitle	0	Episode Unlocked!	Bölüm Açıldı!	Aflevering Ontgrendeld!	Episode freigeschaltet!	Épisode débloqué !	Episodio Sbloccato!	Episódio Desbloqueado!	¡Episodio Desbloqueado!	Эпизод разблокирован!	エピソードがアンロックされました！	에피소드 잠금 해제!
Leaderboard	0	Leaderboard	Liderlik Panosu	Ranglijst	Bestenliste	Classement	Classifica	Classificação	Clasificación	Таблица лидеров	リーダーボード	리더보드
LeaderboardSectionInfo	0	Unlocks at Level 40	40. Seviyede açılır	Wordt ontgrendeld op niveau 40	Wird auf Stufe 40 freigeschaltet	Débloqué au Niveau 40	Si sblocca al Livello 40	Desbloqueia no Nível 40	Se desbloquea en el Nivel 40	Открывается на уровне 40	レベル40で解除されます。	레벨 40에서 잠금 해제
LearnMore	0	Learn More	Daha Fazla Öğren	Meer Leren	Mehr Erfahren	En Savoir Plus	Scopri di Più	Saiba Mais	Aprende Más	Узнать Больше	詳しく見る	더 알아보기
Leave	0	Leave	Ayrıl	Verlaat	Verlassen	Quitter	Lascia	Sair	Salir	Выйти	終了	나가기
Level	0	Level	Seviye	Niveau	Stufe	Niveau	Livello	Nível	Nivel	Уровень	レベル	레벨
LevelMultipliers	0	Level Multipliers	Bölüm Çarpanları	Niveauvermenigvuldigingen	Level-Multiplikatoren	Multiplicateurs de Niveau	Moltiplicatori di Livello	Multiplicadores de Nível	Multiplicadores de Nivel	Множители Уровня	レベルマルチプライヤー	레벨 배수기
LevelWinPopupBubbleHard	0	{0} Only {1}% of players passed this level on first try.	{0} Oyuncuların sadece {1}%'i bu seviyeyi ilk denemede geçti.	{0} Slechts {1}% van de spelers heeft dit level in één poging gehaald.	{0} Nur {1}% der Spieler haben dieses Level beim ersten Versuch bestanden.	{0} Seuls {1}% des joueurs ont réussi ce niveau du premier coup.	{0} Solo il {1}% dei giocatori ha superato questo livello al primo tentativo.	{0} Apenas {1}% dos jogadores passaram este nível na primeira tentativa.	{0} Solo el {1}% de los jugadores superó este nivel en su primer intento.	{0} Только {1}% игроков прошли этот уровень с первого раза.	{0} 最初の挑戦でこのレベルをクリアしたプレイヤーは{1}%しかいません。	{0} 단 {1}%의 플레이어만이 처음 시도에서 이 레벨을 통과했습니다.
LevelWinPopupBubbleStreak	0	Beat {0} levels on your first try!	İlk denemede {0} seviyeyi geç!	Versla {0} levels in één poging!	Schließe {0} Level beim ersten Versuch ab!	Battez {0} niveaux du premier coup !	Supera {0} livelli al primo tentativo!	Conquiste {0} níveis na sua primeira tentativa!	¡Supera {0} niveles en tu primer intento!	Пройди {0} уровней с первой попытки!	最初の試行で{0}レベルをクリアしました！	처음 시도에서 {0} 레벨을 완료하세요!
LevelWinPopupBubbleSuperHard	0	{0} Only {1}% of players passed this level on first try.	{0} Bu seviyeyi ilk denemesinde geçen oyuncuların oranı sadece %{1}.	{0} Slechts {1}% van de spelers heeft dit level bij de eerste poging gehaald.	{0} Nur {1}% der Spieler haben dieses Level beim ersten Versuch geschafft.	{0} Seulement {1}% des joueurs ont réussi ce niveau du premier coup.	{0} Solo il {1}% dei giocatori ha superato questo livello al primo tentativo.	{0} Apenas {1}% dos jogadores passaram este nível na primeira tentativa.	{0} Solo el {1}% de los jugadores superó este nivel en el primer intento.	{0} Только {1}% игроков прошли этот уровень с первой попытки.	{0} 最初の挑戦でこのレベルをクリアできたプレイヤーはわずか{1}%です。	{0} 이 레벨을 첫 시도에서 통과한 플레이어는 단 {1}%입니다.
LevelWinPopupInfo	0	Rewards:	Ödüller:	Beloningen:	Belohnungen:	Récompenses :	Ricompense:	Recompensas:	Recompensas:	Награды:	報酬：	보상:
Levels	0	Levels	Seviyeler	Niveaus	Level	Niveaux	Livelli	Níveis	Niveles	Уровни	レベル	레벨
Life	0	Life	Can	Leven	Leben	Vie	Vita	Vida	Vida	Жизнь	生命	생명
LivesFull	0	Your lives are full.	Canların dolu.	Je levens zijn vol.	Deine Leben sind voll.	Tes vies sont pleines.	Le tue vite sono al completo.	Suas vidas estão cheias.	Tus vidas están llenas.	Твои жизни полны.	ライフが満タンです。	목숨이 가득 찼습니다.
Loading	0	Loading	Yükleniyor	Laden	Wird geladen	Chargement	Caricamento	Carregando	Cargando	Загрузка	読み込み中	로딩 중
MagicBottle	0	Magic Bottle	Sihirli Şişe	Magische Fles	Magische Flasche	Bouteille Magique	Bottiglia Magica	Garrafa Mágica	Botella Mágica	Волшебная бутылка	マジックボトル	매직 보틀
MagicBottleAYSWarning	0	You will lose your <color=#F88DF5>Magic Bottle!</color>	<color=#F88DF5>Sihirli Şişeni</color> kaybedeceksin!	Je zult je <color=#F88DF5>Magische Fles</color> verliezen!	Du wirst deine <color=#F88DF5>Zauberflasche</color> verlieren!	Vous allez perdre votre <color=#F88DF5>Bouteille Magique !</color>	Perderai la tua <color=#F88DF5>Bottiglia Magica!</color>	Você perderá sua <color=#F88DF5>Garrafa Mágica!</color>	¡Perderás tu <color=#F88DF5>Botella Mágica!</color>	Вы потеряете свою <color=#F88DF5>Волшебную бутылку!</color>	<color=#F88DF5>マジックボトル</color>を失います！	<color=#F88DF5>마법 병</color>을 잃게 됩니다!
MagicBottleCongratsPopupInfo	0	You activated Magic Bottle!	Sihirli Şişeyi etkinleştirdin!	Je hebt de Magische Fles geactiveerd!	Du hast die Zauberflasche aktiviert!	Vous avez activé la Bouteille Magique !	Hai attivato la Bottiglia Magica!	Você ativou a Garrafa Mágica!	¡Has activado la Botella Mágica!	Вы активировали Волшебную Бутылку!	マジックボトルを起動しました！	매직 보틀이 활성화되었습니다!
MagicBottleInfoPopupStep1	0	Beat <color=#FFC20F>{0} Levels</color>	<color=#FFC20F>{0} Seviyeyi</color> Geç	Behaal <color=#FFC20F>{0} niveaus</color>	Schlage <color=#FFC20F>{0} Level</color>	Terminez <color=#FFC20F>{0} niveaux</color>	Completa <color=#FFC20F>{0} livelli</color>	Complete <color=#FFC20F>{0} Níveis</color>	Completa <color=#FFC20F>{0} niveles</color>	Пройдите <color=#FFC20F>{0} уровня</color>	<color=#FFC20F>{0} レベル</color>をクリアしよう	<color=#FFC20F>{0} 레벨</color> 완료
MagicBottleInfoPopupStep2	0	<color=#FFC20F>Activate</color> your Magic Bottle	Sihirli Şişenizi <color=#FFC20F>Aktive Edin</color>	<color=#FFC20F>Activeer</color> je Magische Fles	<color=#FFC20F>Aktiviere</color> deine Zauberflasche	<color=#FFC20F>Activez</color> votre Bouteille Magique	<color=#FFC20F>Attiva</color> la tua Bottiglia Magica	<color=#FFC20F>Ative</color> sua Garrafa Mágica	<color=#FFC20F>Activa</color> tu Botella Mágica	<color=#FFC20F>Активируйте</color> вашу Волшебную Бутылку	<color=#FFC20F>魔法のボトルを有効化</color>してください	<color=#FFC20F>마법 병을 활성화</color>하세요
MagicBottleInfoPopupStep3	0	Earn <color=#FFC20F>extra bottle</color> for each level	Her seviye için <color=#FFC20F>ekstra şişe</color> kazanın.	Verdien <color=#FFC20F>extra fles</color> voor elk niveau	Erhalte <color=#FFC20F>zusätzliche Flaschen</color> für jedes Level.	Gagnez une <color=#FFC20F>bouteille supplémentaire</color> pour chaque niveau.	Ottieni <color=#FFC20F>una bottiglia extra</color> per ogni livello.	Ganhe uma <color=#FFC20F>garrafa extra</color> a cada nível.	Gana una <color=#FFC20F>botella extra</color> por cada nivel	Получите <color=#FFC20F>дополнительную бутылочку</color> за каждый уровень	各レベルで<color=#FFC20F>追加のボトル</color>を獲得	각 레벨마다 <color=#FFC20F>추가 병</color>을 획득하세요.
MagicBottleInfoPopupWarning	0	Magic Bottle will be active until you fail!	Sihirli Şişe başarısız olana kadar aktif kalacak!	Magische Fles blijft actief totdat je faalt!	Die magische Flasche bleibt aktiv, bis du scheiterst!	Bouteille magique sera active jusqu'à ce que vous échouiez !	La Bottiglia Magica resterà attiva fino a quando non fallisci!	A Garrafa Mágica ficará ativa até você falhar!	¡La Botella Mágica estará activa hasta que falles!	Магический пузырек будет активен, пока вы не проиграете!	マジックボトルは、失敗するまで有効です！	마법 병은 실패할 때까지 활성화됩니다!
MagicBottlePopupInfo	0	Beat {0} levels to activate the Magic Bottle!	{0} seviyeyi geçerek Sihirli Şişe'yi etkinleştir!	Voltooi {0} levels om de magische fles te activeren!	Schließe {0} Level ab, um die Zauberflasche zu aktivieren!	Terminez {0} niveaux pour activer la Bouteille Magique !	Supera {0} livelli per attivare la Bottiglia Magica!	Complete {0} níveis para ativar a Garrafa Mágica!	¡Supera {0} niveles para activar la Botella Mágica!	Пройдите {0} уровней, чтобы активировать Волшебную Бутылку!	{0}レベルをクリアして、マジックボトルを発動させよう！	{0}개의 레벨을 완료하여 매직 보틀을 활성화하세요!
MagicBottlePopupInfoWin	0	Congrats! You activated Magic Bottle!	Tebrikler! Sihirli Şişeyi aktifleştirdiniz!	Gefeliciteerd! Je hebt de Magische Fles geactiveerd!	Herzlichen Glückwunsch! Du hast die magische Flasche aktiviert!	Félicitations ! Vous avez activé la Bouteille Magique !	Complimenti! Hai attivato la Bottiglia Magica!	Parabéns! Você ativou a Garrafa Mágica!	¡Felicidades! ¡Has activado la Botella Mágica!	Поздравляем! Вы активировали Волшебную Бутылку!	おめでとうございます！マジックボトルが起動しました！	축하합니다! 마법 병이 활성화되었습니다!
MagicBottleTitle	0	Magic Bottle	Sihirli Şişe	Magische Fles	Magische Flasche	Bouteille Magique	Bottiglia Magica	Garrafa Mágica	Botella Mágica	Волшебная бутылка	マジックボトル	매직 보틀
MagicBottleTitle!	0	Magic Bottle!	Sihirli Şişe!	Magische Fles!	Magische Flasche!	Bouteille Magique !	Bottiglia Magica!	Garrafa Mágica!	¡Botella Mágica!	Магический Бутылек!	マジックボトル！	매직 보틀!
MagicLabBroomStreakStepReachTaskDescription	0	Rise step {0} in Broom Streak!	Süpürge Serisi'nde adım {0} yükselin!	Stijg naar stap {0} in de Bezem Reeks!	Steig Stufe {0} in der Besen Serie auf!	Montez d’un niveau {0} dans la Balai Série !	Salta al passo {0} nella Broom Serie!	Suba ao passo {0} na Vassoura Streak!	¡Sube al paso {0} en la Escombrar Racha!	Пройдите шаг {0} в серии "Супергеройская метла"!	Broom Streakでステップ{0}に到達しよう！	빗자루 시리즈에서 단계 {0}에 도달하세요!
MagicLabCompleteQuestsAlert	0	Complete all quests to mix your bottles in the magic cauldron!	Tüm görevleri tamamlayarak şişelerinizi sihirli kazanda karıştırın!	Voltooi alle missies om je flessen in de magische ketel te mengen!	Schließe alle Quests ab, um deine Flaschen im magischen Kessel zu mischen!	Terminez toutes les quêtes pour mélanger vos bouteilles dans le chaudron magique !	Completa tutte le missioni per mescolare le tue bottiglie nel calderone magico!	Complete todas as missões para misturar suas garrafas no caldeirão mágico!	¡Completa todas las misiones para mezclar tus botellas en el caldero mágico!	Завершите все задания, чтобы смешать ваши бутылки в волшебном котле!	すべてのクエストを完了して、魔法の大釜でボトルをミックスしましょう！	모든 퀘스트를 완료하여 마법 가마솥에서 병들을 섞어보세요!
MagicLabDuckFestivalWinTaskDescription	0	Collect {0} Ducks!	{0} Ördek topla!	Verzamel {0} eenden!	Sammle {0} Enten!	Collecte {0} Canards !	Raccogli {0} paperelle!	Colecione {0} Patos!	¡Recoge {0} Patos!	Собери {0} уток!	{0}匹のアヒルを集めよう！	{0} 마리의 오리를 모으세요!
MagicLabEarnCoinsTaskDescription	0	Earn {0} coins!	{0} para kazan!	Verdien {0} munten!	Verdiene {0} Münzen!	Gagnez {0} pièces !	Guadagna {0} monete!	Ganhe {0} moedas!	¡Gana {0} monedas!	Заработайте {0} монет!	{0}コインを獲得しよう！	{0}개의 코인을 모으세요!
MagicLabFirstTryWinTaskDescription	0	Win {0} level on First Try!	{0} seviyeyi İlk Denemede geç!	Win {0} level bij de eerste poging!	Gewinne {0} Level beim ersten Versuch!	Gagnez le niveau {0} du premier coup !	Vinci il livello {0} al primo tentativo!	Vença {0} nível na primeira tentativa!	¡Gana el nivel {0} en el Primer Intento!	Выиграйте уровень {0} с первой попытки!	{0}レベルを一発クリアせよ！	{0} 레벨을 첫 시도에 클리어하세요!
MagicLabFirstTryWinTaskDescriptionPlural	0	Win {0} levels on First Try!	{0} seviyeyi İlk Denemede geç!	Win {0} levels bij de eerste poging!	Gewinne {0} Level beim ersten Versuch!	Gagnez {0} niveaux du premier coup !	Vinci {0} livelli al primo tentativo!	Vença {0} níveis na Primeira Tentativa!	¡Gana {0} niveles al primer intento!	Выиграйте {0} уровней с первой попытки!	{0} レベルを一度でクリアしよう！	첫 시도에서 {0} 레벨을 완수하세요!
MagicLabGetUniqueCardsTaskDescription	0	Collect {0} cards!	{0} kart topla!	Verzamel {0} kaarten!	Sammle {0} Karten!	Collectez {0} cartes !	Raccogli {0} carte!	Colete {0} cartas!	¡Recoge {0} cartas!	Соберите {0} карты!	{0}枚のカードを集めよう！	카드 {0}장을 모으세요!
MagicLabInfoPopup1	0	<color=#FFC210>Complete</color> all quests in the stages!	<color=#FFC210>Tüm görevleri</color> aşamalarda tamamla!	<color=#FFC210>Voltooi</color> alle quests in de levels!	<color=#FFC210>Komplettiere</color> alle Quests in den Stufen!	<color=#FFC210>Complétez</color> toutes les quêtes dans les niveaux !	<color=#FFC210>Completa</color> tutte le missioni nei livelli!	<color=#FFC210>Complete</color> todas as missões nas fases!	<color=#FFC210>Completa</color> todas las misiones en los niveles.	<color=#FFC210>Завершите</color> все задания на этапах!	<color=#FFC210>すべてのステージのクエストを完了してください！</color>	<color=#FFC210>모든</color> 스테이지의 퀘스트를 완료하세요!
MagicLabInfoPopup2	0	<color=#FFC210>Collect</color> magic bottles!	<color=#FFC210>Sihirli şişeleri</color> topla!	<color=#FFC210>Verzamel</color> Magische Fles!	<color=#FFC210>Sammle</color> Magische Flasche!	<color=#FFC210>Collectez</color> des Bouteille Magique !	<color=#FFC210>Raccogli</color> le Bottiglia Magica!	<color=#FFC210>Colete</color> Garrafa Mágica!	<color=#FFC210>¡Colecciona</color> Botella Mágica!	<color=#FFC210>Собирайте</color> си́хирли шише!	<color=#FFC210>魔法のボトルを集めよう！</color>	<color=#FFC210>수집하세요</color> 마법의 병을!
MagicLabInfoPopup3	0	Mix your bottles in the <color=#FFC210>magic cauldron!</color>	Şişelerinizi <color=#FFC210>sihirli kazanda</color> karıştırın!	Meng je flessen in de <color=#FFC210>sprookjesketel!</color>	Mische deine Flaschen im <color=#FFC210>Zauberkessel!</color>	Mélangez vos bouteilles dans le <color=#FFC210>chaudron magique!</color>	Mescola le tue bottiglie nel <color=#FFC210>calderone magico!</color>	Misture suas garrafas no <color=#FFC210>caldeirão mágico!</color>	¡Mezcla tus botellas en el <color=#FFC210>caldero mágico!</color>	Смешайте ваши бутылки в <color=#FFC210>волшебном котле!</color>	ボトルを<color=#FFC210>魔法の大釜</color>で混ぜよう！	<color=#FFC210>마법 가마솥</color>에 병을 섞어보세요!
MagicLabInfoPopup4	0	Win amazing rewards!	Harika ödüller kazanın!	Win geweldige beloningen!	Gewinne tolle Belohnungen!	Gagnez des récompenses incroyables !	Vinci premi straordinari!	Ganhe recompensas incríveis!	¡Gana increíbles recompensas!	Выигрывайте невероятные награды!	素晴らしい報酬を獲得しよう！	놀라운 보상을 획득하세요!
MagicLabJetpackRaceWinTaskDescription	0	Win {0} Jetpack Race!	{0} Jetpack Yarışı kazanın!	Win {0} Jetpack Wedstrijd!	Gewinne {0} Jetpack-Rennen!	Gagnez {0} Course de Jetpack !	Vinci {0} Gara di Jetpack!	Vença {0} Corrida de Jetpack!	¡Gana {0} Carrera de Jetpack!	Победите в {0} Гонка на джетпаке!	{0}回のジェットパックレースに勝利しよう！	제트팩 레이스에서 {0}승을 거두세요!
MagicLabJetpackRaceWinTaskDescriptionPlural	0	Win {0} Jetpack Races!	{0} Jetpack Yarışı kazanın!	Win {0} Jetpack Races!	Gewinne {0} Jetpack Rennen!	Gagnez {0} Jetpack Courses !	Vinci {0} Jetpack Gare!	Ganhe {0} Jetpack Corridas!	¡Gana {0} Jetpack Carreras!	Выиграйте {0} Jetpack Yarışları!	{0}回、Jetpack Yarışıで勝利しよう！	{0}번의 Jetpack Yarışı에서 승리하세요!
MagicLabMagicStreakStepReachTaskDescription	0	Reach step {0} in Magic Streak!	Sihirli Seride adım {0}'e ulaş!	Bereik stap {0} in de Magische Reeks!	Erreiche Stufe {0} in der Magische Serie!	Atteignez l’étape {0} dans la Série Magique !	Raggiungi il passo {0} in Serie Magica!	Alcance o passo {0} na Série Mágica!	¡Alcanza el paso {0} en la Racha Mágica!	Достигните шага {0} в Сихирли Серии!	マジック・ストリークでステップ {0} に到達しよう！	매직 스트릭에서 단계 {0}에 도달하세요!
MagicLabMinigameCompleteStageTaskDescription	0	Complete {0} stage!	{0} aşama tamamla!	Voltooi {0} ronde!	Schließe {0} Stufe ab!	Terminez {0} niveau !	Completa {0} livello!	Complete {0} fase!	¡Completa {0} etapa!	Завершите {0} этап!	{0}ステージをクリアしよう！	{0}단계를 완료하세요!
MagicLabMinigameCompleteStageTaskDescriptionPlural	0	Complete {0} stages!	{0} aşama tamamla!	Voltooi fase {0}!	Schließe die Stufe {0} ab!	Termine le niveau {0} !	Completa il livello {0}!	Complete o estágio {0}!	¡Completa la etapa {0}!	Завершите этап {0}!	ステージ{0}をクリアしよう！	스테이지 {0}를 완성하세요!
MagicLabMinigameCompleteStageToolbarTaskDescription	0	Complete {0} stage in  Underwater Treasures!	Su Altı Hazineleri'nde {0} aşama tamamla!	Voltooi {0} level in Onderwater Schatten!	Schließe {0} Stufe in Unterwasser-Schätze ab!	Terminez {0} niveau dans Underwater Treasures !	Completa {0} livello in Underwater Treasures!	Complete {0} etapa em Tesouros Submarinos!	¡Completa {0} etapa en Tesoros Submarinos!	Завершите {0} этап в Подводных Сокровищах!	「Underwater Treasures」でステージを1つクリアしよう！	Underwater Treasures에서 1단계를 완료하세요!
MagicLabMinigameCompleteStageToolbarTaskDescriptionPlural	0	Complete {0} stages in Underwater Treasures!	Su Altı Hazineleri'nde {0} aşama tamamla!	Voltooi fase {0} in Onderwater Schatten!	Absolviere Stufe {0} in Unterwasser-Schätze!	Terminez l'étape {0} dans Trésors Sous-marins !	Completa il livello {0} in Tesori Sottomarini!	Complete a fase {0} em Tesouros Subaquáticos!	¡Completa la etapa {0} en Tesoros Submarinos!	Пройдите этап {0} в Подводных Сокровищах!	水中の財宝でステージ {0} をクリアしよう！	"Underwater Treasures"의 {0} 스테이지를 완료하세요!
MagicLabSuperHardLevelTaskDescription	0	Win 1 Superhard Level!	{0} Süper Zor Seviye kazanın!	Win {0} Superharde Level!	Gewinne {0} Superhartes Level!	Gagnez {0} niveau super difficile !	Vinci {0} Livello super difficile!	Vença {0} Nível Superdifícil!	¡Gana {0} Nivel Súper Difícil!	Выиграй {0} Суперсложный уровень!	{0}スーパー・ハード・レベルをクリアしよう！	{0} 슈퍼하드 레벨에서 승리하세요!
MagicLabSuperHardLevelTaskDescriptionPlural	0	Win {0} Superhard Levels!	{0} Süper Zor Seviye kazanın!	Win {0} Superharde Levels!	Gewinne {0} Super-Hard-Levels!	Gagnez {0} Superhard Levels !	Vinci {0} Superhard Levels!	Vença {0} Níveis Superdifíceis!	¡Gana {0} Niveles Súper Difíciles!	Выиграйте {0} сверхсложных уровней!	{0}個のスーパーハードレベルに勝利せよ！	{0}개의 슈퍼 하드 레벨을 승리하세요!
MagicLabTitle	0	Magic Lab	Sihir Laboratuvarı	Magisch Laboratorium	Magic-Laboratorium	Laboratoire magique	Laboratorio Magico	Laboratório Mágico	Laboratorio Mágico	Магическая лаборатория	マジックラボ	매직 랩
MagicLabWheelOfFortuneReachTaskDescription	0	Reach step {0} in Wheel Of Fortune!	Şans Çarkında {0}. adıma ulaş!	Bereik stap {0} in het Rad van Fortuin!	Erreiche Schritt {0} im Glücksrad!	Atteignez l'étape {0} dans la Roue de la Fortune !	Raggiungi il passo {0} nella Ruota della Fortuna!	Alcance o passo {0} na Roda da Fortuna!	¡Alcanza el paso {0} en la Rueda de la Fortuna!	Достигните шага {0} в колесе фортуны!	ホイール・オブ・フォーチュンでステップ {0} に到達しよう！	Wheel Of Fortune에서 {0}단계에 도달하세요!
MagicPass	0	Magic Pass	Sihirli Bilet	Magic Pass	Magischer Pass	Pass Magique	Pass Magico	Passe Mágico	Pase Mágico	Волшебный Пропуск	マジックパス	매직패스
MagicPassActivationInfo	0	Your <color=#FFC20F>Magic Pass</color> is active now!	<color=#FFC20F>Sihirli Bilet</color> şimdi aktif!	Je <color=#FFC20F>Magic Pass</color> is nu actief!	Ihr <color=#FFC20F>Magic Pass</color> ist jetzt aktiv!	Votre <color=#FFC20F>Magic Pass</color> est maintenant actif !	Il tuo <color=#FFC20F>Magic Pass</color> è ora attivo!	O seu <color=#FFC20F>Passe Mágico</color> está ativo agora!	¡Tu <color=#FFC20F>Pase Mágico</color> está activo ahora!	Ваш <color=#FFC20F>Magic Pass</color> теперь активен!	あなたの<color=#FFC20F>マジックパス</color>が今アクティブになりました！	<color=#FFC20F>매직 패스</color>가 활성화되었습니다!
MagicPassActivationLives	0	8 Lives!	8 Can!	8 Levens!	8 Leben!	8 Vies !	8 Vite!	8 Vidas!	¡8 Vidas!	8 жизней!	8 ライフ！	8 목숨!
MagicPassActivationName	0	Special name\n& frame!	Özel ad\n& çerçeve!	Bijzondere naam &\nlijst!	Spezialname\n& Rahmen!	Nom spécial\n& cadre !	Nome speciale\n& cornice!	Nome especial\n& moldura!	Nombre especial\n¡y marco!	Специальное имя &\nрамка!	特別な名前＆\nフレーム！	특별한 이름 & \n프레임!
MagicPassActivationTeamGifts	0	Team gifts!	Takım hediyeleri!	Teamgeschenken!	Team-Geschenke!	Cadeaux d'équipe !	Regali di squadra!	Presentes de equipe!	¡Regalos para el equipo!	Подарки для команды!	チームギフト！	팀 선물!
MagicPassBonusVault	0	Bonus Vault!	Bonus Kasası!	Bonus Kluis!	Bonus-Tresor!	Coffre-fort Bonus !	Cassaforte dei Bonus!	Cofre de Bônus!	¡Bóveda de Bonos!	Бонусный хранилище!	ボーナス金庫！	보너스 금고!
MagicPassBonusVaultInfoFull	0	The <color=#D94901>Bonus Vault</color> is full!\nYou can claim the bonus coins\nwhen the event ends!	<color=#D94901>Bonus Kasası</color> doldu!\nEtkinlik bittiğinde bonus paraları alabilirsin!	De <color=#D94901>Bonus Kluis</color> is vol!  \nJe kunt de bonusmunten opeisen wanneer het evenement eindigt!	Der <color=#D94901>Bonus-Tresor</color> ist voll! \nDu kannst die Bonusmünzen einfordern,\nwenn das Event endet!	Le <color=#D94901>Coffre à Bonus</color> est plein !\nVous pourrez récupérer les pièces bonus\nlorsque l'événement se termine !	Il <color=#D94901>Caveau Bonus</color> è pieno!  \nPuoi riscattare le monete bonus  \nquando l'evento termina!	O <color=#D94901>Bonus Vault</color> está cheio!\nVocê pode reivindicar as moedas bônus\nquando o evento terminar!	¡La <color=#D94901>Cámara de Bonificación</color> está llena!  \nPuedes reclamar las monedas de bonificación  \ncuando termine el evento.	<color=#D94901>Бонусный Сейф</color> полон!  \nВы сможете получить бонусные монеты,  \nкогда мероприятие закончится!	<color=#D94901>ボーナスボルト</color>はいっぱいです！\nイベント終了時にボーナスコインを\n受け取ることができます！	<color=#D94901>보너스 금고</color>가 가득 찼습니다!  \n이벤트가 끝날 때 보너스 코인을 받을 수 있습니다!
MagicPassBonusVaultInfoInProgress	0	Claim the <color=#D94901>Bonus Vault</color>\ncoins when the event ends!	Etkinlik sona erdiğinde\n<color=#D94901>Bonus Kasası</color> jetonlarını al!	Verkrijg de <color=#D94901>Bonuskluis</color>\nmunten wanneer het evenement eindigt!	Fordere die Münzen im <color=#D94901>Bonus-Tresor</color> \nein, wenn das Ereignis endet!	Réclamez les pièces du <color=#D94901>Coffre-fort Bonus</color> \nà la fin de l'événement !	Riscatta le monete del <color=#D94901>Forziere \nBonus</color> quando l'evento termina!	Resgate as moedas do <color=#D94901>Cofre de Bônus</color> \nquando o evento terminar!	¡Reclama las monedas del <color=#D94901>Bonus Vault</color>\ncuando termine el evento!	Получите монеты из <color=#D94901>Бонусного Хранилища</color>\nкогда событие завершится!	イベント終了時に<color=#D94901>ボーナス金庫</color>\nのコインを受け取りましょう！	이벤트가 종료되면 <color=#D94901>보너스 금고</color>\n코인을 받으세요!
MagicPassBonusVaultInfoLocked	0	Activate the Magic Pass to\nunlock the <color=#D94901>Bonus Vault</color> at the\nend of the stages!	Sihirli Bileti etkinleştirerek aşamaların\nsonunda<color=#D94901>Bonus Kasası</color>'nı aç!	Activeer de Magic Pass om de\n<color=#D94901>Bonuskluis</color> aan het einde van de \nevels te ontgrendelen!	Aktiviere den Magic Pass, um\nden <color=#D94901>Bonus-Tresor</color> am Ende der\nLevel freizuschalten!	Activez le Magic Pass pour\ndébloquer le <color=#D94901>Coffre Bonus</color> à la\nfin des niveaux !	Attiva il Magic Pass per\nsbloccare il <color=#D94901>Bonus Vault</color> alla\nfine dei livelli!	Ative o Passe Mágico para desbloquear\no <color=#D94901>Cofre de Bônus</color> ao final das fases!	Activa el Pase Mágico para\ndesbloquear la <color=#D94901>Bóveda de Bonificación</color> al\nfinal de las etapas.	Активируйте Magic Pass, \nчтобы разблокировать <color=#D94901>Бонусный Сейф</color>\nв конце уровней!	マジックパスを有効にして、\nステージの最後で<color=#D94901>ボーナス保管庫</color>\nをアンロックしましょう！	매직 패스를 활성화하여 스테이지가 끝날 때\n<color=#D94901>보너스 금고</color>를 잠금 해제하세요!
MagicPassBuyPopupInfo	0	Receive special upgrades\nduring the event!	Etkinlik sırasında özel\nyükseltmeler al!	Ontvang speciale upgrades\ntijdens het evenement!	Erhalte spezielle Upgrades\nwährend des Events!	Recevez des améliorations \nspéciales pendant l'événement !	Ricevi potenziamenti speciali\ndurante l'evento!	Receba melhorias especiais\ndurante o evento!	Recibe mejoras especiales\ndurante el evento.	Получите специальные улучшения\nво время события!	イベント期間中に特別なアップグレ\nードを受け取ろう！	이벤트 기간 동안 특별 업그레이드를 받으세요!
MagicPassBuyPopupInfoFrame	0	Special frame and name!	Özel çerçeve ve isim!	Bijzond​er frame en naam!	Besonderer Rahmen und Name!	Cadre et nom spéciaux !	Cornice e nome speciali!	Quadro e nome especial!	Marco y nombre especial.	Специальная рамка и имя!	特別なフレームと名前！	특별한 프레임과 이름!
MagicPassBuyPopupInfoGift	0	Gift for your teammates!	Takım arkadaşlarına hediye!	Cadeau voor je teamgenoten!	Geschenk für deine Teamkollegen!	Cadeau pour vos coéquipiers !	Regalo per i tuoi compagni di squadra!	Presente para seus companheiros de equipe!	¡Regalo para tus compañeros de equipo!	Подарок для ваших товарищей по команде!	チームメイトへのギフト！	팀원에게 줄 선물!
MagicPassBuyPopupInfoLives	0	8 lives instead of 5!	5 yerine 8 can!	8 levens in plaats van 5!	8 Leben statt 5!	8 vies au lieu de 5 !	8 vite invece di 5!	8 vidas em vez de 5!	¡8 vidas en lugar de 5!	8 жизней вместо 5!	ライフが5つではなく8つになります！	5 대신 8 생명!
MagicPassBuySuccessPopupInfo1	0	You got the Magic Pass!	Sihirli Bileti aldınız!	Je hebt de Magic Pass!	Du hast den Magic Pass erhalten!	Vous avez obtenu le Magic Pass !	Hai ottenuto il Magic Pass!	Você conseguiu o Passe Mágico!	¡Has obtenido el Magic Pass!	Вы получили Magic Pass!	マジックパスを手に入れました！	매직 패스를 얻었습니다!
MagicPassBuySuccessPopupInfo2	0	Enjoy your special rewards!	Özel ödüllerinizin tadını çıkarın!	Geniet van je speciale beloningen!	Genieße deine speziellen Belohnungen!	Profitez de vos récompenses spéciales !	Goditi i tuoi premi speciali!	Aproveite suas recompensas especiais!	¡Disfruta de tus recompensas especiales!	Наслаждайтесь своими специальными наградами!	特別な報酬をお楽しみください！	특별 보상을 즐기세요!
MagicPassFinishedPopupInfo1	0	<color=#FFC20F>Magic Pass</color> has ended!\nNew Pass will start  soon!	<color=#FFC20F>Sihirli Bilet</color> sona erdi!\nYeni Geçiş yakında başlayacak!	<color=#FFC20F>Magic Pass</color> is afgelopen!\nEen nieuwe pas begint binnenkort!	<color=#FFC20F>Magic Pass</color> ist beendet!\nEin neuer Pass beginnt bald!	<color=#FFC20F>Magic Pass</color> est terminé !  \nUn nouveau Pass commencera bientôt !	<color=#FFC20F>Magic Pass</color> è terminato!  \nIl nuovo pass inizierà presto!	<color=#FFC20F>Magic Pass</color> terminou!\nUm novo Pass começará em breve!	¡El <color=#FFC20F>Pase Mágico</color> ha terminado!  \n¡Un nuevo Pase comenzará pronto!	<color=#FFC20F>Magic Pass</color> завершился!  \nНовый пропуск начнется совсем скоро!	<color=#FFC20F>マジックパス</color>が終了しました！  \n新しいパスがまもなく開始されます！	<color=#FFC20F>매직 패스</color>가 종료되었습니다!\n곧 새로운 패스가 시작됩니다!
MagicPassFinishedPopupInfo2	0	<color=#FFC20F>Magic Pass</color> has ended!\nYour bonuses are not active anymore.\nNew Pass will start  soon!	<color=#FFC20F>Sihirli Bilet</color> sona erdi!\nBonuslarınız artık aktif değil.\nYeni Bilet yakında başlayacak!	<color=#FFC20F>Magic Pass</color> is afgelopen!  \nJe bonussen zijn niet meer actief.  \nEen nieuwe Pass begint binnenkort!	<color=#FFC20F>Magic Pass</color> ist beendet!  \nDeine Boni sind nicht mehr aktiv.  \nEin neuer Pass wird bald starten!	<color=#FFC20F>Magic Pass</color> est terminé !  \nVos bonus ne sont plus actifs.  \nUn nouveau Pass commencera bientôt !	<color=#FFC20F>Magic Pass</color> è terminato!\nI tuoi bonus non sono più attivi.\nUn nuovo Pass inizierà presto!	<color=#FFC20F>Magic Pass</color> chegou ao fim!\nSeus bônus não estão mais ativos.\nUm novo Pass começará em breve!	¡El <color=#FFC20F>Pase Mágico</color> ha terminado!\nTus bonificaciones ya no están activas.\n¡Un nuevo Pase comenzará pronto!	<color=#FFC20F>Magic Pass</color> завершился!  \nВаши бонусы больше не активны.  \nНовый Pass начнется скоро!	<color=#FFC20F>マジックパス</color>は終了しました！  \nボーナスはもうアクティブではありません。  \n新しいパスがすぐに始まります！	<color=#FFC20F>매직 패스</color>가 종료되었습니다!\n보너스가 더 이상 활성화되지 않습니다.\n새로운 패스가 곧 시작됩니다!
MagicPassInfoPopupDescription	0	<color=#FFC20F>Magic Pass</color> gives you access to\nspecial rewards and upgrades!	<color=#FFC20F>Sihirli Bilet</color> size özel ödüllere\nve yükseltmelere erişim sağlar!	<color=#FFC20F>Magic Pass</color> geeft je toegang\ntot speciale beloningen en upgrades!	<color=#FFC20F>Magic Pass</color> gibt dir Zugang\nzu speziellen Belohnungen und Upgrades!	Le <color=#FFC20F>Magic Pass</color> vous donne accès à\ndes récompenses spéciales et des améliorations !	Il <color=#FFC20F>Magic Pass</color> ti dà accesso a\nricompense speciali e miglioramenti!	<color=#FFC20F>Magic Pass</color> oferece acesso\na recompensas e melhorias especiais!	<color=#FFC20F>Magic Pass</color> te da acceso a\nrecompensas especiales y mejoras.	<color=#FFC20F>Magic Pass</color> предоставляет вам доступ к\nспециальным наградам и улучшениям!	<color=#FFC20F>マジックパス</color>を手に入れると、\n特別な報酬やアップグレードが利用可能になります！	<color=#FFC20F>매직 패스</color>는 특별한\n보상과 업그레이드에 접근할 수 있게 해줍니다!
MagicPassInfoPopupMultipliers1	0	Normal Levels	Normal Bölümler	Normale Levels	Normale Level	Niveaux Normaux	Livelli Normali	Níveis Normais	Niveles Normales	Обычные Уровни	通常レベル	일반 레벨
MagicPassInfoPopupMultipliers2	0	Hard Levels	Zor Bölümler	Moeilijke Levels	Schwierige Levels	Niveaux Difficiles	Livelli Difficili	Níveis Difíceis	Niveles Difíciles	Сложные уровни	難易度の高いレベル	어려운 레벨
MagicPassInfoPopupMultipliers3	0	Super Hard Levels	Çok Zor Bölümler	Super moeilijke levels	Super-Schwere Level	Niveaux Super Difficiles	Livelli Super Difficili	Níveis Super Difíceis	Niveles Súper Difíciles	Суперсложные уровни	スーパーハードレベル	슈퍼 하드 레벨
MagicPassInfoPopupMultipliersHeader	0	Key Multipliers	Anahtar Çarpanları	Sleutelvermenigvuldigers	Multiplikatoren der Schlüssel	Multiplicateurs Clés	Moltiplicatori Chiave	Multiplicadores Chave	Multiplicadores Clave	Ключевые Множители	キー乗数	주요 배수
MagicPassInfoPopupStep1	0	Beat Levels	Bölümleri Geç	Voltooi Levels	Schließe Level ab	Terminez les niveaux	Supera i livelli	Complete os Níveis	Supera Niveles	Пройди уровни	レベルをクリア	레벨 완료하기
MagicPassInfoPopupStep2	0	<color=#FFC20F>Collect</color> keys	<color=#FFC20F>Anahtarları topla</color>	<color=#FFC20F>Verzamel</color> sleutels	<color=#FFC20F>Sammle</color> Schlüssel	<color=#FFC20F>Collectez</color> des clés	<color=#FFC20F>Raccogli</color> chiavi	<color=#FFC20F>Colete</color> chaves	<color=#FFC20F>Recoge</color> llaves	<color=#FFC20F>Собирайте</color> ключи	<color=#FFC20F>キーを集めよう</color>	<color=#FFC20F>수집</color> 열쇠
MagicPassInfoPopupStep3	0	Win amazing rewards!	Harika ödüller kazanın!	Win fantastische beloningen!	Gewinne fantastische Belohnungen!	Gagnez des récompenses incroyables !	Vinci premi fantastici!	Ganhe recompensas incríveis!	¡Gana increíbles recompensas!	Выигрывайте потрясающие награды!	素晴らしい報酬を手に入れよう！	멋진 보상을 받아가세요!
MagicPassIsFinished	0	Magic Pass is finished!	Sihirli Bilet sona erdi!	Magic Pass is voltooid!	MagicPass ist beendet!	Le Magic Pass est terminé !	Il MagicPass è terminato!	Magic Pass terminou!	¡El Magic Pass ha terminado!	Magic Pass завершен!	マジックパスが終了しました！	매직 패스가 완료되었습니다!
MagicPassOfferPlayOn	0	<color=#FFC20F>+1 Play On</color>	<color=#FFC20F>+1 Oynamaya Devam Et</color>	<color=#FFC20F>+1 Verder Spelen</color>	<color=#FFC20F>+1 Weiter Spielen</color>	<color=#FFC20F>+1 Partie en cours</color>	<color=#FFC20F>+1 Gioca Ancora</color>	<color=#FFC20F>+1 Jogar Agora</color>	<color=#FFC20F>+1 Jugar en</color>	<color=#FFC20F>+1 Пройти Дальше</color>	<color=#FFC20F>+1 プレイオン</color>	<color=#FFC20F>+1 Play On</color>
MagicPassOfferPlayOn2	0	<color=#FFACD4>for this level!</color>	<color=#FFACD4>bu seviye için!</color>	<color=#FFACD4>voor dit niveau!</color>	<color=#FFACD4>für dieses Level!</color>	<color=#FFACD4>pour ce niveau !</color>	<color=#FFACD4>per questo livello!</color>	<color=#FFACD4>para este nível!</color>	<color=#FFACD4>¡para este nivel!</color>	<color=#FFACD4>для этого уровня!</color>	<color=#FFACD4>このレベルのため!</color>	<color=#FFACD4>이 레벨에서!</color>
MagicPassOfferRefill	0	<color=#FFACD4>Unlock Special Rewards!</color>	<color=#FFACD4>Özel Ödülleri Açın!</color>	<color=#FFACD4>Ontgrendel Speciale Beloningen!</color>	<color=#FFACD4>Schalte besondere Belohnungen frei!</color>	<color=#FFACD4>Débloquez des récompenses spéciales !</color>	<color=#FFACD4>Sblocca Ricompense Speciali!</color>	<color=#FFACD4>Desbloqueie Recompensas Especiais!</color>	<color=#FFACD4>¡Desbloquea recompensas especiales!</color>	<color=#FFACD4>Откройте специальные награды!</color>	<color=#FFACD4>特別な報酬をアンロックしよう！</color>	<color=#FFACD4>특별 보상을 잠금 해제하세요!</color>
MagicPassTeamGotMagicPass	0	got <color=#FFC20F>Magic Pass!</color>	<color=#FFC20F>Sihirli Bilet</color> aldı!	heeft <color=#FFC20F>Magic Pass!</color> gekregen!	hat den <color=#FFC20F>Magic Pass!</color> erhalten!	a obtenu le <color=#FFC20F>Magic Pass!</color>	ha ottenuto il <color=#FFC20F>Magic Pass!</color>	ganhou o <color=#FFC20F>Passe Mágico!</color>	¡has obtenido el <color=#FFC20F>Pase Mágico!</color>	получил <color=#FFC20F>Magic Pass!</color>	<color=#FFC20F>マジックパス</color>を手に入れました！	<color=#FFC20F>매직 패스</color>를 받았습니다!
MagicPassTeamGotTheMagicPass	0	got the <color=#FFC20F>Magic Pass!</color>	<color=#FFC20F>Sihirli Bilet</color> aldı!	heeft de <color=#FFC20F>Magic Pass!</color> gekregen!	hat den <color=#FFC20F>Magic Pass!</color> bekommen!	a obtenu le <color=#FFC20F>Magic Pass !</color>	ha ottenuto il <color=#FFC20F>Magic Pass!</color>	recebeu o <color=#FFC20F>Passe Mágico!</color>	¡obtuvo el <color=#FFC20F>Pase Mágico!</color>	получил <color=#FFC20F>Волшебный Пропуск!</color>	<color=#FFC20F>マジックパス</color>を手に入れました！	<color=#FFC20F>매직 패스</color>를 획득했습니다!
MagicPassTeamIncomeYourGift	0	<color=#FFACD4>Your Gift</color>	<color=#FFACD4>Hediyeniz</color>	<color=#FFACD4>Jouw Geschenk</color>	<color=#FFACD4>Dein Geschenk</color>	<color=#FFACD4>Votre Cadeau</color>	<color=#FFACD4>Il tuo regalo</color>	<color=#FFACD4>Seu Presente</color>	<color=#FFACD4>Tu Regalo</color>	<color=#FFACD4>Ваш Подарок</color>	<color=#FFACD4>あなたのギフト</color>	<color=#FFACD4>당신의 선물</color>
MagicPassTooltipActivate	0	Activate the Magic Pass\nto get this reward!	Sihirli Bileti etkinleştir\nve bu ödülü al!	Activeer de Magic Pass om deze\nbeloning te ontvangen!	Aktiviere den Magic Pass,\num diese Belohnung zu erhalten!	Activez le Magic Pass pour\nobtenir cette récompense !	Attiva il Magic Pass per\nottenere questa ricompensa!	Ative o Magic Pass para\nobter esta recompensa!	Activa el Pase Mágico  \n¡para obtener esta recompensa!	Активируйте Magic Pass,\nчтобы получить эту награду!	マジックパスをアクティブにして、\nこの報酬を手に入れよう！	매직 패스를 활성화하여 이 \n보상을 받으세요!
MagicPassTooltipActivateFrame	0	Activate the Magic Pass\nto get this frame!	Sihirli Bileti etkinleştir\nbu çerçeveyi almak için!	Activeer de Magic Pass\nom dit kader te krijgen!	Aktivieren Sie den Magic Pass, um\ndiesen Rahmen zu erhalten!	Activez le Magic Pass pour\nobtenir ce cadre !	Attiva il Magic Pass  \nper ottenere questa cornice!	Ative o Passe Mágico para\nobter esta moldura!	Activa el Magic Pass para\nobtener este marco.	Активируйте Magic Pass,\nчтобы получить эту рамку!	マジックパスをアクティブにして、このフレー\nムを手に入れよう！	매직 패스를 활성화하여 이 \n프레임을 얻으세요!
MagicPassTooltipActivateName	0	Activate the Magic Pass\nto get this name!	Sihirli Bileti etkinleştir\nve bu ismi al!	Activeer de Magic Pass\nom deze naam te krijgen!	Aktiviere den Magic Pass, um diesen\nNamen zu erhalten!	Activez le Magic Pass\npour obtenir ce nom !	Attiva il Magic Pass\nper ottenere questo nome!	Ative o Passe Mágico para\nobter este nome!	Activa el Magic Pass\n¡para obtener este nombre!	Активируйте Magic Pass,\nчтобы получить это имя!	名前を手に入れるために\nマジックパスをアクティベートしてください！	매직 패스를 활성화하여 이 \n이름을 얻으세요!
MagicPassTooltipAlreadyCollected	0	This reward has already\nbeen collected!	Bu ödül zaten\ntoplanmış!	Deze beloning is al  \nverzameld!	Diese Belohnung wurde\nbereits eingesammelt!	Cette récompense a déjà été\ncollectée !	Questa ricompensa è\ngià stata riscossa!	Essa recompensa\njá foi coletada!	Este premio ya ha sido  \nreclamado.	Эта награда уже\nбыла получена!	この報酬はすでに受け\n取られています！	이미 보상을 받았습니다!
MagicPassTooltipCollectMore	0	Collect more keys\nto unlock this stage!	Daha fazla anahtar topla\nve bu aşamayı aç!	Verzamel meer sleutels om\ndit level te ontgrendelen!	Sammle mehr Schlüssel,\num diese Stufe freizuschalten!	Collectez plus de clés pour\ndéverrouiller ce niveau !	Raccogli più chiavi per\nsbloccare questo livello!	Colete mais chaves para \ndesbloquear esta fase!	Recoge más llaves para \ndesbloquear este nivel.	Соберите больше ключей, чтобы\nразблокировать этот этап!	さらなる鍵を集めて、このステー\nジをアンロックしよう！	이 스테이지를 해제하려면 더 \n많은 열쇠를 모으세요!
MagicPassTooltipCollectMorePaid	0	Collect more keys & activate\nMagic Pass to get this reward!	Daha fazla anahtar topla ve bu ödülü\nalmak için Sihirli Bileti etkinleştir!	Verzamel meer sleutels en activeer de \nMagic Pass om deze beloning te krijgen!	Sammle mehr Schlüssel & aktiviere den \nMagic Pass, um diese Belohnung zu erhalten!	Collectez plus de clés et activez le \nPasse Magique pour obtenir cette récompense !	Raccogli più chiavi e attiva il Magic Pass\nper ottenere questa ricompensa!	Colete mais chaves e ative o Magic Pass\npara receber esta recompensa!	¡Recoge más llaves y activa el Pase Mágico\npara obtener esta recompensa!	Соберите больше ключей и активируйте \nMagic Pass, чтобы получить эту награду!	さらに鍵を集めて、  \nMagic Passを有効にしてこの報酬を手に入れましょう！	더 많은 열쇠를 모아 Magic Pass\n를 활성화하여 이 보상을 받으세요!
MagicStreak	0	Magic Streak	Sihirli Seri	Magische Reeks	Magische Serie	Série Magique	Serie Magica	Série Mágica	Racha Mágica	Магическая серия	マジックストリーク	매직 스트릭
MagicStreakGaeInfoPopUpHeader	0	Beat levels without fail to get more rewards!	Seviyeleri başarısızlık yaşamadan geçerek daha fazla ödül kazanın!	Haal levels zonder te falen om meer beloningen te krijgen!	Schließe Level ohne Fehlversuche ab, um mehr Belohnungen zu erhalten!	Finissez les niveaux sans échec pour obtenir plus de récompenses !	Supera i livelli senza fallire per ottenere più ricompense!	Complete os níveis sem falhar para ganhar mais recompensas!	¡Supera los niveles sin fallar para obtener más recompensas!	Проходите уровни без потерь, чтобы получать больше наград!	レベルを失敗せずにクリアして、さらに多くの報酬を手に入れよう！	레벨을 실패 없이 완료하여 더 많은 보상을 받으세요!
MagicStreakGaeInfoPopUpStep1	0	Beat Levels \nwithout losing	Canlılarını kaybetmeden  \nbölümleri geç	Versla levels zonder te verliezen	Schließe Level ab, ohne zu verlieren	Terminez les niveaux sans perdre	Supera i livelli senza perdere	Complete os níveis sem perder	Supera los niveles sin perder	Пройдите уровни, не проигрывая	レベルを敗北せずにクリア	레벨을 클리어하세요 \n패배 없이
MagicStreakGaeInfoPopUpStep2	0	Increase your score multiplier!	Skor çarpanınızı artırın!	Verhoog je score vermenigvuldiger!	Erhöhe deinen Punktmultiplikator!	Augmentez votre multiplicateur de score !	Aumenta il moltiplicatore del tuo punteggio!	Aumente o seu multiplicador de pontuação!	¡Aumenta tu multiplicador de puntuación!	Увеличьте ваш множитель очков!	スコアの倍率を上げましょう！	점수 배율을 올리세요!
MagicStreakGaeInfoPopUpStep3	0	Win amazing rewards!	Harika ödüller kazan!	Win geweldige beloningen!	Gewinne fantastische Belohnungen!	Gagnez des récompenses incroyables !	Vinci premi straordinari!	Ganhe recompensas incríveis!	¡Gana premios increíbles!	Выигрывайте невероятные награды!	素晴らしい報酬を獲得しよう！	멋진 보상을 획득하세요!
MagicStreakGaeInfoPopUpStep4	0	Every fail resets your multiplier!	Her başarısızlık çarpanınızı sıfırlar!	Elke mislukking reset je vermenigvuldiger!	Jeder Fehler setzt deinen Multiplikator zurück!	Chaque échec réinitialise votre multiplicateur !	Ogni errore azzera il tuo moltiplicatore!	Cada erro reinicia o seu multiplicador!	¡Cada fallo reinicia tu multiplicador!	Каждое поражение сбрасывает ваш множитель!	失敗するたびに、マルチプライヤーがリセットされます！	매번 실패할 때마다 승수 배수가 초기화됩니다!
MagicStreakInfoPopupStep1	0	Beat Levels without <material=Freight-SansBlack SDF-Orange><color=#F5BD0A>losing</color></material>	Seviyeleri <material=Freight-SansBlack SDF-Orange><color=#F5BD0A>kaybetmeden</color></material> geçin	Voltooi levels zonder <material=Freight-SansBlack SDF-Orange><color=#F5BD0A>te verliezen</color></material>	Schlage Level, ohne <material=Freight-SansBlack SDF-Orange><color=#F5BD0A>zu verlieren</color></material>	Termine les niveaux sans <material=Freight-SansBlack SDF-Orange><color=#F5BD0A>perdre</color></material>	Supera i livelli senza <material=Freight-SansBlack SDF-Orange><color=#F5BD0A>perdere</color></material>	Complete os níveis sem <material=Freight-SansBlack SDF-Orange><color=#F5BD0A>perder</color></material>	Supera los niveles sin <material=Freight-SansBlack SDF-Orange><color=#F5BD0A>perder</color></material>	Пройдите уровни, не <material=Freight-SansBlack SDF-Orange><color=#F5BD0A>проигрывая</color></material>	レベルをクリアする際に<material=Freight-SansBlack SDF-Orange><color=#F5BD0A>失敗しない</color></material>	레벨을 <material=Freight-SansBlack SDF-Orange><color=#F5BD0A>실패하지 않고</color></material>クリア하세요.
MagicStreakInfoPopupStep2	0	<material=Freight-SansBlack SDF-Orange><color=#F5BD0A>Increase</color></material> your score multiplier!	<material=Freight-SansBlack SDF-Orange><color=#F5BD0A>Çarpan</color></material> puanınızı artırın!	<material=Freight-SansBlack SDF-Orange><color=#F5BD0A>Verhoog</color></material> je scorevermenigvuldiger!	<material=Freight-SansBlack SDF-Orange><color=#F5BD0A>Erhöhe</color></material> deinen Punktemultiplikator!	<material=Freight-SansBlack SDF-Orange><color=#F5BD0A>Augmentez</color></material> votre multiplicateur de score !	<material=Freight-SansBlack SDF-Orange><color=#F5BD0A>Aumenta</color></material> il tuo moltiplicatore di punteggio!	<material=Freight-SansBlack SDF-Orange><color=#F5BD0A>Aumente</color></material> o seu multiplicador de pontuação!	<material=Freight-SansBlack SDF-Orange><color=#F5BD0A>¡Aumenta</color></material> tu multiplicador de puntuación!	<material=Freight-SansBlack SDF-Orange><color=#F5BD0A>Увеличьте</color></material> множитель вашего очка!	<material=Freight-SansBlack SDF-Orange><color=#F5BD0A>スコア倍率を上げよう！</color></material>	<material=Freight-SansBlack SDF-Orange><color=#F5BD0A>점수 배수</color></material>를 높이세요!
MagicStreakInfoPopupStep3	0	Earn more <material=Freight-SansBlack SDF-Orange><color=#F5BD0A>hats</color></material> than others!	Diğerlerinden daha fazla <material=Freight-SansBlack SDF-Orange><color=#F5BD0A>şapka</color></material> kazanın!	Verdien meer <material=Freight-SansBlack SDF-Orange><color=#F5BD0A>hoeden</color></material> dan anderen!	Verdiene mehr <material=Freight-SansBlack SDF-Orange><color=#F5BD0A>Hüte</color></material> als die anderen!	Gagnez plus de <material=Freight-SansBlack SDF-Orange><color=#F5BD0A>chapeaux</color></material> que les autres !	Ottieni più <material=Freight-SansBlack SDF-Orange><color=#F5BD0A>cappelli</color></material> degli altri!	Ganhe mais <material=Freight-SansBlack SDF-Orange><color=#F5BD0A>chapéus</color></material> do que os outros!	¡Gana más <material=Freight-SansBlack SDF-Orange><color=#F5BD0A>sombreros</color></material> que los demás!	Заработайте больше <material=Freight-SansBlack SDF-Orange><color=#F5BD0A>шляп</color></material>, чем другие!	他のプレイヤーより多くの<material=Freight-SansBlack SDF-Orange><color=#F5BD0A>帽子</color></material>を手に入れよう！	다른 사람들보다 더 많은 <material=Freight-SansBlack SDF-Orange><color=#F5BD0A>모자</color></material>를 얻으세요!
MagicStreakInfoPopupWarning	0	Every fail reset your multiplier!	Her başarısızlık çarpanınızı sıfırlar!	Elke mislukking reset je multiplier!	Jeder Fehler setzt deinen Multiplikator zurück!	Chaque échec réinitialise votre multiplicateur !	Ogni errore azzera il tuo moltiplicatore!	Cada falha redefine o seu multiplicador!	Cada fallo reinicia tu multiplicador.	Каждое поражение сбрасывает ваш множитель!	すべての失敗が倍率をリセットします！	실패할 때마다 배수가 초기화됩니다!
MagicStreakPopupInfo	0	Beat levels without fail to get more rewards!	Bölümleri kaybetmeden tamamlayarak daha fazla ödül kazanın!	Versla niveaus zonder te falen om meer beloningen te krijgen!	Schließe Level ohne Fehler ab, um mehr Belohnungen zu erhalten!	Terminez les niveaux sans échec pour obtenir plus de récompenses !	Supera i livelli senza fallire per ottenere più ricompense!	Complete os níveis sem falhar para ganhar mais recompensas!	¡Supera los niveles sin fallar para obtener más recompensas!	Проходите уровни без ошибок, чтобы получать больше наград!	失敗せずにレベルをクリアして、さらに報酬を獲得しよう！	레벨을 실패 없이 클리어하여 더 많은 보상을 받으세요!
MagicStreakPopupLastRewardTooltipTitle	0	Final Reward	Son Ödül	Laatste Beloning	Letzte Belohnung	Récompense finale	Ricompensa Finale	Recompensa Final	Recompensa Final	Последняя награда	最終報酬	최종 보상
MagicStreakRewardElementInfo	0	Final Reward!	Son Ödül!	Eindbeloning!	Endgültige Belohnung!	Récompense Finale !	Ricompensa Finale!	Recompensa Final!	¡Recompensa final!	Финальная награда!	最終報酬！	최종 보상!
MagicStreakRewards	0	Magic Streak Rewards	Sihirli Seri Ödülleri	Magische Reeksbeloningen	Magische Serie Belohnungen	Récompenses de Série Magique	Ricompense Serie Magica	Recompensas de Série Mágica	Recompensas por Racha Mágica	Награды за Магическая серия	マジックストリーク報酬	매직 스트릭 보상
MagicStreakTitle	0	Magic Streak	Sihirli Seri	Magische Reeks	Magische Serie	Série Magique	Serie Magica	Série Mágica	Racha Mágica	Магическая серия	マジックストリーク	매직 스트릭
Magnificent!	0	Magnificent!	Muazzam!	Magnifiek!	Großartig!	Magnifique !	Magnifico!	Magnífico!	¡Magnífico!	Великолепно!	素晴らしい！	굉장해요!
Max	0	Max	Maks	Max	Max	Max	Max	Max	Max	Макс	最大	최대
MaxColeaderError	0	Your team have already 3 Co-Leaders.	Takımında zaten 3 yardımcı lider var.	Jouw team heeft al 3 co-leiders.	Dein Team hat bereits 3 Co-Leader.	Ton équipe a déjà 3 co-leaders.	Il tuo team ha già 3 co-leader.	Seu time já tem 3 co-líderes.	Tu equipo ya tiene 3 co-líderes.	В твоей команде уже есть 3 со-лидера.	あなたのチームにはすでに3人のサブリーダーがいます。	당신의 팀에는 이미 공동 리더가 3명 있습니다.
MaxFreeLifeReached	0	You have more than 5 free lives!	5'ten fazla bedava canın var!	Je hebt meer dan 5 gratis levens!	Du hast mehr als 5 kostenlose Leben!	Tu as plus de 5 vies gratuites !	Hai più di 5 vite gratis!	Você tem mais de 5 vidas grátis!	¡Tienes más de 5 vidas gratis!	У		
MegaShuffleDescription	0	Shuffles the entire board!	Tüm tahtayı karıştırır!	Schudt het hele bord door elkaar!	Mischt das gesamte Spielfeld neu!	Mélange tout le plateau !	Rimescola l'intera plancia!	Embaralha todo o tabuleiro!	¡Revuelve todo el tablero!	Перемешивает всю доску!	全てのボードをシャッフルします！	전체 보드를 섞습니다!
MegaShuffleTitle	0	Mega Shuffle!	Mega Karıştırıcı!	Mega Shuffle!	Mega-Mischung!	Mega Mélange !	Mega Mischia!	Mega Embaralhamento!	¡Mega Barajar!	Мега Перетасовка!	メガシャッフル！	메가 셔플!
MinLevel	0	Min Level	Minimum Seviye	Minimum Niveau	Mindestlevel	Niveau Min	Livello Minimo	Nível Mínimo	Nivel Mínimo	Минимальный уровень	最小レベル	최소 레벨
MiniGameComplete	0	You completed all the stages!	Tüm aşamaları tamamladınız!	Je hebt alle niveaus voltooid!	Du hast alle Stufen abgeschlossen!	Vous avez terminé toutes les étapes !	Hai completato tutti i livelli!	Você completou todos os estágios!	¡Completaste todas las etapas!	Вы завершили все этапы!	すべてのステージをクリアしました！	모든 단계를 완료했습니다!
MiniGameGetTridents	0	Get tridents from levels!	Bölümlerden mızraklar al!	Verkrijg drietanden uit levels!	Erhalte Dreizacke aus den Levels!	Obtenez des tridents des niveaux !	Ottieni tridenti dai livelli!	Obtenha tridentes dos níveis!	¡Consigue tridentes de los niveles!	Получайте трезубцы с уровней!	レベルからトライデントを入手しよう！	레벨에서 삼지창을 획득하세요!
MiniGameTridentAreYouSure	0	You will lose your tridents if you quit!	Çıkarsanız mızraklarınızı kaybedeceksiniz!	Je zult je drietanden verliezen als je stopt!	Du verlierst deine Dreizacks, wenn du aufhörst!	Vous perdrez vos tridents si vous quittez !	Perderai i tuoi tridenti se abbandoni!	Você perderá seus tridentes se sair!	¡Perderás tus tridentes si te sales!	Вы потеряете свои трезубцы, если выйдете!	ゲームを終了するとトライデントを失いますよ！	게임을 종료하면 삼지창을 잃게 됩니다!
MiniGameTridentInfoStep1	0	Beat levels to collect\ntridents!	Bölümleri geçerek\nmızraklar topla!	Behaal levels om drietanden\nte verzamelen!	Schließe Level ab, um \nDreizacke zu sammeln!	Terminez les niveaux pour\ncollecter des tridents !	Supera i livelli per\nraccogliere i tridenti!	Complete níveis para coletar\ntridentes!	¡Supera niveles para\nrecoger tridentes!	Пройдите уровни, чтобы\nсобрать трезубцы!	レベルをクリアしてトライデント\nを集めよう！	레벨을 완료하고 삼지창을 모으세요!
MiniGameTridentInfoStep2	0	<color=#FFC20F>Find</color> underwater\ntreasures!	<color=#FFC20F>Su altı</color> hazinelerini\nbul!	<color=#FFC20F>Vind</color> \nonderwaterrijkdommen!	<color=#FFC20F>Finde</color>\nUnterwasserschätze!	<color=#FFC20F>Trouvez</color> des\ntrésors sous-marins !	<color=#FFC20F>Trova</color>\ntesori sottomarini!	<color=#FFC20F>Encontre</color> tesouros\nsubaquáticos!	<color=#FFC20F>¡Encuentra</color> tesoros \nsubmarinos!	<color=#FFC20F>Найдите</color> подводные\nсокровища!	<color=#FFC20F>水中の宝物を見つけよう！</color>	<color=#FFC20F>수중</color> 보물을 찾아보세요!
MiniGameTridentInfoStep3	0	<color=#FFC20F>Win</color> special rewards!	<color=#FFC20F>Özel</color> ödüller kazanın!	<color=#FFC20F>Win</color> speciale beloningen!	<color=#FFC20F>Gewinne</color> besondere Belohnungen!	<color=#FFC20F>Gagnez</color> des récompenses spéciales !	<color=#FFC20F>Vinci</color> ricompense speciali!	<color=#FFC20F>Ganhe</color> recompensas especiais!	<color=#FFC20F>¡Gana</color> recompensas especiales!	<color=#FFC20F>Выигрывайте</color> специальные награды!	<color=#FFC20F>勝利</color>して特別な報酬をゲットしよう！	<color=#FFC20F>특별 보상</color>을 획득하세요!
MiniGameTridentInfoStep4	0	First try win gives x{0} rewards!	İlk deneme kazanımı x{0} ödüller verir!	Eerste poging winnen geeft x{0} beloningen!	Erster Versuch gewonnen gibt x{0} Belohnungen!	Gagner dès le premier essai donne x{0} récompenses !	La prima vittoria ti dà x{0} ricompense!	Ganhar na primeira tentativa dá {0} recompensas!	¡Ganar en el primer intento otorga x{0} recompensas!	Первая попытка выиграть дает x{0} награды!	最初の挑戦で勝利すると、x{0} の報酬を獲得！	첫 번째 시도에서 승리하면 보상 x{0}개를 드립니다!
MiniGameTutorialInfo	0	Use tridents to break tiles and find the treasures!	Mızraklarınızı kullanarak karoları kırın ve hazineleri ortaya çıkarın!	Gebruik je drietanden om de tegel te breken en de schatten te onthullen!	Verwende deine Dreizacks, um die Fliese zu zerbrechen und die Schätze freizulegen!	Utilisez vos tridents pour briser la tuile et découvrir les trésors !	Usa i tuoi tridenti per rompere le piastrelle e scoprire i tesori!	Use seus tridentes para quebrar a peça e descobrir os tesouros!	¡Usa tus tridentes para romper la loseta y descubrir los tesoros!	Используйте свои трезубцы, чтобы разбить плитку и обнаружить сокровища!	トライデントを使ってタイルを壊し、宝物を見つけよう！	삼지창을 사용하여 타일을 부수고 보물을 발견하세요!
MoreInformation	0	More Information	Daha Fazla Bilgi	Meer Informatie	Weitere Informationen	Plus d'Informations	Maggiori Informazioni	Mais Informações	Más Información	Подробнее	詳細情報	자세한 정보
MoreLives	0	More Lives	Daha Fazla Can	Meer levens	Mehr Leben	Plus de vies	Altre vite	Mais vidas	Más vidas	Больше жизней	もっとライフ	더 많은 목숨
Music	0	Music	Müzik	Muziek	Musik	Musique	Musica	Música	Música	Музыка	音楽	음악
MyTeamTitle	0	My Team	Takımım	Mijn Team	Mein Team	Mon Équipe	La Mia Squadra	Minha Equipe	Mi Equipo	Моя команда	私のチーム	내 팀
Name	0	Name	Ad	Naam	Name	Nom	Nome	Nome	Nombre	Имя	名前	이름
New	0	New	Yeni	Nieuw	Neu	Nouveau	Nuovo	Novo	Nuevo	Новый	新しい	새로운
NewMessages	0	New Messages	Yeni Mesajlar	Nieuwe berichten	Neue Nachrichten	Nouveaux Messages	Nuovi Messaggi	Novas Mensagens	Nuevos Mensajes	Новые сообщения	新しいメッセージ	새로운 메시지
False	0	False	Hayır	Nee	Nein	Non	False	Não	False	Нет	いいえ	아니요
NoInternetConnection!	0	No Internet Connection!	İnternet Bağlantısı Yok!	Geen internetverbinding!	Keine Internetverbindung!	Pas de connexion Internet !	Nessuna connessione Internet!	Sem Conexão com a Internet!	¡Sin conexión a Internet!	Нет подключения к Интернету!	インターネット接続がありません！	인터넷 연결이 없습니다!
NoInternetConnectionCustomError1	0	No internet connection.	İnternet bağlantısı yok.	Geen internetverbinding.	Keine Internetverbindung.	Pas de connexion Internet.	Nessuna connessione a Internet.	Sem conexão com a internet.	Sin conexión a internet.	Нет соединения с интернетом.	インターネットに接続されていません。	인터넷에 연결되어 있지 않습니다.
NoInternetConnectionCustomError2	0	Please check your internet settings.	Lütfen internet ayarlarınızı kontrol edin.	Controleer uw internetinstellingen.	Bitte überprüfe deine Internetverbindungseinstellungen.	Veuillez vérifier vos paramètres internet.	Per favore, controlla le impostazioni della tua connessione internet.	Por favor, verifique suas configurações de internet.	Por favor, revisa tus configuraciones de internet.	Проверьте настройки вашего интернета.	インターネット設定を確認してください。	인터넷 설정을 확인해 주세요.
NoLifeAskYourFriend	0	There are no lives in your inbox.\nAsk your teammates!	Gelen kutunda hiç can yok.\nTakım arkadaşlarından iste!	Er zijn geen levens in je inbox.\nVraag het aan je teamgenoten!	In deinem Posteingang sind keine Leben.\nFrag deine Teamkameraden!	Il n’y a pas de vies dans ta boîte de réception.\nDemande à tes coéquipiers !	Non ci sono vite nella tua casella di posta.\nChiedile ai tuoi compagni!	Não há vidas na sua caixa de entrada.\nPeça aos seus companheiros de equipe!	No hay vidas en tu bandeja de entrada.\n¡Pídeselas a tus compañeros!	В твоем почтовом ящике нет жизней.\nПопроси у товарищей по команде!	受信箱にライフがありません。\nチームメイトに頼もう！	받은 편지함에 목숨이 없습니다.\n팀원들에게 요청하세요!
NoTeam	0	NO TEAM	TAKIM YOK	GEEN TEAM	KEIN TEAM	PAS D’ÉQUIPE	NESSUNA SQUADRA	SEM EQUIPE	SIN EQUIPO	НЕТ КОМАНДЫ	チームなし	팀 없음
NormalLevel	0	Normal	Normal	Normaal	Normal	Normal	Normale	Normal	Normal	Обычный	ノーマル	일반
Off(Inactive)	0	False	Kapalı	Uit	Aus	Désactivé	Disattivato	Desativado	Inactivo	Выключено	オフ	비활성화
Off(PriceDrop)	0	False	İNDİRİM	KORTING	RABATT	REMISE	SCONTO	DESCONTO	DESCUENTO	СКИДКА	割引	할인
On(Active)	0	True	Açık	Aan	Aktiviert	Activé	Attivo	Ativado	Activado	Вкл.	オン	켜짐
OnFire!	0	On Fire!	Alev Al!	In vuur en vlam!	In Flammen!	En flammes !	In fiamme!	Em Chamas!	¡En llamas!	В Огне!	燃えている！	불타오르네!
Open	0	Open	Açık	Geopend	Geöffnet	Ouvrir	Aperto	Aberto	Abierto	Открыто	開封済み	열림
PawTouchTitle	0	Paw Touch	Paw Touch	Poot Aanraken	Pfoten-Kontakt	Toucher de Patte	Zampa Touch	Toque de Pata	Toque de Pata	Пушистое касание	ポータッチ	포토치
PerfectUpper	0	PERFECT!	MÜKEMMEL!	PERFECT!	PERFEKT!	PARFAIT !	PERFETTO!	PERFEITO!	¡PERFECTO!	Идеально!	パーフェクト！	퍼펙트!
Play	0	Play	Oyna	Spelen	Spielen	Jouer	Gioca	Jogar	Jugar	Играть	プレイ	플레이
PlayOn	0	Play On	Oyna	BlijfSpelen	Spielen	Jouer	Gioca Ora	Jogar	Jugar	Играй Он	プレイオン	플레이 온
Players	0	Players	Oyuncular	Spelers	Spieler	Joueurs	Giocatori	Jogadores	Jugadores	Игроки	プレイヤー	플레이어
PriceDropOff	0	False	Kapalı	Uit	Aus	Désactivé	Spento	Desativado	Apagado	Выкл.	オフ	꺼짐
Privacy	0	Privacy	Gizlilik	Privacy	Datenschutz	Confidentialité	Privacy	Privacidade	Privacidad	Приватность	プライバシー	개인정보 보호
Profile	0	Profile	Profil	Profiel	Profil	Profil	Profilo	Perfil	Perfil	Профиль	プロフィール	프로필
Profile Change Name	0	Change Name	İsim Değiştir	Naam wijzigen	Namen ändern	Changer de nom	Cambia Nome	Alterar Nome	Cambiar Nombre	Изменить имя	名前を変更	이름 변경
Profile Enter Name	0	Enter Name	İsim Gir	Naam invoeren	Namen Eingeben	Saisir le nom	Inserisci Nome	Digite o Nome	Introduce el Nombre	Введите имя	名前を入力	이름 입력
Profile Enter your new name	0	Enter your new name:	Yeni adınızı girin:	Voer je nieuwe naam in:	Geben Sie Ihren neuen Namen ein:	Entrez votre nouveau nom :	Inserisci il tuo nuovo nome:	Insira seu novo nome:	Introduce tu nuevo nombre:	Введите ваше новое имя:	新しい名前を入力してください。	프로필 새 이름을 입력하세요:
Profile What is your name	0	What is your name?	Adınız nedir?	Wat is je naam?	Wie ist dein Name?	Quel est votre nom ?	Qual è il tuo nome?	Qual é o seu nome?	¿Cuál es tu nombre?	Как тебя зовут?	お名前は何ですか？	당신의 이름은 무엇인가요?
ProfileNameWarning	0	Name should be at least 3 valid characters!	İsim en az 3 geçerli karakter içermelidir!	Naam moet uit ten minste 3 geldige tekens bestaan!	Der Name muss aus mindestens 3 gültigen Zeichen bestehen!	Le nom doit contenir au moins 3 caractères valides !	Il nome deve contenere almeno 3 caratteri validi!	O nome deve ter pelo menos 3 caracteres válidos!	¡El nombre debe tener al menos 3 caracteres válidos!	Имя должно содержать не менее 3 допустимых символов!	名前は有効な文字を最低3文字以上にしてください！	이름은 최소 3개의 유효한 문자여야 합니다!
ProfilePictureWarning	0	Select a profile picture!	Bir profil resmi seçin!	Selecteer een profielfoto!	Wähle ein Profilbild aus!	Sélectionnez une photo de profil !	Seleziona un'immagine del profilo!	Selecione uma foto de perfil!	¡Selecciona una foto de perfil!	Выберите изображение профиля!	プロフィール写真を選んでください！	프로필 사진을 선택하세요!
ProfilePopupBroomStreak	0	Broom Max Streak	Süpürge Maksimum Serisi	Bezem Maximale Reeks	Maximale Besenserie	Série Max de Balais	Massima Serie di Scope	Sequência Máxima de Vassouras	Racha Máxima de Escobas	Максимальная серия побед с метлой	ほうきの最大連続使用回数	빗자루 최고 연속 기록
ProfilePopupCollectionFinished	0	Collection Finished	Koleksiyon Tamamlandı	Verzameling Voltooid	Sammlung abgeschlossen	Collection Terminée	Collezione Completata	Coleção Concluída	Colección Completada	Коллекция завершена	コレクション完了	컬렉션 완료
ProfilePopupCurrentLeague	0	Current League	Mevcut Lig	Huidige League	Aktuelle Liga	Ligue Actuelle	Lega Attuale	Liga Atual	Liga Actual	Текущая лига	現在のリーグ	현재 리그
ProfilePopupDuckFest	0	Duck Fest Wins	Ördek Fest Zaferleri	Eend Fest Winst	Entenfest-Gewinne	Victoires Duck Fest	Vittorie al Fest delle Paperelle	Vitórias no Duck Fest	Victorias del Duck Fest	Победы в утином фестивале	チャコフェスト優勝	덕 페스트 승리
ProfilePopupFirstTry	0	First Try Wins	İlk Denemede Kazanıldı	Eerste Poging Winsten	Erster Gewinn beim ersten Versuch	Première tentative gagnante	Vittorie al Primo Tentativo	Primeira Tentativa Vencedora	Primer intento ganador	Первая победа с первой попытки	初勝利	첫 시도에서 승리
ProfilePopupHeader	0	General Stats	Genel İstatistikler	Algemene Statistieken	Allgemeine Statistiken	Statistiques générales	Statistiche Generali	Estatísticas Gerais	Estadísticas Generales	Общая статистика	一般統計	일반 통계
ProfilePopupHelpsMade	0	Helps Made	Yardımlar Yapıldı	Helpen Gemaakt	Hilfen Geleistet	Aides Réalisées	Aiuti Forniti	Ajudas Feitas	Ayudas Realizadas	Помощи Сделаны	助けが作成されました	도움 제공 횟수
ProfilePopupJetpackRace	0	Jetpack Race Wins	Jetpack Yarışı Zaferleri	Jetpack Wedstrijd Overwinningen	Jetpack Rennen Gewinne	Victoires Course de Jetpack	Vittorie Gara di Jetpack	Vitórias na Corrida de Jetpack	Victorias de Carrera de Jetpack	Победы в Гонка на джетпаке	ジェットパックレース勝利	제트팩 경주 승리
ProfilePopupMagicStreak	0	Magic Streak Wins	Sihirli Seri Zaferleri	Magische Reeks Overwinningen	Magische Serie Gewinne	Victoires Série Magique	Vittorie Serie Magica	Vitórias na Série Mágica	Victorias de Racha Mágica	Победы в Магическая серия	マジックストリーク勝利	매직 스트릭 승리
ProfilePopupName	0	Name:	Ad:	Naam:	Name:	Nom :	Nome:	Nome:	Nombre:	Имя:	名前:	이름:
ProfilePopupSkyJump	0	Sky Jump Wins	Gökyüzü Atlayışı Zaferleri	Luchtsprong Overwinningen	Himmelsprung Gewinne	Victoires Saut Céleste	Vittorie Salto Celeste	Vitórias no Salto Celeste	Victorias de Salto Celeste	Победы в игре Небесный прыжок	スカイジャンプ勝利	스카이 점프 승리
ProfilePopupTop3Wins	0	Top 3 Wins	İlk 3 Zafer	Top 3 Overwinningen	Top 3 Siege	Les 3 Principales Victoires	Le migliori 3 vittorie	Top 3 Vitórias	Los 3 mejores premios	Топ 3 Победы	トップ3勝利	상위 3위 우승 횟수
ProfilePopupWeeklyCup	0	Weekly Cup Wins	Haftalık Kupa Zaferleri	Wekelijkse Beker Overwinningen	Wöchentliche Pokal Gewinne	Victoires Coupe Hebdomadaire	Vittorie Coppa Settimanale	Vitórias na Copa Semanal	Victorias de Copa Semanal	Победы в Еженедельном Кубке	ウィークリーカップ勝利数	주간 컵 우승
ProfilePopupMergeBakeryWins	0	Merge Bakery Wins	Birleştirme Fırını Zaferleri	Samenvoegbakkerij Overwinningen	Gewonnene Bäckerei-Merges	Victoires de la Pâtisserie Fusion	Vittorie della Pasticceria Merge	Vitórias na Padaria de Mescla	Victorias en la Panadería de Fusión	Объединённые Победы Пекарни	マージベーカリー勝利	합병 베이커리 우승
ProfilePopupBoatRushWins	0	Boat Rush Wins	Tekne Yarışı Zaferleri	Boat Rush Overwinningen	Bootsiegesserien	Gains de Boat Rush	Vittorie in Regata in Barca	Vitórias em Boat Rush	Victorias en Carrera de Barcos	Победы в Boat Rush	ボートラッシュ勝利数	보트 러쉬 승리
PurchaseResultPopupCancel	0	Purchase has been cancelled!	Satın alma iptal edildi!	Aankoop is geannuleerd!	Der Kauf wurde abgebrochen!	L'achat a été annulé !	L'acquisto è stato annullato!	A compra foi cancelada!	¡La compra ha sido cancelada!	Покупка была отменена!	購入がキャンセルされました！	구매가 취소되었습니다!
PurchaseResultPopupCancelTitle	0	Cancelled!	İptal Edildi!	Geannuleerd!	Storniert!	Annulé !	Annullato!	Cancelado!	¡Cancelado!	Отменено!	キャンセルされました!	취소되었습니다!
PurchaseResultPopupFail	0	Your account wasn't charged!	Hesabınızdan ücret alınmadı!	Uw account is niet belast!	Ihr Konto wurde nicht belastet!	Votre compte n'a pas été débité !	Il tuo account non è stato addebitato!	Sua conta não foi cobrada!	¡No se cargó nada a tu cuenta!	Ваш счет не был пополнен!	アカウントへの請求は行われませんでした！	귀하의 계정에서 결제가 이루어지지 않았습니다!
PurchaseResultPopupFailTitle	0	Failed!	Başarısız Oldu!	Mislukt!	Fehlgeschlagen!	Échec !	Fallito!	Falhou!	¡Fallido!	Неудача!	失敗しました！	실패!
PurchaseResultPopupSuccess	0	Purchase successfully completed!	Satın alma başarıyla tamamlandı!	Aankoop succesvol voltooid!	Kauf erfolgreich abgeschlossen!	Achat effectué avec succès !	Acquisto completato con successo!	Compra realizada com sucesso!	¡Compra completada con éxito!	Покупка успешно завершена!	購入が完了しました！	구매가 성공적으로 완료되었습니다!
PurchaseResultPopupSuccessTitle	0	Completed!	Tamamlandı!	Voltooid!	Abgeschlossen!	Terminé !	Completato!	Concluído!	¡Completado!	Готово!	完了しました！	완료되었습니다!
Quit	0	Quit	Çıkış Yap	Afsluiten	Beenden	Quitter	Esci	Sair	Salir	Выйти	終了	종료
Quit?	0	Quit?	Çıkış Yap?	Afsluiten?	Beenden?	Quitter?	Esci?	Sair?	Salir?	Выйти?	終了?	종료?
Rank	0	Rank	Rütbe	Rangorde	Rang	Rang	Classifica	Classificação	Rango	Ранг	ランク	순위
ReferralRewards	0	Friend Referral Rewards	Arkadaş Yönlendirme Ödülleri	Vrienden Verwijsbeloningen	Freundschaftswerbungsbelohnungen	Récompenses de Parrainage d'Amis	Ricompense per i Rinvii Amici	Recompensas por Indicação de Amigos	Recompensas por Referir a un Amigo	Награды за привлечение друзей	友達紹介報酬	친구 초대 보상
Refill	0	Refill	Doldur	Hervullen	Auffüllen	Recharge	Ricarica	Reabastecer	Recarga	Пополнить	リフィル	리필
RefillPopupTitle	0	More Lives	Daha Fazla Can	Meer Levens	Mehr Leben	Plus de vies	Più vite	Mais Vidas	Más vidas	Больше жизней	ライフを追加	더 많은 생명
RefillPopupWarning	0	Time to next life	Sonraki cana kalan süre	Tijd tot de volgende leven	Zeit bis zum nächsten Leben	Temps avant la prochaine vie	Tempo al prossimo tentativo	Tempo para a próxima vida	Tiempo para la próxima vida	Время до следующей жизни	次のライフまでの時間	다음 생명까지 남은 시간
RemainingDays	0	{0}d	{0}g	{0}d	{0}t	{0}j	{0}g	{0}d	{0}d	{0}д	{0}日	{0}일
RemainingHours	0	{0}h	{0}s	{0}u	{0}h	{0}h	{0}h	{0}h	{0}h	{0}ч	{0}時間	{0}시간
RemainingMinutes	0	{0}m	{0}d	{0}m	{0}m	{0}m	{0}m	{0}m	{0}m	{0}м	{0}分	{0}분
RemainingSeconds	0	{0}s	{0}sn	{0}s	{0}s	{0}s	{0}s	{0}s	{0}s	{0}с	{0}秒	{0}초
Request	0	Request	İste	Aanvragen	Anfordern	Demander	Richiedi	Solicitar	Solicitar	Запросить	リクエスト	요청
Requests	0	Requests	İstekler	Verzoeken	Anfragen	Demandes	Richieste	Solicitações	Solicitudes	Запросы	リクエスト	요청
RequiredLevel	0	Required\nLevel	Gerekli  \nSeviye	Vereist\nNiveau	Benötigte  \nStufe	Niveau Requis	Livello Richiesto	Nível\nNecessário	Nivel  \nRequerido	Требуется уровень	必要レベル	필요한 레벨
RequiredLevelSingleLine	0	Required Level	Gerekli Seviye	Vereist Niveau	Erforderliches Level	Niveau Requis	Livello richiesto	Nível Requerido	Nivel Requerido	Требуемый уровень	必要レベル	필요 레벨
Retry	0	Retry	Tekrar Dene	Opnieuw Proberen	Wiederholen	Réessayer	Riprova	Tentar Novamente	Reintentar	Попробовать снова	再試行	재시도
RevealAll	0	Reveal All	Hepsini Göster	Alles Tonen	Alle aufdecken	Tout Révéler	Rivela Tutto	Revelar Tudo	Revelar Todo	Открыть все	すべてを表示	모두 공개
RevealDescription	0	Reveal removes obstacles!	Açığa çıkarma engelleri kaldırır!	Onthullen verwijdert obstakels!	Enthüllen entfernt Hindernisse!	Révéler enlève les obstacles !	Svelare rimuove gli ostacoli!	Revelação remove obstáculos!	¡Revelar elimina obstáculos!	Разоблачение убирает препятствия!	リビールは障害を取り除く！	리빌은 장애물을 제거합니다!
RevealTitle	0	Reveal!	Açığa Çıkar!	Onthul!	Aufdecken!	Révéler !	Svela!	Revelar!	¡Revelar!	Показать!	表示する!	발견!
Reward	0	Reward	Ödül	Beloning	Belohnung	Récompense	Ricompensa	Recompensa	Recompensa	Награда	報酬	보상
RewardStages	0	Reward Stages	Ödül Aşamaları	Beloningsniveaus	Belohnungsstufen	Étapes de Récompense	Fasi di Ricompensa	Estágios de Recompensa	Fases de Recompensa	Этапы наград	報酬ステージ	보상 단계
Save	0	Save	Kaydet	Opslaan	Speichern	Sauvegarder	Salva	Salvar	Guardar	Сохранить	保存	저장
Score	0	Score	Puan	Score	Punktestand	Score	Punteggio	Pontuação	Puntuación	Очки	スコア	점수
Search	0	Search	Ara	Zoeken	Suchen	Recherche	Cerca	Procurar	Buscar	Поиск	検索	검색
Send	0	Send	Gönder	Verzenden	Senden	Envoyer	Invia	Enviar	Enviar	Отправить	送信	보내기
SentYouLife	0	Sent you a life	Sana bir can gönderdi	Sent je een leven	Dir wurde ein Leben gesendet	T’a envoyé une vie	Ti ha inviato una vita	Enviou uma vida para você	Te ha enviado una vida	Отправил(а) тебе жизнь	ライフを送りました	목숨을 보냈습니다
Settings	0	Settings	Ayarlar	Instellingen	Einstellungen	Paramètres	Impostazioni	Configurações	Ajustes	Настройки	設定	설정
SettingsPopupFacebookInfo	0	Save Your Progress	İlerlemenizi Kaydedin	Sla je voortgang op	Speichere deinen Fortschritt	Sauvegardez votre progression	Salva i tuoi progressi	Salvar seu progresso	Guardar tu progreso	Сохраните ваш прогресс	進行状況を保存	진행 상황 저장
SettingsPopupNotifications	0	Notifications:	Bildirimler:	Meldingen:	Benachrichtigungen:	Notifications :	Notifiche:	Notificações:	Notificaciones:	Уведомления:	通知:	알림:
ShareMessageTemplate	0	Lets play Magic Sort together!	Hadi birlikte Magic Sort oynayalım!	Laten we samen Magic Sort spelen!	Lass uns Magic Sort zusammen spielen!	Jouons ensemble à Magic Sort !	Giochiamo a Magic Sort insieme!	Vamos jogar Magic Sort juntos!	¡Juguemos juntos a Magic Sort!	Давайте сыграем вместе в Magic Sort!	一緒にMagic Sortをプレイしましょう！	매직 정렬을 함께 플레이해요!
Shop	0	Shop	Mağaza	Winkel	Shop	Boutique	Negozio	Loja	Tienda	Магазин	ショップ	상점
ShopBestOffer	0	Best Offer	En İyi Teklif	Beste Aanbieding	Bestes Angebot	Meilleure Offre	Migliore Offerta	Melhor Oferta	Mejor Oferta	Лучшее предложение	おすすめのオファー	최고 제안
ShopBundleApprentice	0	Apprentice Bundle	Çırak Paketi	Leerling Pakket	Lehrlings Paket	Pack du Apprenti	Pacchetto Apprendista	Pacote de Aprendiz	Paquete de Aprendizje	Пакет Ученик	見習いバンドル	견습생 번들
ShopBundleHeaderCoins	0	Coins	Jetonlar	Munten	Münzen	Pièces	Monete	Moedas	Monedas	Монеты	コイン	코인
ShopBundleHeaderMagic	0	Magic Bundles	Sihirli Paketler	Magische Bundels	Magie-Pakete	Packs Magiques	Pacchetti Magici	Pacotes Mágicos	Paquetes Mágicos	Магические наборы	マジックバンドル	매직 번들
ShopBundleHeaderSpecial	0	Special Offers	Özel Teklifler	Speciale Aanbiedingen	Sonderangebote	Offres spéciales	Offerte Speciali	Ofertas Especiais	Ofertas Especiales	Специальные предложения	特別オファー	특별 제공
ShopBundleMage	0	Mage Bundle	Büyü Ustası Paketi	Magiër Pakket	Magier Paket	Pack du Mage	Pacchetto dell’Arcanista	Pacote do Arcanista	Paquete del Arcanista	Набор мага	メイジパック	마도사 패키지
ShopBundleMagician	0	Magician Bundle	Sihirbaz Paketi	Goochelaar Pakket	Zauberer Paket	Pack du Magicien	Pacchetto del Prestigiatore	Pacote do Ilusionista	Paquete del Ilusionista	Набор иллюзиониста	マジシャンパック	마술사 패키지
ShopBundleSorcerer	0	Sorcerer Bundle	Büyücü Paketi	Tovenaar Pakket	Hexenmeister Paket	Pack du Sorcier	Pacchetto dello Stregone	Pacote do Feiticeiro	Paquete del Hechicero	Набор колдуна	ソーサラーパック	주술사 패키지
ShopBundleStarter	0	Starter Bundle	Başlangıç Paketi	Starter Pakket	Starter Paket	Pack du Démarrage	Pacchetto Iniziale	Pacote Inicial	Paquete de Inicio	Стартовый набор	スターターバンドル	스타터 번들
ShopBundleWizard	0	Wizard Bundle	Baş Büyücü Paketi	Magus Pakket	Zaubermeister Paket	Pack de l’Enchanteur	Pacchetto Mago	Pacote do Mago	Paquete del Mago	Набор волшебника	ウィザードパック	마법사 패키지
ShopMoreOffers	0	More Offers	Daha Fazla Teklif	Meer Aanbiedingen	Weitere Angebote	Plus d'offres	Altre Offerte	Mais Ofertas	Más ofertas	Больше предложений	さらにオファーを表示	더 많은 제안
ShopPopular	0	Popular	Popüler	Populair	Beliebt	Populaire	Popolare	Popular	Popular	Популярное	人気	인기 있음
Show	0	Show	Göster	Tonen	Anzeigen	Afficher	Mostra	Mostrar	Mostrar	Показать	表示	표시
SignIn	0	Sign In	Giriş Yap	Inloggen	Anmelden	Se connecter	Accedi	Entrar	Iniciar sesión	Войти	サインイン	로그인
SignOut	0	Sign Out	Çıkış Yap	Afmelden	Abmelden	Déconnexion	Disconnetti	Desconectar	Cerrar sesión	Выйти	サインアウト	로그아웃
SkyJump	0	Sky Jump	Gökyüzü Atlayışı	Luchtsprong	Himmelsprung	Saut Céleste	Salto Celeste	Salto Celeste	Salto Celeste	Небесный прыжок	スカイジャンプ	스카이 점프
SkyJumpAYSWarning	0	You will fail the Sky Jump!	Gökyüzü Atlayışı'nda başarısız olacaksınız!	Je zult falen met de Luchtsprong!	Du wirst den Himmelsprung nicht schaffen!	Vous échouerez au Saut Céleste!	Fallirai il Salto Celeste!	Você irá falhar no Salto Celeste!	¡Vas a fallar en el Salto Celeste!	Ты не справишься с Небесный прыжок!	スカイジャンプに失敗します！	스카이 점프에 실패하게 됩니다!
SkyJumpInfoPopupStep1	0	Start the challenge with 100 players!	100 oyuncuyla meydan okumayı başlat!	Begin de uitdaging met 100 spelers!	Starte die Herausforderung mit 100 Spielern!	Commencez le défi avec 100 joueurs !	Inizia la sfida con 100 giocatori!	Inicie o desafio com 100 jogadores!	¡Empieza el desafío con 100 jugadores!	Начните испытание со 100 игроками!	100人のプレイヤーでチャレンジを開始しましょう！	100명의 플레이어와 함께 도전에 참여하세요!
SkyJumpInfoPopupStep2	0	Pass 10 levels in a row without a fail!	Art arda 10 seviyeyi başarısızlık olmadan geç!	Voltooi 10 levels op rij zonder te falen!	Bestehe 10 Level hintereinander ohne einen Fehler!	Passez 10 niveaux d'affilée sans échouer !	Supera 10 livelli di fila senza sbagliare!	Passe 10 níveis consecutivos sem falhar!	¡Completa 10 niveles seguidos sin fallar!	Пройдите 10 уровней подряд без ошибок!	10レベルを連続で失敗せずにクリアしましょう！	한 번도 실패하지 않고 10 레벨을 연속으로 통과하세요!
SkyJumpInfoPopupStep3	0	Claim your share from 10 000 coin Grand Prize!	10.000 jetonluk Büyük Ödül’den payınızı alın!	Claim je deel van de 10.000 munten hoofdprijs!	Sichere dir deinen Anteil am Hauptpreis von 10.000 Münzen!	Réclamez votre part du grand prix de 10 000 pièces !	Richiedi la tua parte del Gran Premio di 10.000 monete!	Reivindique sua parte do Grande Prêmio de 10.000 moedas!	¡Reclama tu parte del Gran Premio de 10 000 monedas!	Получите свою долю из 10 000 монет в грандиозном призе!	10,000コインのグランドプライズからあなたの分を受け取りましょう！	10,000 코인 대상을 차지하세요!
SkyJumpInfoPopupWarning	0	If you fail a level,\nyou will fail the challenge!	Bir seviyeyi geçemezsen, meydan okumada başarısız olacaksın!	Als je een level niet haalt, zul je de uitdaging niet voltooien!	Wenn du ein Level nicht bestehst, wirst du die Herausforderung verlieren!	Si vous échouez un niveau, vous échouerez le défi !	Se fallisci un livello, fallirai la sfida!	Se você não passar de nível, falhará no desafio!	Si no superas un nivel, ¡fallarás el desafío!	Если вы не пройдёте уровень, вы провалите испытание!	レベルを失敗した場合、チャレンジも失敗になります！	레벨에 실패하면, 도전을 실패하게 됩니다!
SkyJumpJoinPopupInfoStart	0	Sky Jump has started! Pass 10 levels in a row on your first try to win!	Gökyüzü Atlayışı başladı! İlk denemende peş peşe 10 seviyeyi geçerek kazan!	Luchtsprong is begonnen! Behaal 10 levels op rij bij je eerste poging om te winnen!	Himmelsprung hat begonnen! Schaffe 10 Level hintereinander beim ersten Versuch, um zu gewinnen!	Le défi Saut Céleste a commencé ! Passez 10 niveaux d'affilée du premier coup pour gagner !	Salto Celeste è iniziato! Supera 10 livelli di fila al primo tentativo per vincere!	O Salto Celeste começou! Passe 10 níveis consecutivos na sua primeira tentativa para vencer!	¡Ha comenzado Salto Celeste! ¡Pasa 10 niveles seguidos en tu primer intento para ganar!	Игра Небесный прыжок началась! Пройдите 10 уровней подряд с первой попытки, чтобы победить!	スカイジャンプが始まりました！最初の挑戦で10レベルを連続クリアして勝利を目指しましょう！	스카이 점프가 시작되었습니다! 첫 시도에서 10단계를 연속으로 클리어해 승리하세요!
SkyJumpJoinPopupInfoWait	0	Challenge failed. The next Sky Jump begins in:	Başarısız oldu. Sonraki Gökyüzü Atlayışı'nın başlamasına:	Uitdaging mislukt. De volgende Luchtsprong begint over:	Herausforderung fehlgeschlagen. Der nächste Himmelsprung beginnt in:	Échec du défi. Le prochain Saut Céleste commence dans:	Sfida non riuscita. Il prossimo Salto Celeste inizia in:	Desafio falhou. O próximo Salto Celeste começa em:	Desafío fallido. El próximo Salto Celeste comienza en:	Вызов провален! Следующий Небесный прыжок начнётся через:	チャレンジ失敗。次のスカイジャンプ開始まで	도전 실패. 다음 스카이 점프 시작까지:
SkyJumpPopupInfo	0	Pass 10 levels without a fail to complete the challenge!	Meydan okumayı tamamlamak için 10 seviyeyi kayıpsız geç!	Voltooi de uitdaging door 10 levels achter elkaar zonder fouten te passeren!	Bestehe 10 Level ohne Fehler, um die Herausforderung abzuschließen!	Relevez le défi en réussissant 10 niveaux sans échec !	Supera 10 livelli senza errori per completare la sfida!	Complete 10 níveis sem falhar para concluir o desafio!	¡Supera 10 niveles sin fallar para completar el desafío!	Пройдите 10 уровней без ошибок, чтобы завершить испытание!	失敗せずに10レベルをクリアしてチャレンジを達成しよう！	실패 없이 10레벨을 통과하여 도전을 완료하세요!
SkyJumpPopupInfoFail	0	You lost the race! Try again to win amazing rewards!	Yarışı kaybettin! Harika ödüller kazanmak için tekrar dene!	Je hebt de race verloren! Probeer het opnieuw om geweldige beloningen te winnen!	Du hast das Rennen verloren! Versuche es erneut, um tolle Belohnungen zu gewinnen!	Vous avez perdu la course ! Essayez à nouveau pour gagner des récompenses incroyables !	Hai perso la gara! Riprova per vincere fantastiche ricompense!	Você perdeu a corrida! Tente novamente para ganhar recompensas incríveis!	¡Perdiste la carrera! ¡Inténtalo de nuevo para ganar increíbles recompensas!	Ты проиграл гонку! Попробуй еще раз, чтобы выиграть потрясающие награды!	レースに負けてしまいました！もう一度挑戦して素晴らしい報酬を手に入れましょう！	경주에서 졌습니다! 멋진 보상을 받기 위해 다시 도전해 보세요!
SkyJumpPopupInfoWin	0	Congratulations, you’ve finished the challenge!	Tebrikler, meydan okumayı tamamladınız!	Gefeliciteerd, je hebt de uitdaging voltooid!	Herzlichen Glückwunsch, du hast die Herausforderung gemeistert!	Félicitations, vous avez terminé le défi !	Congratulazioni, hai completato la sfida!	Parabéns, você completou o desafio!	¡Felicidades, has completado el desafío!	Поздравляем, вы завершили испытание!	おめでとうございます、チャレンジをクリアしました！	축하합니다, 도전을 완료하셨습니다!
SkyJumpPopupTooltip1	0	There are {0} players in the challenge	Mücadelede {0} oyuncu var.	Er zijn {0} spelers in de uitdaging.	In der Herausforderung sind {0} Spieler.	Il y a {0} joueurs dans le défi.	Ci sono {0} giocatori nella sfida	Há {0} jogadores no desafio	Hay {0} jugadores en el desafío	В этом испытании участвуют {0} игроков.	チャレンジには{0}人のプレイヤーがいます。	챌린지에는 {0}명의 플레이어가 있습니다.
SkyJumpPopupTooltip2	0	Pass levels on your first try to progress to the next steps!	İlk denemenizde seviyeleri geçin ve bir sonraki adımlara ilerleyin!	Behaal levels bij je eerste poging om naar de volgende stappen te gaan!	Schließe Level beim ersten Versuch ab, um zum nächsten Schritt fortzuschreiten!	Progressez vers les étapes suivantes en réussissant les niveaux du premier coup !	Supera i livelli al primo tentativo per avanzare ai passaggi successivi!	Passe de nível na sua primeira tentativa para avançar para as próximas etapas!	¡Pasa los niveles en tu primer intento para avanzar a los siguientes pasos!	Проходите уровни с первого раза, чтобы перейти на следующие этапы!	最初の挑戦でレベルをクリアして次のステップへ進もう！	첫 시도에 레벨을 통과하여 다음 단계로 나아가세요!
SkyJumpPopupTooltip3	0	Winners will share the grand prize equally!	Kazananlar büyük ödülü eşit olarak paylaşacak!	Winnaars zullen de hoofdprijs gelijkelijk delen!	Die Gewinner werden sich den Hauptgewinn gleichmäßig teilen!	Les gagnants partageront le grand prix équitablement !	I vincitori condivideranno il gran premio in parti uguali!	Os vencedores dividirão igualmente o grande prêmio!	¡Los ganadores compartirán el gran premio por igual!	Победители поровну разделят главный приз!	優勝者はグランド賞を平等に分け合います！	우승자들이 그랜드 프라이즈를 똑같이 나눠 갖습니다!
SkyJumpRewards	0	Sky Jump Rewards	Gökyüzü Atlayışı Ödülleri	Luchtsprong Beloningen	Himmelsprung-Belohnungen	Récompenses Saut Céleste	Salto Celeste Ricompense	Recompensas de Salto Celeste	Recompensas de Salto Celeste	Награды Небесный прыжок	スカイジャンプ報酬	스카이 점프 보상
SkyJumpSearchPopupInfo	0	Finding players on your level	Size uygun düzeyde oyuncular bulunuyor	Spelers op jouw niveau vinden	Spieler auf deinem Niveau finden	Trouver des joueurs à votre niveau	Trovare giocatori al tuo livello	Encontrando jogadores no seu nível	Buscando jugadores de tu nivel	Поиск игроков на вашем уровне	あなたのレベルのプレイヤーを見つけています	당신과 같은 수준의 플레이어 찾기
SkyJumpSearchPopupSignInfo	0	Grand Prize	Büyük Ödül	Hoofdprijs	Hauptpreis	Grand Prix	Gran Premio	Grande Prêmio	Gran Premio	Главный приз	グランドプライズ	대상
SkyJumpWinPopupInfo1	0	You win!	Kazandın!	Je hebt gewonnen!	Du hast gewonnen!	Vous avez gagné !	Hai vinto!	Você venceu!	¡Has ganado!	Ты выиграл!	あなたの勝ちです！	승리하셨습니다!
SkyJumpWinPopupInfo2	0	You are sharing the reward with {0} other winners!	Ödülü {0} diğer kazananla paylaşıyorsunuz!	Je deelt de beloning met {0} andere winnaars!	Du teilst die Belohnung mit {0} anderen Gewinnern!	Vous partagez la récompense avec {0} autres gagnants !	Stai condividendo la ricompensa con altri {0} vincitori!	Você está compartilhando a recompensa com {0} outros vencedores!	¡Estás compartiendo la recompensa con {0} otros ganadores!	Вы делитесь наградой с {0} другими победителями!	あなたは他の{0}人の勝者と報酬を共有しています！	당신은 {0}명의 다른 우승자들과 보상을 나누고 있습니다!
SkyJumpWithStageInfoPopupStep1	0	Start with 100 players!	100 oyuncu ile başla!	Begin met 100 spelers!	Beginne mit 100 Spielern!	Commencez avec 100 joueurs !	Inizia con 100 giocatori!	Comece com 100 jogadores!	¡Comienza con 100 jugadores!	Начните со 100 игроков!	100人のプレイヤーでスタート！	100명의 플레이어로 시작하세요!
SkyJumpWithStageInfoPopupStep2	0	Beat {0} levels !	{0} düzeyi geç!	Versla {0} levels!	Schlage {0} Level!	Bats {0} niveaux !	Supera {0} livelli!	Complete {0} níveis!	¡Supera {0} niveles!	Пройдите {0} уровней!	{0}レベルをクリアしよう！	{0} 레벨을 클리어하세요!
SkyJumpWithStageInfoPopupStep3	0	Win your share of\n{0} coins!	{0} madeni paranın payını kazan!	Win je deel van {0} munten!	Gewinne deinen Anteil an {0} Münzen!	Gagnez votre part de {0} pièces !	Vinci la tua parte di {0} monete!	Ganhe sua parte de\n{0} moedas!	¡Gana tu parte de {0} monedas!	Выиграйте свою долю из {0} монет!	あなたの分け前を勝ち取ろう\n{0}コイン！	{0}개의 코인을 나눠 가지세요!
SkyJumpWithStageInfoPopupStep4	0	Advance to next stages for greater prizes!	Daha büyük ödüller için sonraki aşamalara ilerleyin!	Ga naar de volgende etappes voor grotere prijzen!	Erreiche die nächsten Stufen, um größere Preise zu gewinnen!	Avancez aux étapes suivantes pour obtenir de plus grandes récompenses !	Avanza ai prossimi livelli per vincere premi più grandi!	Avance para os próximos estágios para ganhar prêmios maiores!	¡Avanza a las siguientes etapas para obtener premios mayores!	Продвигайтесь к следующим уровням, чтобы получить более ценные призы!	次のステージに進んで、さらに素晴らしい賞品を手に入れよう！	다음 단계로 진출하여 더 큰 보상을 받으세요!
SkyJumpWithStageJoinPopupInfo	0	Pass <color=#FFB70B>{0} Levels</color> in a row on your first try and\nadvance to next stages for greater prizes!	İlk denemenizde art arda <color=#FFB70B>{0} Seviye</color> geçin ve daha büyük ödüller için bir sonraki aşamalara ilerleyin!	Behaal <color=#FFB70B>{0} Levels</color> achter elkaar bij je eerste poging en ga door naar de volgende levels voor grotere prijzen!	Bestehe <color=#FFB70B>{0} Level</color> hintereinander beim ersten Versuch und\nsteige in die nächsten Stufen auf, um größere Preise zu gewinnen!	Terminez <color=#FFB70B>{0} niveaux</color> d'affilée du premier coup et passez aux étapes suivantes pour des récompenses encore plus grandes !	Supera <color=#FFB70B>{0} livelli</color> di fila al primo tentativo e avanza alle fasi successive per ottenere premi maggiori!	Passe <color=#FFB70B>{0} Níveis</color> seguidos na sua primeira tentativa e avance para os próximos estágios para prêmios maiores!	Pasa <color=#FFB70B>{0} Niveles</color> seguidos en tu primer intento y avanza a las siguientes etapas para obtener mejores premios.	Пройдите <color=#FFB70B>{0} уровней</color> подряд с первой попытки и переходите на следующие стадии за еще более ценными наградами!	最初の試行で<color=#FFB70B>{0} レベル</color>連続クリアして、より素晴らしい賞品を手に入れながら次のステージへ進みましょう！	처음 시도에서 연속으로 <color=#FFB70B>{0} 레벨</color>을 통과하고 더 큰 보상을 얻기 위해 다음 단계로 나아가세요!
SkyJumpWithStageJoinPopupStage	0	Stage {0}	Aşama {0}	Fase {0}	Stufe {0}	Niveau {0}	Fase {0}	Fase {0}	Etapa {0}	Этап {0}	ステージ {0}	스테이지 {0}
SkyJumpWithStageWinPopupInfo	0	You are sharing the reward with {0} other winners!	Ödülü {0} diğer kazananla paylaşıyorsunuz!	Je deelt de beloning met {0} andere winnaars!	Du teilst die Belohnung mit {0} anderen Gewinnern!	Vous partagez la récompense avec {0} autres gagnants !	Stai condividendo la ricompensa con {0} altri vincitori!	Você está compartilhando a recompensa com {0} outros vencedores!	¡Estás compartiendo la recompensa con {0} otros ganadores!	Вы делитесь наградой с {0} другими победителями!	あなたは{0}人の他の勝者と報酬を分け合っています！	당신은 다른 {0}명의 승자와 보상을 공유하고 있습니다!
SnitchAreYouSure	0	You will lose your <color=#FFC20F>Snitches</color> !	<color=#FFC20F>Snitchlerinizi</color> kaybedeceksiniz!	Je verliest je <color=#FFC20F>Snitches</color> !	Du wirst deine <color=#FFC20F>Snitches</color> verlieren!	Vous perdrez vos <color=#FFC20F>Snitches</color> !	Perderai i tuoi <color=#FFC20F>Snitch</color>!	Você vai perder seus <color=#FFC20F>Snitches</color> !	Perderás tus <color=#FFC20F>Snitches</color>.	Вы потеряете свои <color=#FFC20F>Snitches</color>!	あなたの<color=#FFC20F>スニッチ</color>を失います！	<color=#FFC20F>Snitch들</color>을 잃게 됩니다!
SnitchInfoStep1	0	Beat <color=#FFC20F>{0} Levels!</color>	<color=#FFC20F>{0} Seviyeyi Geç!</color>	Voltooi <color=#FFC20F>{0} Levels!</color>	Meistere <color=#FFC20F>{0} Level!</color>	Bats <color=#FFC20F>{0} niveaux !</color>	Completa <color=#FFC20F>{0} livelli!</color>	Complete <color=#FFC20F>{0} Níveis!</color>	¡Supera <color=#FFC20F>{0} niveles!</color>	Пройдите <color=#FFC20F>{0} уровней!</color>	<color=#FFC20F>{0} レベルをクリアしよう！</color>	<color=#FFC20F>{0} 레벨을</color> 완료하세요!
SnitchInfoStep2	0	<color=#FFC20F>Activate</color> your Snitches!	<color=#FFC20F>Snitchlerinizi Aktive Edin!</color>	<color=#FFC20F>Activeer</color> je Snitches!	<color=#FFC20F>Aktiviere</color> deine Snitches!	<color=#FFC20F>Activez</color> vos Snitchs !	<color=#FFC20F>Attiva</color> i tuoi Snitch!	<color=#FFC20F>Ative</color> seus Snitches!	<color=#FFC20F>¡Activa</color> tus Snitch!	<color=#FFC20F>Активируйте</color> ваших Snitch'ей!	<color=#FFC20F>スニッチをアクティベート</color>してください！	<color=#FFC20F>활성화</color> 당신의 Snitch들!
SnitchInfoStep3Power	0	<color=#FFC20F>Power</color> Snitch removes blocker! 	<color=#FFC20F>Power</color> Snitch engelleri kaldırır!	<color=#FFC20F>Power</color> Snitch verwijdert blokkades!	<color=#FFC20F>Kraft</color> Snitch entfernt Blocker!	<color=#FFC20F>Puissance</color> Snitch supprime un obstacle !	<color=#FFC20F>Power</color> Snitch rimuove il blocco!	<color=#FFC20F>Poder</color> Snitch remove bloqueador!	<color=#FFC20F>Poder</color> Snitch elimina el obstáculo!	<color=#FFC20F>Сила</color> Snitch удаляет препятствие!	<color=#FFC20F>パワー</color>スニッチがブロッカーを取り除く！	<color=#FFC20F>Power</color> Snitch가 방해물을 제거합니다!
SnitchInfoStep3Silver	0	<color=#BDA9E7>Silver</color> Snitch reveals "  <sprite=0>       "	<color=#BDA9E7>Silver</color> Snitch "  <sprite=0>       " açar.	<color=#BDA9E7>Zilveren</color> Snitch onthult "  <sprite=0>       "	<color=#BDA9E7>Silberner</color> Snitch zeigt „  <sprite=0>       “	<color=#BDA9E7>Argent</color> Snitch révèle "  <sprite=0>       "	<color=#BDA9E7>Argento</color> Snitch rivela "  <sprite=0>       "	<color=#BDA9E7>Silver</color> Snitch revela "  <sprite=0>       "	<color=#BDA9E7>Plateado</color> Snitch revela "  <sprite=0>       "	<color=#BDA9E7>Серебряный</color> Snitch показывает "  <sprite=0>       "	<color=#BDA9E7>シルバー</color>スニッチが"  <sprite=0>       "を明らかにします	<color=#BDA9E7>Silver</color> Snitch가 "  <sprite=0>       "을 드러냅니다.
SnitchInfoWarning	0	Snitches will be active until you fail!	Snitchler başarısız olana kadar aktif olacak!	Snitches zullen actief blijven totdat je faalt!	Heckerl sind aktiv, bis du scheiterst!	Les Snitchs seront actifs jusqu'à ce que vous échouiez !	Le Snitch rimarranno attivi finché non fallirai!	Os Snitches estarão ativos até você falhar!	¡Los Snitch estarán activos hasta que falles!	Снитчи будут активны, пока вы не проиграете!	スニッチは失敗するまでアクティブになります！	스니치들은 당신이 실패할 때까지 활동합니다!
SnitchJoinProgressCompletedText	0	Snitches are now <color=#05E800>Active!</color>	Snitchler artık <color=#05E800>Aktif!</color>	Snitches zijn nu <color=#05E800>Actief!</color>	Snitches sind jetzt <color=#05E800>Aktiv!</color>	Les Snitchs sont maintenant <color=#05E800>actifs !</color>	Gli Snitch sono ora <color=#05E800>Attivi!</color>	Os Snitchs estão agora <color=#05E800>Ativos!</color>	Los Snitches ahora están <color=#05E800>¡Activos!</color>	Снитчи теперь <color=#05E800>активны!</color>	スニッチは現在<color=#05E800>アクティブです！</color>	스니치가 이제 <color=#05E800>활성화되었습니다!</color>
SnitchJoinProgressText	0	Beat 10 levels to activate <color=#FFC20F>Snitches!</color>	10 seviyeyi geçerek <color=#FFC20F>Snitchleri</color> aktifleştir!	Voltooi 10 levels om <color=#FFC20F>Snitches!</color> te activeren.	Schließe 10 Level ab, um <color=#FFC20F>Snitches!</color> zu aktivieren.	Terminez 10 niveaux pour activer les <color=#FFC20F>Snitches !</color>	Supera 10 livelli per attivare <color=#FFC20F>Snitches!</color>	Complete 10 níveis para ativar <color=#FFC20F>Snitches!</color>	Supera 10 niveles para activar <color=#FFC20F>Snitches!</color>	Пройдите 10 уровней, чтобы активировать <color=#FFC20F>Snitches!</color>	10レベルをクリアして<color=#FFC20F>Snitches</color>を発動しよう！	10단계를 완료하여 <color=#FFC20F>Snitches!</color>를 활성화하세요!
SnitchJoinTitle	0	Snitch Hunt	Snitch Avı	Snitch Jacht	Snitch-Jagd	Chasse aux Snitch	Caccia allo Snitch	Caça ao Snitch	Caza de Snitch	Поиск Snitch	スニッチハント	스니치 사냥
Sound	0	Sound	Ses	Geluid	Ton	Son	Suono	Som	Sonido	Звук	サウンド	소리
SpeciaItemCarpetDescription	0	Sort bottles to roll the <color=#8A1DD1>CARPET</color>!	Şişeleri sıralayarak <color=#8A1DD1>HALI</color>'yı yuvarlayın!	Sorteer flessen om het <color=#8A1DD1>TAPIJT</color> uit te rollen!	Sortiere die Flaschen, um den <color=#8A1DD1>TEPPICH</color> auszurollen!	Triez les bouteilles pour dérouler le <color=#8A1DD1>TAPIS</color> !	Ordina le bottiglie per fare rotolare il <color=#8A1DD1>TAPPETO</color>!	Organize as garrafas para desenrolar o <color=#8A1DD1>TAPETE</color>!	Ordena las botellas para desenrollar la alfombra <color=#8A1DD1>CARPET</color>!	Сортируйте бутылки, чтобы развернуть <color=#8A1DD1>КОВЁР</color>!	ボトルを並べて<color=#8A1DD1>カーペット</color>を転がそう！	병을 정렬하여 <color=#8A1DD1>양탄자<color>를 굴리세요!
SpeciaItemCarpetTitle	0	Carpet!	Halı!	Tapijt!	Teppich!	Tapis !	Tappeto!	Tapete!	¡Alfombra!	Ковёр!	カーペット！	카펫!
SpeciaItemClayDescription	0	<color=#8A1DD1>CLAY</color> blocks bottle movement. Sort the bottle to break it.	<color=#8A1DD1>KİL</color> şişenin hareketini engeller. Şişeyi kırmak için sıralayın.	<color=#8A1DD1>KLEI</color> blokkeert de beweging van de fles. Sorteer de fles om het te breken.	<color=#8A1DD1>TÖPFERCLAY</color> blockiert die Bewegung der Flasche. Sortiere die Flasche, um sie zu zerbrechen.	<color=#8A1DD1>ARGILE</color> bloque le mouvement de la bouteille. Triez la bouteille pour la casser.	<color=#8A1DD1>ARGILLA</color> blocca il movimento della bottiglia. Ordina la bottiglia per romperla.	<color=#8A1DD1>ARGILA</color> bloqueia o movimento da garrafa. Organize a garrafa para quebrá-la.	Las <color=#8A1DD1>arcillas</color> bloquean el movimiento de la Botella Mágica. Ordena la botella para romperla.	<color=#8A1DD1>ГЛИНА</color> блокирует движение бутылки. Отсортируйте бутылку, чтобы разбить её.	<color=#8A1DD1>粘土</color>がボトルの動きを妨げます。ボトルを整理して壊しましょう。	<color=#8A1DD1>점토</color> 블록이 병의 움직임을 막습니다. 병을 정렬하여 깨뜨리세요.
SpeciaItemClayTitle	0	Clay!	Kil!	Klei!	Lehm!	Argile !	Argilla!	Argila!	¡Arcilla!	Глина!	粘土！	점토!
SpeciaItemCurtainDescription	0	Sort the color required on <color=#8A1DD1>CURTAIN</color> to remove it!	<color=#8A1DD1>PERDE</color> üzerinde gereken rengi sıraya koyun ve onu ortadan kaldırın!	Sorteer de vereiste kleur op het <color=#8A1DD1>GORDIJN</color> om het te verwijderen!	Ordne die benötigte Farbe auf dem <color=#8A1DD1>VORHANG</color>, um sie zu entfernen!	Triez la couleur requise sur <color=#8A1DD1>RIDEAU</color> pour l'enlever !	Ordina il colore richiesto sulla <color=#8A1DD1>TENDA</color> per rimuoverla!	Organize a cor necessária na <color=#8A1DD1>CORTINA</color> para removê-la!	Ordena el color requerido en la <color=#8A1DD1>CORTINA</color> para eliminarlo.	Отсортируйте нужный цвет на <color=#8A1DD1>ЗАНАВЕСЕ</color>, чтобы убрать его!	色を仕分けして、<color=#8A1DD1>カーテン</color>を取り除こう！	<color=#8A1DD1>커튼</color>에 필요한 색상을 정렬하여 제거하세요!
SpeciaItemCurtainTitle	0	Curtain!	Perde!	Gordijn!	Vorhang!	Rideau !	Tenda!	Cortina!	¡Cortina!	Занавес!	カーテン！	커튼!
SpeciaItemDuckHouseDescription	0	Collect all crystals to break the <color=#8A1DD1>CRYSTAL GATE</color>!	Tüm kristalleri toplayarak <color=#8A1DD1>KRİSTAL KAPIYI</color> kırın!	Verzamel alle kristallen om de <color=#8A1DD1>KRISTALPOORT</color> te doorbreken!	Sammle alle Kristalle, um das <color=#8A1DD1>KRISTALLTOR</color> zu durchbrechen!	Collectez tous les cristaux pour briser la <color=#8A1DD1>PORTE DE CRISTAL</color> !	Raccogli tutti i cristalli per rompere il <color=#8A1DD1>PORTALE DI CRISTALLO</color>!	Colete todos os cristais para quebrar o <color=#8A1DD1>PORTAL DE CRISTAL</color>!	¡Recoge todos los cristales para romper la <color=#8A1DD1>PUERTA DE CRISTAL</color>!	Соберите все кристаллы, чтобы разрушить <color=#8A1DD1>КРИСТАЛЛИЧЕСКИЕ ВОРОТА</color>!	すべてのクリスタルを集めて<color=#8A1DD1>クリスタルゲート</color>を突破しよう！	모든 크리스탈을 모아 <color=#8A1DD1>크리스탈 게이트</color>를 부수세요!
SpeciaItemDuckHouseTitle	0	Crystal Gate!	Kristal Kapı!	Kristallenpoort!	Kristalltor!	Porte de Cristal !	Portale di Cristallo!	Portal de Cristal!	¡Puerta de Cristal!	Кристальные Врата!	クリスタルゲート！	크리스탈 게이트!
SpeciaItemGeneratorDescription	0	Empty the tiny bottle to let <color=#8A1DD1>DISPENSER</color> refill it again!	Küçük şişeyi boşalt, böylece <color=#8A1DD1>DAĞITICI</color> onu tekrar doldurabilsin!	Leeg de kleine fles om de <color=#8A1DD1>DISPENSER</color> deze opnieuw te laten vullen!	Leere die winzige Flasche, damit der <color=#8A1DD1>DISPENSER</color> sie erneut auffüllen kann!	Videz la petite bouteille pour laisser le <color=#8A1DD1>DISTRIBUTEUR</color> la remplir à nouveau !	Svuota la piccola bottiglia affinché il <color=#8A1DD1>DISTRIBUTORE</color> possa riempirla di nuovo!	Esvazie a pequena garrafa para que o <color=#8A1DD1>DISTRIBUIDOR</color> possa enchê-la novamente!	¡Vacía la pequeña botella para que el <color=#8A1DD1>DISPENSER</color> la rellene de nuevo!	Опустошите маленькую бутылочку, чтобы <color=#8A1DD1>ДИСПЕНСЕР</color> смог наполнить её снова!	小さなボトルを空にして、<color=#8A1DD1>DISPENSER</color>に再び満たしてもらおう！	작은 병을 비워 <color=#8A1DD1>디스펜서</color>가 다시 채우게 하세요!
SpeciaItemGeneratorTitle	0	Dispenser!	Dağıtıcı!	Verdeler!	Dispenser!	Distributeur !	Distributore!	Distribuidor!	¡Dispensador!	Диспенсер!	ディスペンサー！	디스펜서!
SpeciaItemIceDescription	0	<color=#8A1DD1>ICE</color> freezes the bottles. Sort one bottle to break all the <color=#8A1DD1>ICE</color>!	<color=#8A1DD1>BUZ</color> şişeleri dondurur. Tüm <color=#8A1DD1>BUZ</color>'u kırmak için bir şişeyi sıralayın!	<color=#8A1DD1>IJS</color> bevriest de flessen. Sorteer één fles om al het <color=#8A1DD1>IJS</color> te breken!	<color=#8A1DD1>EIS</color> friert die Flaschen ein. Sortiere eine Flasche, um das gesamte <color=#8A1DD1>EIS</color> zu brechen!	<color=#8A1DD1>GLACE</color> gèle les bouteilles. Triez une bouteille pour briser toute la <color=#8A1DD1>GLACE</color> !	<color=#8A1DD1>GHIACCIO</color> congela le bottiglie. Ordina una bottiglia per rompere tutto il <color=#8A1DD1>GHIACCIO</color>!	<color=#8A1DD1>GELO</color> congela as garrafas. Organize uma garrafa para quebrar todo o <color=#8A1DD1>GELO</color>!	<color=#8A1DD1>HIELO</color> congela las botellas. ¡Ordena una botella para romper todo el <color=#8A1DD1>HIELO</color>!	<color=#8A1DD1>ЛЕД</color> замораживает бутылки. Переставь одну бутылку, чтобы разбить весь <color=#8A1DD1>ЛЕД</color>!	<color=#8A1DD1>氷</color>がボトルを凍らせます。一つのボトルを整理して全ての<color=#8A1DD1>氷</color>を壊しましょう！	<color=#8A1DD1>얼음</color>이 병을 얼립니다. 한 병을 정리하여 모든 <color=#8A1DD1>얼음</color>을 깨뜨리세요!
SpeciaItemIceTitle	0	Ice!	Buz!	IJstijd!	Eis!	Glace !	Ghiaccio!	Gelo!	¡Hielo!	Лёд!	氷！	얼음!
SpeciaItemLockDescription	0	Free the <color=#8A1DD1>KEY</color> by pouring the color over it to unlock the bottle!	Rengi üzerine dökerek <color=#8A1DD1>ANAHTAR</color>'ı serbest bırak ve şişeyi aç!	Bevrijd de <color=#8A1DD1>SLEUTEL</color> door de kleur eroverheen te gieten om de fles te ontgrendelen!	Befreie den <color=#8A1DD1>SCHLÜSSEL</color>, indem du die Farbe darüber gießt, um die Flasche zu entsperren!	Libère la <color=#8A1DD1>CLÉ</color> en versant la couleur dessus pour déverrouiller la bouteille !	Libera la <color=#8A1DD1>CHIAVE</color> versando il colore su di essa per sbloccare la bottiglia!	Libere a <color=#8A1DD1>CHAVE</color> derramando a cor sobre ela para destravar a garrafa!	¡Libera la <color=#8A1DD1>LLAVE</color> vertiendo el color sobre ella para desbloquear la botella!	Освободите <color=#8A1DD1>КЛЮЧ</color>, разлив цвет на него, чтобы открыть бутылку!	色をかけて<color=#8A1DD1>鍵</color>を解放し、ボトルをアンロックしましょう!	색상을 <color=#8A1DD1>열쇠</color>에 부어 병을 열어서 해방하세요!
SpeciaItemLockTitle	0	Key!	Anahtar!	Sleutel!	Schlüssel!	Clé !	Chiave!	Chave!	¡Llave!	Ключ!	キー！	열쇠!
SpeciaItemMagicSealDescription	0	Empty the <color=#8A1DD1>METAL TUBE</color> to remove it!	<color=#8A1DD1>METAL TÜPÜ</color> boşaltarak ortadan kaldır!	Leeg de <color=#8A1DD1>METALEN BUIS</color> om deze te verwijderen!	Leere das <color=#8A1DD1>METALLROHR</color>, um es zu entfernen!	Videz le <color=#8A1DD1>TUBE MÉTALLIQUE</color> pour le retirer !	Svuota il <color=#8A1DD1>TUBO DI METALLO</color> per rimuoverlo!	Esvazie o <color=#8A1DD1>TUBO DE METAL</color> para removê-lo!	¡Vacía el <color=#8A1DD1>TUBO METÁLICO</color> para quitarlo!	Опустошите <color=#8A1DD1>МЕТАЛЛИЧЕСКУЮ ТРУБУ</color>, чтобы убрать её!	<color=#8A1DD1>METAL TUBE</color>を空にして取り除こう！	<color=#8A1DD1>금속 튜브</color>를 비워서 제거하세요!
SpeciaItemMagicSealTitle	0	Metal Tube!	Metal Tüp!	Metaal Buis!	Metallrohr!	Tube Métallique !	Tubo di Metallo!	Tubo de Metal!	¡Tubo Metálico!	Металлическая Труба!	金属のチューブ！	금속관!
SpeciaItemPlasterDescription	0	Remove <color=#8A1DD1>Plaster</color> by filling the bottle next to it!	Yanındaki şişeyi doldurarak <color=#8A1DD1>Alçıyı</color> kaldır!	Verwijder <color=#8A1DD1>Plijster</color> door de fles ernaast te vullen!	Entferne das <color=#8A1DD1>Pflaster</color>, indem du die Flasche daneben füllst!	Retirez le <color=#8A1DD1>Plâtre</color> en remplissant la bouteille à côté !	Rimuovi il <color=#8A1DD1>cerotto</color> riempiendo la bottiglia accanto ad esso!	Remova o <color=#8A1DD1>Plaster</color> enchendo a garrafa ao lado dele!	¡Elimina el <color=#8A1DD1>Yeso</color> llenando la botella a su lado!		ボトルの横にある<color=#8A1DD1>プラスター</color>を埋めて取り除こう！	병 옆에 있는 <color=#8A1DD1>석고</color>를 채워서 제거하세요!
SpeciaItemPlasterTitle	0	Plaster!	Alçı!	Pleisters!	Gips!	Pansement !	Cerotto!	Emplastro!	¡Yeso!	Пластырь!	ギプス！	석고!
SpeciaItemSafeDescription	0	Sort bottles to break the <color=#8A1DD1>SAFE</color>!	Şişeleri sıralayarak <color=#8A1DD1>KASA</color>'yı kır!	Sorteer flessen om de <color=#8A1DD1>KLUIS</color> te kraken!	Sortiere die Flaschen, um den <color=#8A1DD1>TRESOR</color> zu knacken!	Triez les bouteilles pour briser le <color=#8A1DD1>COFFRE</color> !	Ordina le bottiglie per aprire la <color=#8A1DD1>CASSAFORTE</color>!	Organize as garrafas para quebrar o <color=#8A1DD1>COFRE</color>!	¡Ordena las botellas para romper la <color=#8A1DD1>CAJA FUERTE</color>!	Сортируйте бутылки, чтобы взломать <color=#8A1DD1>СЕЙФ</color>!	瓶を並べて<color=#8A1DD1>SAFE</color>を破りましょう！	병을 정렬하여 <color=#8A1DD1>SAFE</color>를 깨세요!
SpeciaItemSafeTitle	0	Safe!	Kasa!	Veilig!	der Safe! 	Inoffensif !	Salvo!	Cofre!	¡Seguro!	Сейф!	金庫！	안전!
SpeciaItemTagDescription	0	Bottle with <color=#8A1DD1>TAG</color> can only be filled with the same colored water!	<color=#8A1DD1>ETİKET</color> olan şişe sadece aynı renkteki suyla doldurulabilir!	Fles met <color=#8A1DD1>LABEL</color> kan alleen worden gevuld met water van dezelfde kleur!	Flasche mit <color=#8A1DD1>ETIKETT</color> kann nur mit Wasser derselben Farbe gefüllt werden!	Bouteille avec <color=#8A1DD1>ÉTIQUETTE</color> ne peut être remplie qu'avec de l'eau de la même couleur !	Bottiglia con <color=#8A1DD1>TAG</color> può essere riempita solo con acqua dello stesso colore!	Garrafa com a <color=#8A1DD1>ETIQUETA</color> só pode ser preenchida com água da mesma cor!	Botella con <color=#8A1DD1>ETIQUETA</color> solo puede llenarse con agua del mismo color.	Бутылка с <color=#8A1DD1>Отметка</color> может быть заполнена только водой того же цвета!	<color=#8A1DD1>タグ</color>のボトルは同じ色の水でしか満たせません！	<color=#8A1DD1>태그</color>이 있는 병은 같은 색상의 물로만 채울 수 있습니다!
SpeciaItemTagTitle	0	Tag!	Etiket!	Label!	Etikett!	Étiquette !	Tag!	Etiqueta!	¡Etiqueta!	Отметка!	タグ！	태그!
SpeciaItemToggleDescription	0	The <color=#8A1DD1>STOPPER</color> opens and closes with every move!	<color=#8A1DD1>TIPA</color> her hamlede açılır ve kapanır!	De <color=#8A1DD1>STOPPER</color> opent en sluit bij elke zet!	Der <color=#8A1DD1>STOPPER</color> öffnet und schließt sich mit jedem Zug!	Le <color=#8A1DD1>STOPPER</color> s'ouvre et se ferme à chaque mouvement !	Il <color=#8A1DD1>STOPPER</color> si apre e si chiude ad ogni mossa!	O <color=#8A1DD1>STOPPER</color> abre e fecha a cada movimento!	El <color=#8A1DD1>STOPPER</color> se abre y se cierra con cada movimiento.	<color=#8A1DD1>СТОПЕР</color> открывается и закрывается после каждого хода!	<color=#8A1DD1>STOPPER</color>は、毎回動くたびに開閉します！	<color=#8A1DD1>STOPPER</color>는 매 이동마다 열리고 닫힙니다!
SpeciaItemToggleTitle	0	Stopper!	Tıpa!	Stopper!	Stopper!	Bouchon!	Interruttore!	Parador!	Parador!	Стоппер!	ストッパー!	정지기!
SpeciaItemUnlocked	0	New Item Unlocked!	Yeni Öğe Açıldı!	Nieuw Item Ontgrendeld!	Neues Item freigeschaltet!	Nouvel Objet Débloqué !	Nuovo oggetto sbloccato!	Novo Item Desbloqueado!	¡Nuevo objeto desbloqueado!	Новый предмет разблокирован!	新しいアイテムがアンロックされました！	새로운 아이템이 잠금 해제되었습니다!
SpeciaItemWoodboxDescription	0	Reveal the key to open the <color=#8A1DD1>LOCKBOX</color>!	Anahtarını ortaya çıkar ve <color=#8A1DD1>KİLİT KUTUSU</color>'nu aç!	Ontdek de sleutel om de <color=#8A1DD1>LOCKBOX</color> te openen!	Enthülle den Schlüssel, um die <color=#8A1DD1>LOCKBOX</color> zu öffnen!	Découvrez la clé pour ouvrir le <color=#8A1DD1>COFFRE FORT</color> !	Rivela la chiave per aprire il <color=#8A1DD1>LOCKBOX</color>!	Revele a chave para abrir a <color=#8A1DD1>CAIXA BLOQUEADA</color>!	¡Revela la llave para abrir la <color=#8A1DD1>CAJA FUERTE</color>!	Раскройте ключ, чтобы открыть <color=#8A1DD1>ЗАПЕРТУЮ КОРОБКУ</color>!	鍵を見つけて<color=#8A1DD1>ロックボックス</color>を開けましょう！	<color=#8A1DD1>잠금 상자</color>를 열기 위한 열쇠를 찾아보세요!
SpeciaItemWoodboxTitle	0	Lockbox!	Kilitli Kutu!	Lockbox!	Tresorbox!	Coffre-fort !	Cassetta di sicurezza!	Caixa-forte!	¡Caja fuerte!	Сейф!	ロックボックス！	자물쇠 상자!
SpeciaItemZurnaDescription	0	Fill the <color=#8A1DD1>GIANT BOTTLE</color>!	<color=#8A1DD1>DEV ŞİŞEYİ</color> doldurun!	Vul de <color=#8A1DD1>REUZENFLES</color>!	Fülle die <color=#8A1DD1>RIESIGE FLASCHE</color>!	Remplissez la <color=#8A1DD1>GÉANTE BOUTEILLE</color> !	Riempi la <color=#8A1DD1>GIGANTE BOTTIGLIA</color>!	Encha a <color=#8A1DD1>GARRAFA GIGANTE</color>!	¡Llena la <color=#8A1DD1>SÚPER BOTELLA</color>!	Заполните <color=#8A1DD1>ОГРОМНУЮ БУТЫЛКУ</color>!	<color=#8A1DD1>巨大なボトル</color>を満たそう！	<color=#8A1DD1>거대한 병</color>을 채우세요!
SpeciaItemZurnaTitle	0	Giant Bottle!	Dev Şişe!	Reuzenfles!	Riesenflasche!	Bouteille Géante !	Bottiglia Gigante!	Garrafa Gigante!	¡Botella Gigante!	Большая бутылка!	巨大ボトル！	자이언트 보틀!
SpecialItemBagTitle	0	Bag	Çanta	Tas	Tasche	Sac	Borsa	Saco	Bolsa	Сумка	バッグ	가방
SpecialItemBagDescription	0	Sort bottles to break the <color=#8A1DD1>BAG</color>!	Şişeleri sıralayarak <color=#8A1DD1>ÇANTA</color>'yı kır!	Sorteer de flessen om de <color=#8A1DD1>ZAK</color> te breken!	Sortiere die Flaschen, um den <color=#8A1DD1>BEUTEL</color> zu zerstören!	Trie les bouteilles pour briser le <color=#8A1DD1>SAC</color> !	Ordina le bottiglie per rompere il <color=#8A1DD1>SACCO</color>!	Organize as garrafas para quebrar a <color=#8A1DD1>BOLSA</color>!	Ordena las botellas para romper la <color=#8A1DD1>BOLSA</color>!	Сортируйте бутылки, чтобы разбить <color=#8A1DD1>МЕШОК</color>!	ボトルを並べ替えて<color=#8A1DD1>BAG</color>を破ろう！	<color=#8A1DD1>가방</color>을 깨기 위해 병을 정렬하세요!
SpecialItemFireworkTitle	0	Firework!	Havai Fişek!	Vuurwerk!	Feuerwerk!	Feu d'artifice !	Fuochi d'artificio!	Fogos de artifício!	¡Fuegos artificiales!	Фейерверк!	ハナビ！	불꽃놀이!
SpecialItemFireworkDescription	0	Complete the bottle to launch fireworks!	Şişeyi tamamlayarak havai fişekleri fırlatın!	Vul de fles aan om vuurwerk af te steken!	Schließe die Flasche ab, um Feuerwerk zu zünden!	Remplissez la bouteille pour lancer des feux d'artifice !	Completa la bottiglia per lanciare i fuochi d'artificio!	Complete a garrafa para lançar fogos de artifício!	¡Completa la botella para lanzar fuegos artificiales!	Заполните бутылку, чтобы запустить фейерверки!	ボトルを完成させて、花火を打ち上げよう！	병을 완성하여 불꽃놀이를 시작하세요!
SpecialItemMosaicTitle	0	Mosaic!	Mozaik!	Mozaïek!	Mosaik!	Mosaïque !	Mosaico!	Mosaico!	¡Mosaico!	Мозаика!	モザイク！	모자이크!
SpecialItemMosaicDescription	0	Hit the targets to reveal mosaic!	Hedefleri vur ve mozaiği ortaya çıkar!	Raak de doelen om het mozaïek te onthullen!	Triff die Ziele, um das Mosaik freizulegen!	Touchez les cibles pour révéler la mosaïque !	Colpisci i bersagli per svelare il mosaico!	Acerte os alvos para revelar o mosaico!	¡Golpea los objetivos para revelar el mosaico!	Попадай в мишени, чтобы открыть мозаику!	ターゲットを狙ってモザイクを明らかにしよう！	목표물을 맞혀 모자이크를 밝혀보세요!
SpecialOfferAncientDeal	0	Ancient Deal!	Kadim Anlaşma!	Oude Aanbieding!	Angebot der Antike!	Offre Ancienne !	Offerta Antica!	Oferta Antiga!	¡Oferta Antigua!	Древняя Сделка!	古代の取引！	고대 거래!
SpecialOfferCoastline	0	Coastline Deal!	Sahil Teklifi!	Kustaanbieding!	Küstenangebot!	Offre Spéciale Côte !	Offerta Costa!	Oferta Costa!	¡Oferta de la Costa!	Предложение побережья!	海岸線のお得なオファー！	해안 거래!
SpecialOfferCoinFallDeal	0	Coinfall Deal	Coinfall Anlaşması	Muntenval Aanbieding	Münzregen Angebot	{0} Token kazan!	Offerta Coinfall	Oferta de Moedas	Oferta Coinfall	Суперпредложение Coinfall	コインフォールディール	코인폴 딜
SpecialOfferHeavenly	0	Heavenly Deal	Cennetsel Teklif	Hemelse Aanbieding	Himmlisches Angebot	Offre Céleste	Affare Celestiale	Oferta Celestial	Oferta Celestial	Небесное предложение	天国のオファー	천상의 거래
SpecialOfferPopupTimer	0	Ends in:	Bitmesine:	Eindigt over:	Endet in:	Se termine dans :	Termina tra:	Termina em:	Finaliza en:	Осталось:	終了まで:	종료까지:
SpecialOfferSorcerer	0	Sorcerer's Deal!	Sihirbazın Teklifi!	Aanbieding van de Tovenaar!	Zauberer-Deal!	Offre du Sorcier !	Offerta del Mago!	Oferta do Feiticeiro!	¡Oferta del Hechicero!	Сделка Колдуна!	魔法使いのお得なディール！	마법사의 특별 할인!
SpecialOfferSplashing	0	Splashing Deal!	Çarpıcı Fırsat!	Spetterende Deal!	Angebot des Tages!	Offre Éclatante !	Offerta Esplosiva!	Oferta Espetacular!	¡Oferta Asombrosa!	Выгодное предложение!	スペシャルオファー！	특가 이벤트!
SpecialtemReleaseTitle	0	New Item	Yeni Öğe	Nieuw Item	Neues Objekt	Nouvel objet	Nuovo oggetto	Novo Item	Nuevo objeto	Новый предмет	新アイテム	신규 아이템
Spin	0	Spin	Çevir	Draaien	Drehen	Tourne	Gira	Girar	Girar	Крутить	スピン	회전
Spin!	0	Spin!	Çevir!	Spin!	Drehen!	Tourne !	Gira!	Girar!	¡Gira!	Крути!	スピン！	스핀!
StPatricksDeal	0	St. Patricks Deal!	St. Patricks Teklifi!	St. Patricks Deal!	St. Patricks Angebot!	Offre de la Saint-Patrick !	Offerta di San Patrizio!	Oferta de St. Patrick!	¡Oferta de St. Patricks!	Сделка ко Дню Святого Патрика!	セント・パトリックス ディール！	성 패트릭의 거래!
Stage	0	Stage {0}	Aşama {0}	Stadium {0}	Stufe {0}	Étape {0}	Livello {0}	Etapa {0}	Escenario {0}	Уровень {0}	ステージ {0}	스테이지 {0}
StageWithoutCount	0	STAGE	AŞAMA	FASE	BÜHNE	ÉTAPE	Fase	ETAPA	ETAPA	ЭТАП	ステージ	스테이지
Stages	0	Stages	Aşamalar	Fasen	Bühnen	Niveaux	Fasi	Fases	Etapas	Этапы	ステージ	스테이지
Start	0	Start	Başla	Start	Start	Démarrer	Avvia	Iniciar	Inicio	Начать	開始	시작
Start!	0	Start!	Başla!	Start!	Start!	Démarrer !	Inizia!	Começar!	¡Comenzar!	Старт!	スタート！	시작!
Stay	0	Stay	Kal	Blijf	Bleiben	Rester	Rimani	Fique	Quedarse	Останься	滞在	머물기
StuckPopupAddBottle	0	Add Bottle	Şişe Ekle	Fles Toevoegen	Flasche hinzufügen	Ajouter une bouteille	Aggiungi Bottiglia	Adicionar Garrafa	Agregar botella	Добавить бутылку	ボトルを追加	병 추가
StuckPopupAddTinyBottle	0	Add Tiny Bottle	Minik Şişe Ekle	Kleine Fles Toevoegen	Kleines Fläschchen hinzufügen	Ajouter une Petite Bouteille	Aggiungi Piccola Bottiglia	Adicionar Pequena Garrafa	Agregar Botella Pequeña	Добавить Маленькую Шишку	小瓶を追加	작은 병 추가
StuckPopupAddXBottles	0	Add <color=#235E00>{0}</color> bottles	<color=#235E00>{0}</color> şişe ekle	Voeg <color=#235E00>{0}</color> flessen toe	Füge <color=#235E00>{0}</color> Flaschen hinzu	Ajouter <color=#235E00>{0}</color> bouteilles	Aggiungi <color=#235E00>{0}</color> bottiglie	Adicione <color=#235E00>{0}</color> garrafas	Añade <color=#235E00>{0}</color> botellas	Добавьте <color=#235E00>{0}</color> бутылки	<color=#235E00>{0}</color> 本のボトルを追加	<color=#235E00>{0}</color>개의 병 추가
StuckPopupUndo	0	Undo Move	Geri Al	Ongedaan Maken	Rückgängig	Annuler	Annulla	Desfazer	Deshacer	Отмена	元に戻す	되돌리기
StuckPopupMegaShuffle	0	Shuffle All	Karıştır	Hussel	Mischen	Mélange	Mescola	Embaralhar	Barajar	Перемешать	シャッフル	셔플
StuckPopupInfoNoMove	0	No Available Moves	Hamle Yok	Geen Beschikbare Zettingen	Keine verfügbaren Züge	Aucun coup disponible	Nessuna mossa disponibile	Sem Movimentos Disponíveis	Sin movimientos disponibles	Нет доступных ходов	移動可能な手がありません	이동할 수 있는 곳이 없습니다
StuckPopupInfoNoTime	0	Out Of Time	Süre Doldu	Geen Tijd Meer Over	Keine Zeit mehr	Temps Écoulé	Tempo Scaduto	Sem Tempo	Sin Tiempo	Время истекло	時間切れ	시간 초과
Successful!	0	Successful!	Başarılı!	Succesvol!	Erfolgreich!	Réussi !	Successo!	Sucesso!	¡Exitoso!	Успешно!	成功！	성공적임!
SuperHard	0	Super Hard	Süper Zor	Super Moeilijk	Super schwierig	Super Hard	Super Difficile	Super Difícil	Súper Difícil	Супер Сложно	スーパー ハード	슈퍼 하드
SuperHardLevel	0	Super Hard	Süper Zor	Super Moeilijk	Super Schwer	Super Difficile	Super Difficile	Super Difícil	Súper Difícil	Супер Сложный	スーパー・ハード	슈퍼 하드
SuperHardUpper	0	SUPER HARD	SÜPER ZOR	SUPER HART	SUPER SCHWER	SUPER DIFFICILE	SUPER DURA	SUPER DIFÍCIL	SÚPER DIFÍCIL	СУПЕР СЛОЖНО	スーパー ハード	슈퍼 하드
Support	0	Support	Destek	Ondersteuning	Unterstützung	Assistance	Supporto	Suporte	Soporte	Поддержка	サポート	지원
TapToClaim	0	Tap to Claim	Dokun ve Al	Tik om te Claimen	Zum Beanspruchen tippen	Touchez pour récupérer	Tocca per Riscattare	Toque para Coletar	Toca para reclamar	Нажмите, чтобы получить	タップして獲得	탭하여 받기
TapToContinue	0	Tap to Continue	Devam etmek için dokunun	Tik om door te gaan	Tippen, um fortzufahren	Appuyez pour continuer	Tocca per continuare	Toque para Continuar	Toca para continuar	Нажмите, чтобы продолжить	タップして続行	탭하여 계속하기
TaptoOpen	0	Tap to open	Açmak için dokun	Tik om te openen	Tippen zum Öffnen	Touchez pour ouvrir	Tocca per aprire	Toque para abrir	Toca para abrir	Нажмите, чтобы открыть	タップして開く	탭하여 열기
TeamAreanaClaimNoContribution	0	Team Arena finished without your contribution!	Katkınız olmadan Takım Arenası tamamlandı!	Team Arena is voltooid zonder jouw bijdrage!	Team Arena wurde ohne deinen Beitrag abgeschlossen!	L'Arène d'Équipe s'est terminée sans votre contribution !	L'Arena di squadra è terminata senza il tuo contributo!	A Arena de Equipe terminou sem a sua contribuição!	¡El equipo Arena terminó sin tu contribución!	Командная арена завершена без вашего участия!	チームアリーナがあなたの貢献なしで終了しました！	팀 아레나는 당신의 참여 없이 종료되었습니다!
TeamAreanaInfoHeader	0	Team Arena	Takım Arenası	Team Arena	Team-Arena	Arène d'Équipe	Aréna del Team	Arena da Equipe	Arena de Equipo	Командная арена	チームアリーナ	팀 아레나
TeamArenaContributionRewards	0	Contribution Rewards!	Katkı Ödülleri!	Bijdragebeloningen!	Beitragsbelohnungen!	Récompenses de Contribution !	Ricompense per il contributo!	Recompensas de Contribuição!	¡Recompensas por Contribución!	Награды за вклад!	貢献報酬！	기여 보상!
TeamArenaInfoStep1	0	Beat Levels!	Bölümleri Geç!	Versla Niveaus!	Ebenen besiegen!	Terminez les niveaux !	Supera i livelli!	Passe de Nível!	¡Supera Niveles!	Пройдите уровни!	レベルをクリアしよう!	레벨을 클리어하세요!
TeamArenaInfoStep2	0	Compete against\nother teams!	Diğer takımlara karşı yarış!	Strijd tegen andere teams!	Tritt gegen andere Teams an!	Faites face\nà d'autres équipes !	Competi contro  \naltre squadre!	Compita contra\noutras equipes!	¡Compite contra  \notros equipos!	Соревнуйтесь с другими командами!	他のチームと競争しよう！	다른 팀들과 경쟁하세요!
TeamArenaInfoStep3	0	Win amazing rewards!	Harika ödüller kazan!	Win geweldige beloningen!	Gewinne erstaunliche Belohnungen!	Gagnez des récompenses incroyables !	Vinci fantastici premi!	Ganhe recompensas incríveis!	¡Gana increíbles recompensas!	Выигрывайте потрясающие награды!	素晴らしい報酬を獲得しよう！	멋진 보상을 획득하세요!
TeamArenaJoinEligible	0	Team Arena has started! Join the competition now!	Takım Arenası başladı! Şimdi yarışmaya katıl!	Team Arena is begonnen! Doe nu mee aan de competitie!	Das Team-Arena hat begonnen! Schließe dich jetzt dem Wettbewerb an!	L'Arène d'équipe a commencé ! Rejoignez la compétition dès maintenant !	L'Arena a Squadre è iniziata! Unisciti alla competizione ora!	A Arena de Equipes começou! Participe da competição agora!	¡La Arena del Equipo ha comenzado! ¡Únete a la competencia ahora!	Арена команд началась! Присоединяйтесь к соревнованию сейчас!	チームアリーナが始まりました！今すぐ競争に参加しましょう！	팀 아레나가 시작되었습니다! 지금 바로 경쟁에 참여하세요!
TeamArenaJoinInfoNoTeam	0	Join a team to compete in \nthe Team Arena!	Takım Arenasında yarışmak için bir takıma katıl!	Sluit je aan bij een team om deel te nemen aan de Team Arena!	Schließe dich einem Team an, um in der Team Arena anzutreten!	Rejoignez une équipe pour concourir dans l'Arène d'Équipe !	Unisciti a una squadra per competere nell'Arena a Squadre!	Participe de uma equipe para competir na Arena de Equipes!	Únete a un equipo para competir en la Arena de Equipos.	Присоединяйтесь к команде, чтобы участвовать в соревнованиях на Командной Арене!	チームに参加して、Team Arenaで競い合いましょう！	팀 아레나에서 경쟁하려면 팀에 가입하세요!
TeamArenaJoinInfoNotEnoughMembers	0	Your team needs at least <color=#FFDD22>10</color> members\nto compete in Team Arena!	Takımınızın Takım Arena'da yarışabilmesi için en az <color=#FFDD22>10</color> üyeye ihtiyacı var!	Je team heeft minimaal <color=#FFDD22>10</color> leden nodig om deel te nemen aan Team Arena!	Dein Team benötigt mindestens <color=#FFDD22>10</color> Mitglieder, um in der Team Arena anzutreten!	Votre équipe a besoin d'au moins <color=#FFDD22>10</color> membres pour participer à l'Arène d'Équipe !	La tua squadra ha bisogno di almeno <color=#FFDD22>10</color> membri per competere nell'Arena di Squadra!	Sua equipe precisa de pelo menos <color=#FFDD22>10</color> membros para competir na Arena de Equipes!	Tu equipo necesita al menos <color=#FFDD22>10</color> miembros para competir en la Arena de Equipo.	Чтобы принять участие в командной арене, в вашей команде должно быть как минимум <color=#FFDD22>10</color> участников!	チームアリーナに参加するには、チームに少なくとも<color=#FFDD22>10</color>人のメンバーが必要です！	팀 아레나에 참가하려면 팀원이 최소 <color=#FFDD22>10명</color> 필요합니다!
TeamArenaJoinInfoNotEnoughMembersCustomWarning	0	Your team needs at least {0} members to compete!	Takımınızın rekabet edebilmesi için en az {0} üyeye ihtiyacı var!	Je team heeft minstens {0} leden nodig om deel te nemen!	Dein Team benötigt mindestens {0} Mitglieder, um teilzunehmen!	Votre équipe a besoin d'au moins {0} membres pour participer !	Il tuo team necessita di almeno {0} membri per competere!	Sua equipe precisa de pelo menos {0} membros para competir!	Tu equipo necesita al menos {0} miembros para competir.	В вашей команде должно быть как минимум {0} участников, чтобы принять участие в соревновании!	チームが競技に参加するには、少なくとも{0}人のメンバーが必要です！	귀하의 팀은 경쟁하기 위해 최소 {0}명의 팀원이 필요합니다!
TeamArenaJoinInfoNotEnoughMembersTitle	0	Not enough members!	Yeterli üye yok!	Niet genoeg leden!	Nicht genügend Mitglieder!	Pas assez de membres !	Non ci sono abbastanza membri!	Não há membros suficientes!	¡No hay suficientes miembros!	Недостаточно участников!	メンバーが足りません！	구성원이 부족합니다!
TeamArenaJoinedEventWithDifferentTeam	0	You already participated\nthe Team Arena in another team!	Zaten başka bir takımda Takım Arena'ya katıldınız!	Je hebt al deelgenomen aan de Team Arena in een ander team!	Du hast bereits in einem anderen Team an der Team Arena teilgenommen!	Vous avez déjà participé à l'Arène d'Équipe avec une autre équipe !	Hai già partecipato all'Arena di Squadra con un'altra squadra!	Você já participou da Team Arena em outra equipe!	¡Ya participaste en el Team Arena con otro equipo!	Вы уже приняли участие в Командной Арене в другой команде!	他のチームで既にチームアリーナに参加しました！	이미 다른 팀에서 팀 아레나에 참가하셨습니다!
TeamArenaNoContribution	0	Not getting rewards without contribution!	Katkı olmadan ödül almak yok!	Geen beloningen zonder bijdrage!	Ohne Beitrag keine Belohnungen!	Pas de récompenses sans contribution !	Nessuna ricompensa senza contributo!	Sem recompensas sem contribuição!	¡No recibirás recompensas sin contribución!	Нет наград без вклада!	貢献なしでは報酬が得られません！	기여 없이 보상을 받을 수 없습니다!
TeamArenaProgress	0	My Progress:{0}/{1}	İlerlemeniz: {0}/{1}	Mijn voortgang: {0}/{1}	Mein Fortschritt: {0}/{1}	Mon progrès : {0}/{1}	Il mio progresso: {0}/{1}	Meu Progresso: {0}/{1}	Mi Progreso: {0}/{1}	Мой прогресс: {0}/{1}	私の進捗状況: {0}/{1}	내 진행 상황: {0}/{1}
TeamArenaRewardPerUser	0	Rewards for each!	Herkes için ödüller!	Beloningen voor elk!	Belohnungen für jeden!	Récompenses pour chacun !	Ricompense per ciascuno!	Recompensas para cada um!	¡Recompensas para cada uno!	Награды для каждого!	それぞれへの報酬！	각자에게 주어지는 보상!
TeamArenaRewards	0	Arena Rewards!	Arena Ödülleri!	Arena Beloningen!	Arena-Belohnungen!	Récompenses de l'Arène !	Ricompense dell'Arena!	Recompensas da Arena!	¡Recompensas de Arena!	Награды за арену!	アリーナ報酬！	아레나 보상!
TeamArenaTab	0	Arena	Arena	Arena	Arena	Arène	Arena	Arena	Arena	Арена	アリーナ	아레나
TeamArenaWontAbleToJoinEvent	0	You won't be able to participate in the ongoing Team Arena!	Devam eden Takım Arenası'na katılamayacaksınız!	Je zult niet kunnen deelnemen aan de lopende Team Arena!	Du kannst an der laufenden Team Arena nicht teilnehmen!	Vous ne pourrez pas participer à l'Arène d'Équipe en cours !	Non potrai partecipare all'attuale Team Arena!	Você não poderá participar da Arena de Equipes em andamento!	¡No podrás participar en la Arena de Equipo en curso!	Вы не сможете принять участие в текущей Team Arena!	進行中のチームアリーナには参加できません！	현재 진행 중인 팀 아레나에 참가할 수 없습니다!
TeamCheckSuggestions	0	Check suggested teams for you	Sizin için önerilen takımları kontrol edin.	Controleer voorgestelde teams voor jou	Überprüfe die vorgeschlagenen Teams für dich	Vérifiez les équipes suggérées pour vous	Controlla le squadre suggerite per te	Verifique as equipes sugeridas para você	Consulta los equipos sugeridos para ti.	Проверьте предложенные команды для вас	おすすめのチームをチェック	추천 팀을 확인하세요
TeamDemoteSure	0	Are you sure you want to demote <color=#D35000>{0}</color>?	<color=#D35000>{0}</color>'ı yetkisini düşürmek istediğine emin misin?	Weet je zeker dat je <color=#D35000>{0}</color> wilt degraderen?	Bist du sicher, dass du <color=#D35000>{0}</color> degradieren möchtest?	Tu es sûr de vouloir rétrograder <color=#D35000>{0}</color> ?	Sei sicuro di voler retrocedere <color=#D35000>{0}</color>?	Tem certeza que quer rebaixar <color=#D35000>{0}</color>?	¿Seguro que quieres degradar a <color=#D35000>{0}</color>?	Ты уверен, что хочешь понизить <color=#D35000>{0}</color>?	<color=#D35000>{0}</color>を降格してもよろしいですか？	<color=#D35000>{0}</color>의 등급을 내리시겠어요?
TeamDemoteTitle	0	Demote Co-leader	Ortak Lideri Düşür	Co-leider degraderen	Co-Leiter degradieren	Rétrograder le co-chef d'équipe	Retrocedi co-leader	Rebaixar Co-líder	Degradar a colíder	Понизить со-лидера	共同リーダーを降格	공동 리더 강등
TeamDescriptionEnter	0	Enter team description...	Takım açıklamasını gir...	Voer teamomschrijving in...	Teambeschreibung eingeben...	Saisissez la description de l'équipe...	Inserisci la descrizione del team...	Insira a descrição da equipe...	Introduce la descripción del equipo...	Введите описание команды...	チームの説明を入力してください...	팀 설명 입력...
TeamEdit	0	Team Edit	Takım Düzenle	Team Bewerken	Team bearbeiten	Édition d'Équipe	Modifica Squadra	Editar Equipe	Edición del Equipo	Редактирование команды	チーム編集	팀 편집
TeamFullErrorMessage	0	This team is already full.	Bu takım zaten dolu.	Dit team is al vol.	Dieses Team ist bereits voll.	Cette équipe est déjà complète.	Questa squadra è già al completo.	Este time já está cheio.	Este equipo ya está lleno.	Эта команда уже заполнена.	このチームはすでに満員です。	이 팀은 이미 가득 찼습니다.
TeamInfo	0	Team Info	Takım Bilgisi	Teaminformatie	Team-Info	Informations sur l'équipe	Informazioni sul team	Informações da Equipe	Información del Equipo	Информация о команде	チーム情報	팀 정보
TeamJoinTitle	0	Join a team to get free lives!	Bedava canlar kazanmak için bir takıma katıl!	Sluit je aan bij een team om gratis levens te krijgen!	Tritt einem Team bei, um kostenlose Leben zu erhalten!	Rejoignez une équipe pour obtenir des vies gratuites !	Unisciti a una squadra per ottenere vite gratuite!	Junte-se a uma equipe para ganhar vidas grátis!	¡Únete a un equipo para obtener vidas gratis!	Присоединяйтесь к команде, чтобы получить бесплатные жизни!	チームに参加して無料のライフを手に入れよう！	팀에 가입하여 무료 생명을 받으세요!
TeamKick	0	Kick	Kov	Schop	Tritt	Coup de pied	Calcio	Expulsar	Expulsar	Удар	キック	킥
TeamKickOut	0	Kick Out!	Kov!	Schop Eruit!	Rauswerfen!	Expulsé !	Calcio Fuori!	Fora Daqui!	¡Fuera!	Выгнать!	キックアウト！	킥 아웃!
TeamLogo	0	Team Logo	Takım Logosu	Team Logo	Team-Logo	Logo de l'équipe	Logo della Squadra	Logotipo da Equipe	Logotipo del equipo	Логотип команды	チームロゴ	팀 로고
TeamName	0	Team Name	Takım Adı	Teamnaam	Teamname	Nom de l'équipe	Nome della Squadra	Nome da Equipe	Nombre del equipo	Название команды	チーム名	팀 이름
TeamNameCantBeEmpty	0	Team name can't be empty	Takım adı boş bırakılamaz	Teamnaam mag niet leeg zijn	Teamname darf nicht leer sein.	Le nom de l'équipe ne peut pas être vide.	Il nome del team non può essere vuoto.	O nome da equipe não pode estar vazio.	El nombre del equipo no puede estar vacío.	Имя команды не может быть пустым	チーム名を空にすることはできません。	팀 이름은 비워 둘 수 없습니다.
TeamNameCantBeShorterThan3	0	Team name can't be less then three characters	Takım adı üç karakterden kısa olamaz.	Teamnaam kan niet minder dan drie tekens zijn.	Der Teamname darf nicht weniger als drei Zeichen lang sein.	Le nom de l'équipe ne peut pas contenir moins de trois caractères.	Il nome del team non può essere più corto di tre caratteri.	O nome da equipe não pode ter menos de três caracteres.	El nombre del equipo no puede tener menos de tres caracteres.	Название команды не может содержать менее трех символов.	チーム名は3文字以上にする必要があります。	팀 이름은 세 글자 이상이어야 합니다.
TeamNameEnter	0	Enter team name...	Takım adı girin...	Voer teamnaam in...	Teamnamen eingeben...	Entrez le nom de l'équipe...	Inserisci nome squadra...	Insira o nome da equipe...	Introduce el nombre del equipo...	Введите название команды...	チーム名を入力してください…	팀 이름 입력...
TeamPromoteSure	0	Are you sure you want to make <color=#D35000>{0}</color> co-leader?	<color=#D35000>{0}</color>'ı yardımcı lider yapmak istediğine emin misin?	Weet je zeker dat je <color=#D35000>{0}</color> tot co-leider wilt maken?	Bist du sicher, dass du <color=#D35000>{0}</color> zum Co-Leader machen willst?	Tu es sûr de vouloir nommer <color=#D35000>{0}</color> co-leader ?	Sei sicuro di voler rendere <color=#D35000>{0}</color> co-leader?	Tem certeza que quer tornar <color=#D35000>{0}</color> co-líder?	¿Seguro que quieres hacer co-líder a <color=#D35000>{0}</color>?	Ты уверен, что хочешь сделать <color=#D35000>{0}</color> со-лидером?	<color=#D35000>{0}</color>をサブリーダーにしてもいいですか？	<color=#D35000>{0}</color>을(를) 공동 리더로 만드시겠어요?
TeamPromoteTitle	0	Make Co-leader	Eş Lider Yap	Co-leider maken	Zum Co-Leiter machen	Nommer co-leader	Nomina Co-leader	Tornar Co-líder	Convertir en colíder	Назначить соджерем.	サブリーダーにする	
TeamQuestClaimedChest	0	You already claimed this chest	Bu sandığı zaten aldınız.	Je hebt deze kist al opgeëist	Du hast diese Truhe bereits beansprucht.	Vous avez déjà récupéré ce coffre.	Hai già reclamato questo forziere.	Você já reivindicou este baú	Ya has reclamado este cofre.	Вы уже забрали этот сундук.	この宝箱はすでに受け取り済みです。	이 보상을 이미 받았습니다.
TeamQuestClaimedChestInAnotherTeam	0	You claimed this chest in another team	Bu sandığı başka bir takımda aldınız.	Je hebt deze kist bij een ander team geclaimd.	Du hast diese Truhe in einem anderen Team beansprucht.	Vous avez réclamé ce coffre dans une autre équipe.	Hai reclamato questo scrigno in un'altra squadra.	Você reivindicou este baú em outra equipe.	Reclamaste este cofre en otro equipo.	Вы открыли этот сундук в другой команде.	別のチームでこの宝箱を獲得しました。	이 보상을 다른 팀에서 획득했습니다.
TeamQuestCompleted	0	Congratulations! You've completed the Team Quest!	Tebrikler! Takım Görevini tamamladınız!	Gefeliciteerd! Je hebt de Team Missie voltooid!	Herzlichen Glückwunsch! Du hast die Team-Quest abgeschlossen!	Félicitations ! Vous avez terminé la quête d'équipe !	Congratulazioni! Hai completato la Team Quest!	Parabéns! Você completou a Missão de Equipe!	¡Felicitaciones! ¡Has completado la misión de equipo!	Поздравляем! Вы завершили Командное задание!	おめでとうございます！チームクエストを達成しました！	축하합니다! 팀 퀘스트를 완료하셨습니다!
TeamQuestCompletedNoContribution	0	Team Quest is completed without your contribution!	Ekibinizin Görevi sizin katkınız olmadan tamamlandı!	Het teamavontuur is voltooid zonder jouw bijdrage!	Team-Quest wurde ohne deinen Beitrag abgeschlossen!	La Quête d'Équipe est terminée sans votre contribution !	La missione di gruppo è stata completata senza il tuo contributo!	A Missão de Equipe foi concluída sem a sua contribuição!	¡La misión del equipo se ha completado sin tu contribución!	Командное задание завершено без вашего участия!	チームクエストはあなたの貢献なしで完了しました！	당신의 기여 없이 팀 퀘스트가 완료되었습니다!
TeamQuestContributeToClaimChest	0	You need to contribute to claim a chest	Bir sandık açmak için katkıda bulunmalısın	Je moet bijdragen om een kist te claimen.	Du musst einen Beitrag leisten, um eine Truhe zu beanspruchen.	Vous devez contribuer pour obtenir un coffre	Devi contribuire per reclamare un baule	Você precisa contribuir para reivindicar um baú.	Necesitas contribuir para reclamar un cofre.	Вам нужно внести вклад, чтобы получить сундук.	チェストを獲得するには貢献が必要です。	상자를 획득하려면 기여해야 합니다.
TeamQuestFinished	0	Team Quest is finished!	Takım Görevi tamamlandı!	Team Quest is voltooid!	Team-Quest ist beendet!	La quête d'équipe est terminée !	La missione di squadra è terminata!	Equipe Quest foi concluída!	¡La misión de equipo ha terminado!	Командное задание завершено!	チームクエストが完了しました！	팀 퀘스트가 완료되었습니다!
TeamQuestInfoHeader	0	Team Quest	Takım Görevi	Team Missie	Team Quest	Quête d'Équipe	Missione di Squadra	Missão de Equipe	Misión de Equipo	Командное задание	チームクエスト	팀 퀘스트
TeamQuestInfoStep1	0	Beat Levels!	Bölümleri Geç!	Voltooi Levels!	Absolviere Levels!	Terminez les niveaux !	Supera i livelli!	Complete Níveis!	¡Supera Niveles!	Пройдите уровни!	レベルをクリアしよう！	레벨을 완수하세요!
TeamQuestInfoStep2	0	Collect <color=#FFC210>Treasure Maps</color> to fill the progress bar!	<color=#FFC210>Hazine Haritalarını</color> toplayarak ilerleme çubuğunu doldurun!	Verzamel <color=#FFC210>Schattkaarten</color> om de voortgangsbalk te vullen!	Sammle <color=#FFC210>Schatzkarten</color>, um die Fortschrittsleiste zu füllen!	Collectez des <color=#FFC210>Cartes au Trésor</color> pour remplir la barre de progression !	Raccogli <color=#FFC210>Mappe del Tesoro</color> per riempire la barra di avanzamento!	Colete <color=#FFC210>Mapas do Tesouro</color> para preencher a barra de progresso!	¡Recoge <color=#FFC210>Mapas del Tesoro</color> para llenar la barra de progreso!	Собирайте <color=#FFC210>Картинки Сокровищ</color>, чтобы заполнить полосу прогресса!	<color=#FFC210>宝の地図</color>を集めて、進行バーを満たそう!	<color=#FFC210>보물 지도</color>를 모아 진행 막대를 채우세요!
TeamQuestInfoStep3	0	Win amazing rewards with your team!	Takımınızla harika ödüller kazanın!	Win geweldige beloningen met je team!	Gewinne fantastische Belohnungen mit deinem Team!	Gagnez des récompenses incroyables avec votre équipe !	Vinci premi straordinari con la tua squadra!	Ganhe recompensas incríveis com a sua equipe!	¡Gana increíbles recompensas con tu equipo!	Получите потрясающие награды вместе с вашей командой!	チームと一緒に素晴らしい報酬を獲得しよう！	팀과 함께 놀라운 보상을 획득하세요!
TeamQuestJoinInfo	0	Team Quest has started! Earn chests as a team!	Takım Görevi başladı! Takım olarak sandıklar kazanın!	Team Quest is begonnen! Verdien kisten als een team!	Team-Quest hat begonnen! Verdient Truhen als Team!	La quête d'équipe a commencé ! Gagnez des coffres en équipe !	La Missione di Squadra è iniziata! Guadagna bauli come squadra!	A Missão de Equipe começou! Ganhe baús como uma equipe!	¡La Misión de Equipo ha comenzado! ¡Gana cofres como equipo!	Командное задание началось! Зарабатывайте сундуки вместе с командой!	チームクエストが始まりました！チームとしてチェストを手に入れよう！	팀 퀘스트가 시작되었습니다! 팀으로 함께 보상을 획득하세요!
TeamQuestJoinInfoNoTeam	0	Join a team to compete in the Team Quest!	Takım Görevi'nde yarışmak için bir takıma katıl!	Sluit je aan bij een team om deel te nemen aan de Team Quest!	Tritt einem Team bei, um an der Team-Quest teilzunehmen!	Rejoignez une équipe pour participer à la Quête d'Équipe !	Unisciti a una squadra per competere nella Missione di Squadra!	Junte-se a uma equipe para competir na Missão de Equipe!	¡Únete a un equipo para competir en la Misión de Equipo!	Присоединяйтесь к команде, чтобы участвовать в командном квесте!	チームに加入して、チームクエストに参加しよう！	팀 퀘스트에 참가하려면 팀에 가입하세요!
TeamQuestNoContributionForChest	0	You had no contribution for this chest	Bu sandık için hiçbir katkınız olmadı.	Je hebt geen bijdrage geleverd aan deze kist.	Du hast keinen Beitrag zu dieser Truhe geleistet.	Vous n'avez apporté aucune contribution à ce coffre.	Non hai dato alcun contributo per questo forziere.	Você não fez nenhuma contribuição para este baú.	No tuviste ninguna contribución para este cofre.	Вы не внесли вклад в этот сундук.	この宝箱への貢献はありませんでした。	이 상자에 대한 기여가 없습니다.
TeamQuestNoRewards	0	Not getting rewards without contribution!	Katkıda bulunmadan ödül alamazsınız!	Geen beloningen zonder bijdrage!	Ohne Beitrag keine Belohnungen!	Pas de récompenses sans contribution !	Nessuna ricompensa senza contributo!	Sem recompensas sem contribuição!	¡No recibirás recompensas sin contribución!	Нет наград без вклада!	貢献なしでは報酬が得られません！	기여 없이 보상을 받을 수 없습니다!
TeamScore	0	Team Score	Takım Skoru	Team Score	Team-Punktzahl	Score d'équipe	Punteggio Squadra	Pontuação da Equipe	Puntuación de Equipo	Очки команды	チームスコア	팀 점수
TeamSureToKick	0	Are you sure you want\nto kick <color=#D35000>{0}</color>?	<color=#D35000>{0}</color>'ı atmak istediğine emin misin?	Weet je zeker dat je <color=#D35000>{0}</color> wilt verwijderen?	Bist du sicher, dass du <color=#D35000>{0}</color> rauswerfen willst?	Tu es sûr de vouloir exclure <color=#D35000>{0}</color> ?	Sei sicuro di voler espellere <color=#D35000>{0}</color>?	Tem certeza que quer expulsar <color=#D35000>{0}</color>?	¿Seguro que quieres expulsar a <color=#D35000>{0}</color>?	Ты уверен, что хочешь выгнать <color=#D35000>{0}</color>?	<color=#D35000>{0}</color>をキックしてもいいですか？	<color=#D35000>{0}</color>을(를) 강퇴하시겠어요?
TeamSystemMessageAccepted	0	{0} has been accepted into the team by {1}!	{0}, {1} tarafından takıma kabul edildi!	{0} is door {1} in het team geaccepteerd!	{0} wurde von {1} in das Team aufgenommen!	{0} a été accepté dans l'équipe par {1} !	{0} è stato accettato nel team da {1}!	{0} foi aceito na equipe por {1}!	¡{0} ha sido aceptado en el equipo por {1}!	{0} был принят в команду {1}!	{0}が{1}によってチームに受け入れられました！	{0}님이 {1}님에 의해 팀에 받아들여졌습니다!
TeamSystemMessageDemoted	0	{0} has been demoted by {1}!	{0}, {1} tarafından yetkisi düşürüldü!	{0} is gedegradeerd door {1}!	{0} wurde von {1} degradiert!	{0} a été rétrogradé par {1} !	{0} è stato retrocesso da {1}!	{0} foi rebaixado por {1}!	{0} ha sido degradado por {1}!	{0} был понижен пользователем {1}!	{0}が{1}によって降格されました！	{0}님이 {1}님에 의해 등급이 내려갔습니다!
TeamSystemMessageJoined	0	{0} joined the team!	{0} takıma katıldı!	{0} is lid geworden van het team!	{0} ist dem Team beigetreten!	{0} a rejoint l'équipe !	{0} si è unito alla squadra!	{0} entrou para o time!	¡{0} se ha unido al equipo!	{0} присоединился к команде!	{0}がチームに参加しました！	{0}님이 팀에 합류했습니다!
TeamSystemMessageKicked	0	{0} has been kicked from the team by {1}!	{0}, {1} tarafından takımdan atıldı!	{0} is uit het team verwijderd door {1}!	{0} wurde von {1} aus dem Team entfernt!	{0} a été expulsé de l'équipe par {1} !	{0} è stato espulso dal team da {1}!	{0} foi expulso da equipe por {1}!	¡{0} ha sido expulsado del equipo por {1}!	{0} был исключен из команды {1}!	{0} は {1} によってチームから追放されました！	{1}님이 팀에서 {1}님에 의해 퇴장당했습니다!
TeamSystemMessageLeft	0	{0} has left the team!	{0} takımdan ayrıldı!	{0} heeft het team verlaten!	{0} hat das Team verlassen!	{0} a quitté l'équipe !	{0} ha lasciato la squadra!	{0} saiu da equipe!	¡{0} ha dejado el equipo!	{0} вышел из команды!	{0}がチームを離れました！	{0}님이 팀을 떠났습니다!
TeamSystemMessagePromoted	0	{0} has been promoted as Co-Leader by {1}!	{0}, {1} tarafından yardımcı lider olarak terfi ettirildi!	{0} is door {1} gepromoveerd tot co-leider!	{0} wurde von {1} zum Co-Leader befördert!	{0} a été promu co-leader par {1} !	{0} è stato promosso co-leader da {1}!	{0} foi promovido a co-líder por {1}!	{0} ha sido ascendido a co-líder por {1}!	{0} был повышен до со-лидера пользователем {1}!	{0}が{1}によってサブリーダーに昇格しました！	{0}님이 {1}님에 의해 공동 리더로 승급되었습니다!
TeamType	0	Team Type	Takım Türü	Teamtype	Teamtyp	Type d'équipe	Tipo di Squadra	Tipo de Equipe	Tipo de Equipo	Тип команды	チームタイプ	팀 유형
TeamUserWontAbleToJoinAgain	0	<color=#D35000>{0}</color> won't be able to join again.	<color=#D35000>{0}</color> bir daha katılamayacak.	<color=#D35000>{0}</color> kan niet opnieuw meedoen.	<color=#D35000>{0}</color> kann nicht mehr beitreten.	<color=#D35000>{0}</color> ne pourra plus rejoindre.	<color=#D35000>{0}</color> non potrà più entrare.	<color=#D35000>{0}</color> não poderá entrar de novo.	<color=#D35000>{0}</color> no podrá volver a entrar.	<color=#D35000>{0}</color> больше не сможет войти.	<color=#D35000>{0}</color>はもう参加できません	<color=#D35000>{0}</color>은(는) 다시 들어올 수 없어요.
TeamsAccept	0	Accept	Kabul Et	Accepteren	Akzeptieren	Accepter	Accetta	Aceitar	Aceptar	Принять	承認	수락
TeamsActiveNow	0	Teams active now!	Takımlar şu anda aktif!	Teams zijn nu actief!	Teams jetzt aktiv!	Équipes actives maintenant !	Squadre attive ora!	Equipes ativas agora!	¡Equipos activos ahora!	Активные команды сейчас!	現在アクティブなチーム！	현재 활동 중인 팀!
TeamsAskCardTitle	0	Ask Card	Kart İste	Kaart vragen	Karte anfordern	Demander une carte	Chiedi carta	Pedir carta	Pedir carta	Попросить карту	カードを頼む	카드를 요청하기
TeamsAskingCardInfoCardDescription	0	Ask for cards from teammates!	Takım arkadaşlarından kart iste!	Vraag kaarten aan teamgenoten!	Bitte Karten von Teamkameraden anfordern!	Demande des cartes à tes coéquipiers !	Chiedi carte ai compagni di squadra!	Peça cartas aos seus companheiros!	¡Pide cartas a tus compañeros!	Попроси карты у товарищей по команде!	チームメイトから カードを頼もう！	팀원들에게 카드를 요청하세요!
TeamsAskingCardInfoGoldCardDescription	0	<color=#FFC20D>Golden Cards</color> can only be obtained\nfrom events!	<color=#FFC20D>Altın Kartlar</color> sadece\netkinliklerden elde edilebilir!	<color=#FFC20D>Gouden kaarten</color> kunnen alleen\nuit evenementen worden verkregen!	<color=#FFC20D>Gold-Karten</color> können nur\naus Events erhalten werden!	<color=#FFC20D>Cartes dorées</color> peuvent seulement\nêtre obtenues lors d’événements !	<color=#FFC20D>Carta d’oro</color> si possono\nottenere solo dagli eventi!	<color=#FFC20D>Cartas de ouro</color> só podem\nser obtidas em eventos!	¡<color=#FFC20D>Cartas doradas</color> solo se\npueden conseguir en eventos!	<color=#FFC20D>Золотые карты</color> можно\nполучить только в событиях!	<color=#FFC20D>ゴールドカード</color>は\nイベントでしか手に入らない！	<color=#FFC20D>골드 카드</color>는\n이벤트에서만 얻을 수 있습니다!
TeamsAskingCardInfoTitle	0	Asking Cards	Kart İsteme	Kaarten vragen	Karten anfordern	Demande de cartes	Richiesta carte	Pedir cartas	Pedir cartas	Запрос карт	カード要求	카드 요청
TeamsChooseLogo	0	Choose Logo	Logo Seç	Logo kiezen	Logo auswählen	Choisir un logo	Scegli Logo	Escolher Logotipo	Elegir logo	Выбрать логотип	ロゴを選択	로고 선택
TeamsCoLeader	0	Co-Leader	Eş Lider	Co-Leider	Co-Leader	Co-Leader​	Co-Leader	Co-Líder	Colíder	Заместитель лидера	サブリーダー	부-리더
TeamsDemote	0	Demote\n<size=2.8>Co-leader</size>	Eş lider geri al	Degradatie  \n<size=2.8>Co-leider</size>	Herabstufen  \n<size=2.8>Co-Leiter</size>	Rétrograder  \n<size=2.8>Co-leader</size>	Retrocedi  \n<size=2.8>Co-leader</size>	Rebaixar\n<size=2.8>Co-líder</size>	Degradar\n<size=2.8>Colíder</size>	Разжаловать\n<size=2.8>Со-лидер</size>	降格  \n<size=2.8>サブリーダー</size>	강등  \n<size=2.8>공동 리더</size>
TeamsInappropriateChat	0	Your message contains inappropriate language.	Mesajın uygunsuz dil içeriyor.	Je bericht bevat ongepaste taal.	Deine Nachricht enthält unangemessene Sprache.	Ton message contient un langage inapproprié.	Il tuo messaggio contiene un linguaggio inappropriato.	Sua mensagem contém linguagem imprópria.	Tu mensaje contiene un lenguaje inapropiado.	Твоё сообщение содержит ненормативную лексику.	あなたのメッセージには不適切な言葉が含まれています。	메시지에 부적절한 언어가 포함되어 있습니다.
TeamsLeader	0	Leader	Lider	Leider	Anführer	Chef d'équipe	Caposquadra	Líder	Líder	Лидер	リーダー	리더
TeamsLeaveAreYouSure	0	Are you sure you want \nto <color=#B90000>leave</color> your team?	Takımınızdan <color=#B90000>ayrılmak</color> istediğinizden emin misiniz?	Weet je zeker dat je je team wilt <color=#B90000>verlaten</color>?	Möchten Sie Ihr Team wirklich <color=#B90000>verlassen</color>?	Êtes-vous sûr de vouloir <color=#B90000>quitter</color> votre équipe ?	Sei sicuro di voler <color=#B90000>lasciare</color> la tua squadra?	Tem certeza de que deseja <color=#B90000>sair</color> da sua equipe?	¿Estás seguro de que deseas <color=#B90000>abandonar</color> tu equipo?	Вы уверены, что хотите <color=#B90000>покинуть</color> вашу команду?	チームを<color=#B90000>離れ</color>てもよろしいですか？	팀을 <color=#B90000>떠나</color>고 싶은 것이 확실합니까?
TeamsLeaveTeam	0	Leave Team?	Takımdan Ayrıl?	Team Verlaten?	Team verlassen?	Quitter l'équipe ?	Lasciare la squadra?	Sair da Equipa?	¿Salir del equipo?	Покинуть команду?	チームを離れますか？	팀을 떠나시겠습니까?
TeamsLevelRequirementNotMet	0	Your level is not enough to join this team.	Seviyen bu takıma katılmak için yeterli değil.	Jouw niveau is niet hoog genoeg om je bij dit team aan te sluiten.	Dein Level reicht nicht aus, um diesem Team beizutreten.	Ton niveau n’est pas suffisant pour rejoindre cette équipe.	Il tuo livello non è sufficiente per entrare in questa squadra.	Seu nível não é suficiente para entrar neste time.	Tu nivel no es suficiente para unirte a este equipo.	Твоего уровня недостаточно, чтобы присоединиться к этой команде.	あなたのレベルはこのチームに参加するには足りません。	당신의 레벨은 이 팀에 가입하기에 충분하지 않습니다.
TeamsManageRequests	0	Manage team join requests:	Takıma katılma isteklerini yönet:	Beheer teamlidmaatschapsverzoeken:	Teambeitrittsanfragen verwalten:	Gérer les demandes pour rejoindre l'équipe :	Gestisci le richieste di adesione al team:	Gerenciar pedidos de entrada na equipe:	Gestionar solicitudes para unirse al equipo:	Управление запросами на вступление в команду:	チーム参加リクエストを管理する：	팀 가입 요청 관리:
TeamsPending	0	Pending	Bekleniyor	In Behandeling	Ausstehend	En attente	In sospeso	Pendente	Pendiente	Ожидается	保留中	대기 중
TeamsPromote	0	Make\n<size=2.8>Co-leader</size>	Eş lider yap	Maak\n<size=2.8>Co-leider</size>	Machen Sie\n<size=2.8>Co-Leiter</size>	Créer\n<size=2.8>Co-leader</size>	Rendi <size=2.8>Co-leader</size>	Tornar\n<size=2.8>Co-líder</size>	Hacer\n<size=2.8>Suplente del líder</size>	Сделать\n<size=2.8>Соруководителем</size>	作成  \n<size=2.8>副リーダー</size>	만들기\n<size=2.8>부리더</size>
TeamsReject	0	Reject	Reddet	Reddet	Reddet	Reddet	Reddet	Reddet	Reddet	Reddet	Reddet	Reddet
TeamsTeamClosedErrorMessage	0	Team type changed to "Closed". Please try again!	Takım türü "Kapalı" olarak değiştirildi. Lütfen tekrar dene!	Teamtype gewijzigd naar "Gesloten". Probeer het opnieuw!	Teamtyp wurde auf „Geschlossen“ geändert. Bitte versuche es erneut!	Le type d’équipe a été changé en « Fermé ». Veuillez réessayer !	Il tipo di squadra è stato cambiato in "Chiuso". Per favore riprova!	O tipo de equipe foi alterado para "Fechado". Por favor, tente novamente!	El tipo de equipo se cambió a "Cerrado". ¡Por favor, inténtalo de nuevo!	Тип команды изменен на «Закрытая». Пожалуйста, попробуйте еще раз!	チームタイプが「クローズド」に変更されました。もう一度お試しください！	팀 유형이 "비공개"로 변경되었습니다. 다시 시도해 주세요!
TeamsTeamDescriptionInvalidErrorMessage	0	Team description is invalid.	Takım açıklaması geçersiz.	De teamomschrijving is ongeldig.	Die Team-Beschreibung ist ungültig.	La description de l'équipe est invalide.	La descrizione del team non è valida.	A descrição da equipe é inválida.	La descripción del equipo no es válida.	Описание команды недействительно.	チームの説明が無効です。	팀 설명이 유효하지 않습니다.
TeamsTeamExistsErrorMessage	0	Team already exists.	Takım zaten var.	Team bestaat al.	Team existiert bereits.	L'équipe existe déjà.	La squadra esiste già.	A equipe já existe.	El equipo ya existe.	Команда уже существует.	チームはすでに存在します。	팀이 이미 존재합니다.
TeamsTeamNameInvalidErrorMessage	0	Team name is invalid.	Takım adı geçersiz.	Teamnaam is ongeldig.	Teamname ist ungültig.	Le nom de l'équipe est invalide.	Il nome del team non è valido.	O nome da equipe é inválido.	El nombre del equipo no es válido.	Имя команды недопустимо.	チーム名が無効です。	팀 이름이 유효하지 않습니다.
TeamsTeamOpenErrorMessage	0	Team type changed to "Open". Please try again!	Takım türü "Açık" olarak değiştirildi. Lütfen tekrar dene!	Teamtype gewijzigd naar "Open". Probeer het opnieuw!	Teamtyp wurde auf „Offen“ geändert. Bitte versuche es erneut!	Le type d’équipe a été changé en « Ouvert ». Veuillez réessayer !	Il tipo di squadra è stato cambiato in "Aperto". Per favore riprova!	O tipo de equipe foi alterado para "Aberto". Por favor, tente novamente!	El tipo de equipo se cambió a "Abierto". ¡Por favor, inténtalo de nuevo!	Тип команды изменен на «Открытая». Пожалуйста, попробуйте еще раз!	チームタイプが「オープン」に変更されました。もう一度お試しください！	팀 유형이 "공개"로 변경되었습니다. 다시 시도해 주세요!
TeamsTitle	0	Teams	Takımlar	Teams	Teams	Équipes	Squadre	Equipes	Equipos	Команды	チーム	팀들
TeamsUnexpectedErrorMessage	0	An unexpected error occurred.	Beklenmedik bir hata meydana geldi.	Er is een onverwachte fout opgetreden.	Ein unerwarteter Fehler ist aufgetreten.	Une erreur inattendue s'est produite.	Si è verificato un errore imprevisto.	Um erro inesperado ocorreu.	Ocurrió un error inesperado.	Произошла непредвиденная ошибка.	予期しないエラーが発生しました。	예기치 않은 오류가 발생했습니다.
TeamsUnknownErrorMessage	0	An unknown error occurred. Please try again later.	Bilinmeyen bir hata oluştu. Lütfen daha sonra tekrar deneyin.	Er is een onbekende fout opgetreden. Probeer het later opnieuw.	Ein unbekannter Fehler ist aufgetreten. Bitte versuchen Sie es später erneut.	Une erreur inconnue s'est produite. Veuillez réessayer plus tard.	Si è verificato un errore sconosciuto. Riprova più tardi.	Um erro desconhecido ocorreu. Por favor, tente novamente mais tarde.	Ocurrió un error desconocido. Por favor, inténtalo de nuevo más tarde.	Произошла неизвестная ошибка. Пожалуйста, попробуйте позже.	不明なエラーが発生しました。しばらくしてからもう一度お試しください。	알 수 없는 오류가 발생했습니다. 나중에 다시 시도해 주세요.
TeamsUnlock	0	Teams unlocks at level {0}!	Takımlar {0}. seviyede açılır!	Teams worden ontgrendeld op niveau {0}!	Teams werden auf Stufe {0} freigeschaltet!	Les équipes se débloquent au niveau {0} !	Le squadre si sbloccano al livello {0}!	As equipes são desbloqueadas no nível {0}!	¡Los equipos se desbloquean en el nivel {0}!	Команды открываются на уровне {0}!	チームはレベル{0}でアンロックされます！	팀은 {0}레벨에서 잠금 해제됩니다!
TeamsUserAlreadyInTeamErrorMessage	0	You're already in a team.	Zaten bir takımdasınız.	Je zit al in een team.	Du bist bereits in einem Team.	Vous êtes déjà dans une équipe.	Sei già in una squadra.	Você já está em uma equipe.	Ya estás en un equipo.	Вы уже в команде.	チームに既に所属しています。	당신은 이미 팀에 속해 있습니다.
TeamsUserBannedFromThisTeamErrorMessage	0	You have banned from this team.	Bu takımdan atıldın.	Je bent verbannen uit dit team.	Du wurdest aus diesem Team verbannt.	Tu as été banni de cette équipe.	Sei stato bannato da questa squadra.	Você foi banido deste time.	Has sido expulsado de este equipo.	Вы были забанены в этой команде.	あなたはこのチームから追放されました。	이 팀에서 추방당했습니다.
TeamsUserNotEligibleForOperation	0	You are not eligible for this operation.	Bu işlem için uygun değilsiniz.	U komt niet in aanmerking voor deze operatie.	Du bist nicht berechtigt für diese Operation.	Vous n'êtes pas éligible pour cette opération.	Non sei idoneo per questa operazione.	Você não tem permissão para esta operação.	No eres elegible para esta operación.	Вы не имеете права на выполнение этой операции.	この操作を行う資格がありません。	이 작업을 수행할 수 있는 자격이 없습니다.
TeamsUserNotExistsErrorMessage	0	User does not exist.	Kullanıcı mevcut değil.	Gebruiker bestaat niet.	Benutzer existiert nicht.	L'utilisateur n'existe pas.	L'utente non esiste.	O usuário não existe.	El usuario no existe.	Пользователь не существует.	ユーザーが存在しません。	사용자가 존재하지 않습니다.
TeamsUserNotMemberOfTeamErrorMessage	0	User is not member of this team.	Kullanıcı bu takımın üyesi değil.	De gebruiker is geen lid van dit team.	Der Benutzer ist kein Mitglied dieses Teams.	L’utilisateur n’est pas membre de cette équipe.	L’utente non è membro di questa squadra.	O usuário não é membro desta equipe.	El usuario no es miembro de este equipo.	Пользователь не является участником этой команды.	ユーザーはこのチームのメンバーではありません。	사용자는 이 팀의 멤버가 아닙니다.
TeamsView	0	View	Görüntüle	Bekijken	Ansehen	Afficher	Visualizza	Visualizar	Ver	Просмотр	表示	보기
TeamsViewProfile	0	View \nProfile	Profil \nGörüntüle	Bekijk  \nProfiel	Anzeigen  \nProfil	Afficher  \nProfil	Visualizza  \nProfilo	Visualizar  \nPerfil	Ver  \nPerfil	Посмотреть\nПрофиль	プロフィール  \n表示	프로필 보기
TeamsYouCantHelp	0	You’ve already helped with this request.	Bu isteğe zaten yardım ettin.	Je hebt al met dit verzoek geholpen.	Du hast bei dieser Anfrage schon geholfen.	Tu as déjà aidé à cette demande.	Hai già aiutato con questa richiesta.	Você já ajudou com esta solicitação.	Ya has ayudado con esta solicitud.	Ты уже помог с этим запросом.	このリクエストにはすでに対応しました。	이미 이 요청을 도왔습니다.
Terms	0	Terms	Koşullar	Voorwaarden	Bedingungen	Termes	Termini	Termos	Términos	Условия	利用規約	이용 약관
ThemeCompleted	0	Theme Completed!	Tema Tamamlandı!	Thema Voltooid!	Thema Abgeschlossen!	Thème Terminé !	Tema Completato!	Tema Concluído!	¡Tema Completado!	Тема Завершена!	テーマ達成！	테마 완성!
Token	0	Token	Jeton	Token	Token	Jeton	Gettone	Token	Token	Жетон	トークン	토큰
Top	0	Top	Üst	Bovenkant	Oben	Haut	Titolo	Topo	Superior	Верх	トップ	탑
TotalFreeLives	0	Total Free Lives:	Toplam Bedava Can:	Totaal gratis levens:	Gesamte kostenlose Leben:	Nombre total de vies gratuites :	Vite gratuite totali:	Total de vidas grátis:	Vidas gratis totales:	Всего бесплатных жизней:	合計無料ライフ：	총 무료 목숨:
TreasureDrillInfoPopupStep1	0	Win Levels!	Bölümleri Kazanın!	Win Niveau's!	Gewinne Level!	Gagnez des niveaux !	Vinci Livelli!	Ganhe Níveis!	¡Gana Niveles!	Выигрывайте уровни!	レベルをクリアしよう！	레벨을 클리어하세요!
TreasureDrillInfoPopupStep2	0	Drill the targets	Hedefleri del	Boor de doelen	Bohr die Ziele	Percez les cibles	Perfora i bersagli	Perfure os alvos	Taladra los objetivos	Просверлите цели	ターゲットをドリルで壊す	대상을 드릴하세요
TreasureDrillInfoPopupStep3	0	Win amazing rewards!	Harika ödüller kazanın!	Win geweldige beloningen!	Gewinne fantastische Belohnungen!	Gagnez des récompenses incroyables !	Vinci premi straordinari!	Ganhe recompensas incríveis!	¡Gana recompensas increíbles!	Выигрывайте потрясающие награды!	素晴らしい報酬を獲得しよう！	놀라운 보상을 획득하세요!
TreasureDrillInfoPopupWarn	0	Beat more levels, for bigger rewards!	Daha büyük ödüller için daha fazla bölümü geç!	Versla meer levels voor grotere beloningen!	Schließe mehr Level ab, für größere Belohnungen!	Battez plus de niveaux pour obtenir de plus grandes récompenses !	Supera più livelli per ottenere ricompense maggiori!	Complete mais níveis para obter recompensas maiores!	¡Supera más niveles para obtener recompensas mayores!	Проходите больше уровней, чтобы получить больше наград!	もっと多くのレベルをクリアして、さらに大きな報酬を手に入れよう！	더 많은 레벨을 클리어하고, 더 큰 보상을 획득하세요!
TreasureDrillLevelTask	0	Win {0} Levels!	{0} Bölüm Kazan!	Win {0} levels!	Gewinne {0} Level!	Gagnez {0} niveaux !	Vinci {0} livelli!	Vença {0} níveis!	¡Gana {0} niveles!	Выиграйте {0} уровней!	{0}レベルに勝利しよう！	{0} 레벨을 승리하세요!
TreasureDrillPromotionText	0	Activate to unlock Treasure Drill!	Hazine Matkabını açmak için etkinleştir!	Activeer om de Schatboor te ontgrendelen!	Aktiviere, um den Schatzbohrer freizuschalten!	Activez pour débloquer la Foreuse au Trésor !	Attiva per sbloccare il Tesoro Trapano!	Ative para desbloquear a Broca do Tesouro!	¡Activa para desbloquear el Taladro del Tesoro!	Активируйте, чтобы открыть Сокровищное Бурение!	アクティブにしてTreasure Drillを解除しよう！	보물을 찾는 드릴을 잠금 해제하려면 활성화하세요!
TreasureDrillTitle	0	TREASURE DRILL	HAZINE MATKABI	SCHATBOREN	SCHATZBOHRER	TRÉSOR DE PERCÉE	TRIVELLA DEL TESORO	BROCA DO TESOURO	TALADRO DEL TESORO	СОКРОВИЩНОЕ БУРЕНИЕ	宝物ドリル	보물 드릴
TreasureDrillUnlockInfo	0	Activate Treasure Drill!	Hazine Matkabını Aktive Et!	Activeer de Schatboor!	Aktiviere den Schatzbohrer!	Activez le Trésor Foreuse !	Attiva la Trivella del Tesoro!	Ative a Broca do Tesouro!	¡Activa el Taladro del Tesoro!	Активируйте Сокровищное Бурение!	宝物ドリルを起動！	보물 드릴을 활성화하세요!
TreasureDrillAfterPurchaseText	0	Tap to collect rewards!	Ödülleri toplamak için dokunun!	Tik om de beloningen te verzamelen!	Tippe, um Belohnungen zu sammeln!	Appuyez pour collecter les récompenses !	Tocca per raccogliere le ricompense!	Toque para coletar recompensas!	¡Toca para recoger las recompensas!	Нажмите, чтобы собрать награды!	タップして報酬を集めよう！	보상을 받으려면 탭하세요!
TreasureDrillProgressInfo	0	Win levels to progress	İlerlemek için bölümleri kazanın	Voltooi levels om vooruitgang te boeken.	Gewinne Level, um Fortschritte zu machen.	Gagnez des niveaux pour progresser	Vinci i livelli per progredire	Ganhe níveis para progredir	Gana niveles para avanzar	Выигрывайте уровни, чтобы продвигаться вперёд.	レベルをクリアして進めてください。	레벨을 완료하여 진행하세요.
TreasureDrillActivateAndProgressInfo	0	Activate Treasure Drill and win levels to progress!	Hazine Matkabını etkinleştir ve ilerlemek için seviyeleri kazan!	Activeer de Schatkistboor en win niveaus om te vorderen!	Aktiviere den Schatzbohrer und gewinne Level, um voranzuschreiten!	Activez le Trésor Drill et gagnez des niveaux pour progresser !	Attiva il TesoroTrivella e vinci i livelli per progredire!	Ative a Broca do Tesouro e vença níveis para progredir!	¡Activa el Taladro del Tesoro y completa niveles para avanzar!	Активируйте Сокровищное Бурение и выигрывайте уровни, чтобы продвигаться вперёд!	宝物ドリルを起動し、レベルをクリアして進む！	보물 드릴을 활성화하고 레벨을 완료하여 진행하세요!
TryAgain	0	Try Again	Yeniden Dene	Probeer Opnieuw	Erneut versuchen	Réessayer	Riprova	Tente Novamente	Intentar de nuevo	Попробуйте снова	もう一度お試しください	다시 시도하십시오
TryAgainPopupInfo	0	Level Failed!	Seviye Başarısız Oldu!	Niveau Mislukt!	Level gescheitert!	Niveau échoué !	Livello Fallito!	Nível Falhado!	¡Nivel fallido!	Уровень не пройден!	レベル失敗！	레벨 실패!
UnderwaterTreasures	0	Underwater Treasures	Su Altı Hazineleri	Onderwater Schatten	Unterwasser-Schätze	Trésors Sous-marins	Tesori Sottomarini	Tesouros Subaquáticos	Tesoros Submarinos	Подводные сокровища	水中の宝物	수중 보물
UnderwaterTreasuresRewards	0	Underwater Treasures Rewards	Su Altı Hazineleri Ödülleri	Onderwater Schatten Beloningen	Unterwassert-Schätze-Belohnungen	Récompenses des Trésors Sous-Marins	Ricompense Tesori Sottomarini	Recompensas de Tesouros Subaquáticos	Recompensas de Tesoros Submarinos	Награды Подводных Сокровищ	水中の宝物報酬	수중 보물 보상
Unequip	0	Unequip	Çıkar	Afnemen	Ablegen	Déséquiper	Rimuovi	Desequipar	Desequipar	Снять	装備解除	해제
Unlocked!	0	Unlocked!	Açıldı!	Vrijgespeeld!	Freigeschaltet!	Débloqué !	Sbloccato!	Desbloqueado!	¡Desbloqueado!	Открыто!	アンロックされました！	잠금 해제!
UpdateAvailable	0	Update Available!	Güncelleme Mevcut!	Update beschikbaar!	Update verfügbar!	Mise à jour disponible !	Aggiornamento disponibile!	Atualização disponível!	¡Actualización disponible!	Доступно обновление!	アップデートがあります！	업데이트가 있습니다!
UpdateDescription	0	A new version of the game is available. Please update to continue playing.	Oyunun yeni bir sürümü mevcut. Devam etmek için lütfen güncelle.	Er is een nieuwe versie van het spel beschikbaar. Werk bij om verder te spelen.	Eine neue Version des Spiels ist verfügbar. Bitte aktualisiere, um weiterzuspielen.	Une nouvelle version du jeu est disponible. Veuillez mettre à jour pour continuer à jouer.	È disponibile una nuova versione del gioco. Aggiorna per continuare a giocare.	Uma nova versão do jogo está disponível. Atualize para continuar jogando.	Hay una nueva versión del juego disponible. Actualiza para seguir jugando.	Доступна новая версия игры. Пожалуйста, обновите, чтобы продолжить игру.	新しいバージョンのゲームがあります。続けるにはアップデートしてください。	게임의 새 버전이 있습니다. 계속하려면 업데이트하세요.
UpdateNow	0	Update Now	Şimdi Güncelle	Nu bijwerken	Jetzt aktualisieren	Mettre à jour maintenant	Aggiorna ora	Atualizar agora	Actualizar ahora	Обновить сейчас	今すぐアップデート	지금 업데이트
UpdateRequiredTitle	0	Update Required!	Güncelleme Gerekli!	Update vereist!	Update erforderlich!	Mise à jour requise !	Aggiornamento richiesto!	Atualização necessária!	¡Actualización requerida!	Требуется обновление!	アップデートが必要です！	업데이트가 필요합니다!
UpdateSoftDescription	0	There’s a new version available in the store. Update now to unlock the latest features.	Mağazada yeni bir sürüm mevcut. En son özelliklerin kilidini açmak için şimdi güncelle.	Er is een nieuwe versie beschikbaar in de store. Werk nu bij om de nieuwste functies te ontgrendelen.	Im Store ist eine neue Version verfügbar. Aktualisiere jetzt, um die neuesten Funktionen freizuschalten.	Une nouvelle version est disponible dans le store. Mettez à jour maintenant pour débloquer les dernières fonctionnalités.	È disponibile una nuova versione nello store. Aggiorna ora per sbloccare le ultime funzionalità.	Há uma nova versão disponível na loja. Atualize agora para desbloquear os recursos mais recentes.	Hay una nueva versión disponible en la tienda. Actualiza ahora para desbloquear las últimas funciones.	В магазине доступна новая версия. Обновите сейчас, чтобы открыть новые функции.	ストアに新しいバージョンがあります。最新機能をアンロックするには今すぐアップデートしてください。	스토어에 새 버전이 있습니다. 최신 기능을 사용하려면 지금 업데이트하세요.
UseUpper	0	USE	KULLAN	GEBRUIKEN	VERWENDEN	UTILISER	USARE	USAR	USAR	ИСПОЛЬЗОВАТЬ	使用	사용
UserBannedDescription	0	You have been banned.	Uzaklaştırıldın.	Je bent verbannen.	Du wurdest gesperrt.	Tu as été banni.	Sei stato bannato.	Você foi banido.	Has sido expulsado.	Ты был заблокирован.	あなたは追放されました。	당신은 차단되었습니다.
UserBannedTitle	0	Banned!	Uzaklaştırma!	Geband!	Gesperrt!	Banni!	Bannato!	Banido!	¡Prohibido!	Заблокирован!	禁止！	차단됨!
Video	0	VIDEO	VİDEO	VIDEO	VIDEO	VIDÉO	VIDEO	VÍDEO	VIDEO	ВИДЕО	ビデオ	비디오
Videos	0	VIDEOS	VİDEOLAR	VIDEO'S	VIDEOS	VIDÉOS	VIDEO	VÍDEOS	VIDEOS	ВИДЕО	ビデオ	비디오
Warning	0	Warning	Uyarı	Waarschuwing	Warnung	Avertissement	Avvertenza	Aviso	Advertencia	Предупреждение	警告	경고
Watch	0	Watch	İzle	Bekijken	Ansehen	Regarder	Guarda	Assistir	Mirar	Смотреть	見る	시청
Watch!	0	Watch!	İzle!	Kijk!	Sehen!	Regardez !	Guarda!	Assista!	¡Mira!	Смотри!	見て！	보세요!
Watch&Win!	0	Watch&Win!	İzle ve Kazan!	Kijk&Win!	Schau & Gewinne!	Regarde & Gagne !	Guarda&Vinci!	Assista e Ganhe!	¡Mira y Gana!	Смотри и выигрывай!	見て勝とう！	관람하고 승리하세요!
Weekly	0	Weekly	Haftalık	Wekelijks	Wöchentlich	Hebdomadaire	Settimanale	Semanalmente	Semanal	Еженедельно	週間	주간
WeeklyCup	0	Weekly Cup	Haftalık Kupa	Wekelijkse Beker	Wöchentlicher Pokal	Coupe Hebdomadaire	Coppa Settimanale	Copa Semanal	Copa Semanal	Еженедельный Кубок	ウィークリーカップ	주간 컵
WeeklyCupInfoPopupStep1	0	Beat levels!	Bölümleri geç!	Voltooi levels!	Schließe Levels ab!	Bats les niveaux !	Supera i livelli!	Conquiste os níveis!	¡Supera niveles!	Пройди уровни!	レベルをクリアしよう！	레벨을 클리어하세요!
WeeklyCupInfoPopupStep2	0	Take the lead!	Öne geç!	Neem de leiding!	Übernimm die Führung!	Prenez la tête !	Prendi il comando!	Assuma a liderança!	¡Toma la delantera!	Возьмите инициативу!	リードを取ろう！	선두에 서세요!
WeeklyCupInfoPopupStep3	0	Earn rewards!	Ödüller kazan!	Verdien beloningen!	Belohnungen verdienen!	Gagnez des récompenses !	Guadagna ricompense!	Ganhe recompensas!	¡Gana recompensas!	Заработайте награды!	報酬を獲得しよう！	보상을 획득하세요!
WelcomeBackTitle	0	Welcome Back	Tekrar Hoş Geldiniz	Welkom terug	Willkommen zurück	Bienvenue à nouveau	Bentornato	Bem-vindo de volta	Bienvenido de nuevo	Добро пожаловать обратно	おかえりなさい	돌아오신 것을 환영합니다
Welldone!	0	Welldone!	Eline sağlık!	Goed gedaan!	Gut gemacht!	Bien joué !	Ben fatto!	Bem feito!	¡Bien hecho!	Молодец!	よくできました!	잘했어요!
WheelOfFortuneFinished	0	Wheel of Fortune has finished!	Şans Çarkı tamamlandı!	Het Rad van Fortuin is afgelopen!	Das Glücksrad ist beendet!	La Roue de la Fortune est terminée !	La Ruota della Fortuna è terminata!	A Roda da Fortuna terminou!	¡La Rueda de la Fortuna ha terminado!	Колесо Фортуны завершено!	運命の輪が終了しました！	행운의 룰렛이 종료되었습니다!
WheelOfFortuneInfoPopUpStep1	0	<color=#F7BC0F>Complete</color> tasks to get Fortune Tokens!	<color=#F7BC0F>Görevleri tamamla</color> ve Şans Jetonları kazan!	<color=#F7BC0F>Voltooi</color> taken om Fortune Tokens te krijgen!	<color=#F7BC0F>Schließe</color> Aufgaben ab, um Glückstokens zu erhalten!	<color=#F7BC0F>Complétez</color> des tâches pour obtenir des jetons de Fortune !	<color=#F7BC0F>Completa</color> i compiti per ottenere i Gettoni della Fortuna!	<color=#F7BC0F>Complete</color> as tarefas para obter Fichas de Fortuna!	¡<color=#F7BC0F>Completa</color> tareas para obtener Fichas de la Fortuna!	<color=#F7BC0F>Выполняйте</color> задания, чтобы получить Жетоны Удачи!	<color=#F7BC0F>タスクを完了</color>してフォーチュン トークンを手に入れよう！	<color=#F7BC0F>완료</color> 작업을 통해 행운 토큰을 획득하세요!
WheelOfFortuneInfoPopUpStep2	0	<color=#F7BC0F>Collect</color>  Fortune Tokens!	<color=#F7BC0F>Şans Jetonları</color> topla!	<color=#F7BC0F>Verzamel</color> Fortune Tokens!	<color=#F7BC0F>Sammle</color> Glücksmarken!	<color=#F7BC0F>Collectez</color> des jetons de fortune !	<color=#F7BC0F>Colleziona</color> Gettoni della Fortuna!	<color=#F7BC0F>Colete</color> Fichas da Fortuna!	<color=#F7BC0F>¡Colecciona</color> Fichas de la Fortuna!	<color=#F7BC0F>Соберите</color> фортунные токены!	<color=#F7BC0F>フォーチュントークン</color>を集めよう！	<color=#F7BC0F>행운 토큰</color>을 모으세요!
WheelOfFortuneInfoPopUpStep3	0	<color=#F7BC0F>Spin</color> the wheels with Fortune Tokens!	Çarkları Şans Jetonları ile <color=#F7BC0F>çevir</color>	<color=#F7BC0F>Draai</color> aan de wielen met Fortune Tokens!	<color=#F7BC0F>Drehe</color> die Räder mit Glücks-Token!	<color=#F7BC0F>Faites tourner</color> les roues avec des Jetons de Fortune !	<color=#F7BC0F>Gira</color> le ruote con i Gettoni della Fortuna!	<color=#F7BC0F>Gire</color> as rodas com Tokens da Fortuna!	¡<color=#F7BC0F>Gira</color> las ruedas con Tokens de la Fortuna!	<color=#F7BC0F>Крути</color> колёса с Фортуна-токенами!	<color=#F7BC0F>フォーチュン トークン</color>でホイールを回そう！	<color=#F7BC0F>돌리기</color> 운세 토큰으로 바퀴를!
WheelOfFortuneInfoPopUpStep4	0	<color=#F7BC0F>Unlock</color> next wheel for greater prizes!	<color=#F7BC0F>Sonraki</color> çarkı açarak daha büyük ödülleri kazan!	<color=#F7BC0F>Ontgrendel</color> het volgende wiel voor grotere prijzen!	<color=#F7BC0F>Schalte</color> das nächste Rad frei für noch größere Gewinne!	<color=#F7BC0F>Déverrouiller</color> la prochaine roue pour obtenir de plus grandes récompenses !	<color=#F7BC0F>Sblocca</color> la prossima ruota per premi più grandi!	<color=#F7BC0F>Desbloqueie</color> a próxima roda para prêmios maiores!	<color=#F7BC0F>Desbloquea</color> la siguiente rueda para obtener premios aún mayores.	<color=#F7BC0F>Откройте</color> следующее колесо, чтобы получить более крупные награды!	<color=#F7BC0F>次のホイールをアンロックして</color>、さらに豪華な賞品を手に入れよう！	<color=#F7BC0F>잠금 해제</color> 다음 휠에서 더 큰 보상을 받으세요!
WheelOfFortuneClaimedInfo	0	You already completed this stage!	Bu aşamayı zaten tamamladınız!	Je hebt deze fase al voltooid!	Du hast diese Stufe bereits abgeschlossen!	Vous avez déjà terminé ce niveau !	Hai già completato questo livello!	Você já completou esta fase!	¡Ya completaste este nivel!	Вы уже завершили этот уровень!	このステージはすでにクリアしました！	이 단계를 이미 완료하셨습니다!
WheelOfFortuneStayPopUpInfo	0	If you quit now, you will lose your active spins!	Eğer şimdi çıkarsanız, aktif çevirimlerinizi kaybedeceksiniz!	Als je nu stopt, verlies je je actieve draaien!	Wenn du jetzt aufhörst, verlierst du deine aktiven Drehungen!	Si vous quittez maintenant, vous perdrez vos tours actifs !	Se abbandoni ora, perderai i tuoi giri attivi!	Se você sair agora, perderá suas rodadas ativas!	Si sales ahora, ¡perderás tus giros activos!	Если вы выйдете сейчас, вы потеряете свои активные вращения!	今やめると、現在のスピンが失われます！	지금 종료하면, 활성화된 스핀을 잃게 됩니다!
WheelOfFortuneTitle	0	Wheel Of Fortune	Şans Çarkı	Rad Van Fortuin	Rad Des Schicksals	Titre De La Roue De Fortune	Ruota Della Fortuna	Roda Da Fortuna	Ruleta De La Fortuna	Колесо Фортуны	運命の輪	운명의 수레바퀴
WheelOfFortuneLockedInfo	0	Complete previous stages to unlock!	Önceki aşamaları tamamlayarak kilidi açın!	Voltooi de voorgaande levels om deze te ontgrendelen!	Vervollständige die vorherigen Level, um sie freizuschalten!	Terminez les niveaux précédents pour débloquer !	Completa le fasi precedenti per sbloccare!	Complete os estágios anteriores para desbloquear!	¡Completa las etapas previas para desbloquear!	Завершите предыдущие этапы, чтобы разблокировать!	以前のステージをクリアしてロックを解除しましょう！	이전 스테이지를 완료하여 잠금을 해제하세요!
WheelOfFortuneGetFortuneTokens	0	You do not have enough Fortune Tokens!	Yeterli Şans Jetonunuz yok!	Je hebt niet genoeg Fortuin Tokens!	Du hast nicht genug Glücksmarken!	Vous n'avez pas assez de Jetons de Fortune !	Non hai abbastanza Gettoni Fortune!	Você não tem Fichas da Fortuna suficientes!	¡No tienes suficientes Fichas de Fortuna!	У вас недостаточно Жетонов Удачи!	フォーチュントークンが足りません！	행운 토큰이 부족합니다!
WheelOfFortuneRegularLevelTaskDescription	0	Win 1 Regular Level!	1 Normal Seviye Kazan!	Win 1 Normaal Level!	Gewinne 1 reguläres Level!	Gagnez 1 niveau régulier !	Vinci 1 livello regolare!	Vença 1 Nível Regular!	¡Gana 1 nivel regular!	Выиграйте 1 обычный уровень!	1つの通常レベルをクリアしよう！	일반 레벨에서 1회 승리하세요!
WheelOfFortuneRegularLevelTaskDescriptionPlural	0	Win {0} Regular Levels!	{0} Normal Seviyeyi Kazan!	Win {0} reguliere levels!	Gewinne {0} reguläre Level!	Remporte {0} niveaux réguliers !	Vinci {0} Livelli Regolari!	Complete {0} Níveis Regulares!	¡Gana {0} Niveles Regulares!	Выиграйте {0} обычных уровней!	{0}個の通常レベルに勝利しよう！	일반 레벨 {0}개를 완료하세요!
WheelOfFortuneHardLevelTaskDescription	0	Win 1 Hard Level!	1 Zor Seviye Kazanın!	Win 1 Moeilijk Level!	Gewinne 1 schweres Level!	Remportez 1 niveau difficile !	Vinci 1 livello difficile!	Vença 1 Nível Difícil!	¡Gana 1 nivel difícil!	Выиграйте 1 сложный уровень!	ハードレベルを1回クリアしよう！	어려운 레벨 1개를 클리어하세요!
WheelOfFortuneHardLevelTaskDescriptionPlural	0	Win {0} Hard Levels!	{0} Zor Seviye Kazanın!	Win {0} Moeilijke Levels!	Gewinne {0} schwere Level!	Gagnez {0} niveaux difficiles !	Vinci {0} Livelli Difficili!	Vença {0} níveis difíceis!	¡Gana {0} Niveles Difíciles!	Выиграйте {0} сложных уровней!	{0} のハードレベルに勝利しよう！	{0}개의 어려운 레벨에서 승리하세요!
WheelOfFortuneBoatRushTaskDescription	0	Complete Boat Rush Stage 1!	Tekne Yarışı 1. Aşamasını tamamla!	Voltooi Bootrace Fase 1!	Schließe Stufe 1 von Boot Rush ab!	Terminez le niveau 1 de Boat Rush !	Completa la Fase 1 di Boat Rush!	Complete o Estágio 1 de Boat Rush!	¡Completa la Etapa 1 de Boat Rush!	Пройдите этап 1 Boat Rush!	ボートラッシュステージ1をクリアしよう！	보트 러시 1단계를 완료하세요!
WheelOfFortuneBoatRushTaskDescriptionPlural	0	Complete Boat Rush Stage {0}!	Tekne Yarışı Aşaması {0}'i tamamla!	Voltooi Fase {0} van Boat Rush!	Vervollständige die Boot-Rush-Stufe {0}!	Complète l'étape {0} de Boat Rush !	Completa la Fase {0} di Boat Rush!	Complete a Fase {0} de Corrida de Barcos!	¡Completa la etapa {0} de Boat Rush!	Пройди этап Boat Rush {0}!	ボートラッシュステージ{0}をクリアしよう！	보트 돌진 단계 {0} 완료!
WheelOfFortuneMergeTaskDescription	0	Reach Stage 1 in Merge Bakery!	Merge Bakery'de Aşama 1'e ulaş!	Bereik Fase 1 in Merge Bakery!	Erreiche Stufe 1 in der Merge-Bäckerei!	Atteignez l'Étape 1 dans Merge Bakery !	Raggiungi il Livello 1 in Merge Bakery!	Alcance o Estágio 1 na Fusão de Padaria!	¡Alcanza la Etapa 1 en Merge Bakery!	Достигните этапа 1 в Бакалейной слиянии!	マージベーカリーでステージ1に到達しよう！	병합 베이커리에서 스테이지 1에 도달하세요!
WheelOfFortuneMergeTaskDescriptionPlural	0	Reach Stage {0} in Merge Bakery!	Merge Bakery'de {0}. Aşamaya Ulaş!	Bereik Fase {0} in Merge Bakery!	Erreiche Stufe {0} in Zusammenführungsbäckerei!	Atteignez la scène {0} dans Merge Bakery!	Raggiungi il livello {0} in Merge Bakery!	Alcance a Fase {0} em Padeiro de Mesclagem!	¡Alcanza la Etapa {0} en Merge Bakery!	Достигните уровня {0} в Merge Bakery!	マージベーカリーでステージ{0}に到達しよう！	Merge Bakery에서 스테이지 {0}에 도달하세요!
WheelOfFortuneWinStreakTaskDescription	0	Complete 1 Level without lose!	Kaybetmeden 1 Seviye tamamla!	Voltooi 1 level zonder te verliezen!	Schließe 1 Level ab, ohne zu verlieren!	Terminez 1 niveau sans perdre !	Completa 1 livello senza perdere!	Complete 1 nível sem perder!	¡Completa 1 nivel sin perder!	Завершите 1 уровень без поражения!	1レベルを失わずにクリアしよう！	레벨 1개를 패배 없이 완료하세요!
WheelOfFortuneWinStreakTaskDescriptionPlural	0	Complete {0} Levels without lose!	{0} seviyeyi kaybetmeden tamamla!	Voltooi {0} levels zonder te verliezen!	Schließe {0} Levels ab, ohne zu verlieren!	Complète {0} niveaux sans perdre !	Completa {0} livelli senza perdere!	Complete {0} níveis sem perder!	¡Completa {0} niveles sin perder!	Пройдите {0} уровней без поражения!	{0}レベルを失敗せずにクリアしよう！	{0} 레벨을 패배 없이 완료하세요!
WheelOfFortuneProbabilityInfo	0	Probability Disclosure	Olasılık Açıklaması	Waarschijnlijkheidsopenbaring	Wahrscheinlichkeitsangaben	Divulgation des probabilités	Divulgazione della Probabilità	Divulgação de Probabilidade	Divulgación de Probabilidades	Раскрытие Вероятности	確率の開示	확률 공개
ProbabilitiesHeader	0	Probabilities	Olasılıklar	Waarschijnlijkheden	Wahrscheinlichkeiten	Probabilités	Probabilità	Probabilidades	Probabilidades	Вероятности	確率	확률
Wonderful!	0	Wonderful!	Harika!	Geweldig!	Wunderbar!	Merveilleux !	Meraviglioso!	Maravilha!	¡Maravilloso!	Замечательно!	素晴らしい！	훌륭해요!
World	0	World	Dünya	Wereld	Welt	Monde	Mondo	Mundo	Mundo	Мир	ワールド	세계
True	0	True	Evet	Ja	Ja	Oui	Sì	Sim	Sí	Да	はい	네
You have no requests	0	You have no request	İsteğiniz yok	Je hebt geen verzoeken.	Du hast keine Anfragen.	Vous n'avez aucune demande.	Non hai richieste.	Não há solicitações.	No tienes solicitudes.	У вас нет запросов	リクエストはありません。	요청이 없습니다.
YouHave	0	You have	Sahipsin	Je hebt	Du hast	Tu as	Hai	Você tem	Tienes	У вас есть	所持	보유중
YourCards	0	Your Cards	Kartların	Je Kaarten	Deine Karten	Vos Cartes	Le Tue Carte	Suas Cartas	Tus Cartas	Ваши Карты	あなたのカード	당신의 카드
YourUnclaimedRewards	0	Your Unclaimed Rewards!	Alınmamış Ödüllerin!	Je Ongeclaimde Beloningen!	Deine nicht beanspruchten Belohnungen!	Vos récompenses non réclamées !	Le tue ricompense non riscattate!	Seus Recompensas Não Reivindicadas!	¡Tus Recompensas No Reclamadas!	Ваши Неотправленные Награды!	獲得していない報酬！	수령하지 않은 보상!
collection_1_token	0	Phoenix Token	Anka Jetonu	Phoenix Token	Phoenix-Token	Jeton Phénix	Gettone Fenice	Token Fênix	Token Fénix	Жетон Феникса	フェニックストークン	피닉스 토큰
collection_1_token_gold	0	Grand Phoenix Token	Büyük Anka Jetonu	Grote Phoenix Token	Großer Phoenix-Token	Grand Jeton Phénix	Grande Gettone Fenice	Grande Token Fênix	Gran Token Fénix	Великий Жетон Феникса	グランドフェニックストークン	그랜드 피닉스 토큰
collection_2_token	0	Snow Globe	Kar Küresi	Sneeuwbol	Schneekugel	Boule à neige	Palla di neve	Globo de neve	Bola de nieve	Снежный шар	スノーグローブ	스노우볼
collection_2_token_gold	0	Grand Snow Globe	Büyük Kar Küresi	Grote Sneeuwbol	Große Schneekugel	Grande Boule à neige	Grande Palla di neve	Grande Globo de neve	Gran Bola de nieve	Большой Снежный шар	大きなスノーグローブ	큰 스노우볼
collection_3_token	0	Acorn Token	Meşe Palamudu Jetonu	Eikeltje Token	Eichel-Token	Jeton Gland	Gettone Acorn	Ficha de Bolota	Ficha de Bellota	Желудевый Токен	どんぐりトークン	도토리 토큰
collection_3_token_gold	0	Grand Acorn Token	Büyük Meşe Palamudu Jetonu	Grote Eikel Token	Große Eichel-Marke	Jeton Grand Gland	Gettone Grand Acorn	Ficha de Grande Bolota	Ficha de Bellota Grandiosa	Жетон "Большой желудь"	大きなドングリトークン	그랜드 에이콘 토큰
collection_4_token	0	Summer Badge	Yaz Rozeti	Zomerbadge	Sommerabzeichen	Insigne d'Été	Distintivo Estivo	Insígnia de Verão	Insignia de Verano	Летний Значок	夏のバッジ	여름 배지
collection_4_token_gold	0	Grand Summer Badge	Büyük Yaz Rozeti	Grote Zomer Badge	Großes Sommerabzeichen	Insigne Grand Été	Distintivo Grande Estate	Insígnia Grande de Verão	Insignia de Verano Grandioso	Большой Летний Значок	グランドサマーバッジ	그랜드 여름 배지
collection_5_token	0	Wonderland Badge	Lunapark Rozeti	Wonderland Badge	Wonderland-Abzeichen	Insigne Wonderland	Distintivo Wonderland	Distintivo de Wonderland	Insignia de Wonderland	Знак «Страна чудес»	不思議の国のバッジ	원더랜드 배지
collection_5_token_gold	0	Grand Wonderland Badge	Büyük Lunaparkı Rozeti	Groot Wonderland Badge	Abzeichen des Großen Wunderlandes	Insigne Grand Wonderland	Distintivo Grande Wonderland	Emblema da Grande Terra das Maravilhas	Insignia del Gran País de las Maravillas	Знак Великого Чудесного Мира	グランドワンダーランドバッジ	그랜드 원더랜드 배지
collection_card_1_theme_1	0	Mossy Rocks	Yosunlu Kayalar	Mossige Rotsen	Moosige Felsen	Rochers Moussus	Rocce Muschiose	Rochas Musgosas	Rocas Musgosas	Мшистые камни	苔むした岩	이끼 낀 바위
collection_card_1_theme_10	0	Sun Rays	Güneş Işınları	Zonnestralen	Sonnenstrahlen	Rayons de soleil	Raggi di Sole	Raios de Sol	Rayos de Sol	Солнечные лучи	太陽の光	태양 광선
collection_card_1_theme_11	0	Lemonade	Limonata	Limonade	Limonade	Limonade	Limonata	Limonada	Limonada	Лимонад	レモネード	레모네이드
collection_card_1_theme_12	0	Tulips	Laleler	Tulpen	Tulpen	Tulipes	Tulipani	Tulipas	Tulipanes	Тюльпаны	チューリップ	튤립
collection_card_1_theme_13	0	Wildflowers	Doğal Çiçekler	Wilde Bloemen	Wildblumen	Fleurs sauvages	Fiori selvatici	Flores Silvestres	Flores Silvestres	Дикие цветы	野生の花	야생화
collection_card_1_theme_14	0	First Aid	İlk Yardım	Eerste Hulp	Erste Hilfe	Premiers Secours	Primo Soccorso	Primeiros Socorros	Primeros Auxilios	Первая помощь	応急手当	응급처치
collection_card_1_theme_15	0	Volcano	Yanardağ	Vulkaan	Vulkan	Volcan	Vulcano	Vulcão	Volcán	Вулкан	火山	화산
collection_card_1_theme_2	0	Dune	Kum Tepesi	\nDuin	Düne	Dune	Duna	Duna	Duna	Дюна	デューン	듄
collection_card_1_theme_3	0	Greenhouse	Seralar	Kwekerij	Gewächshaus	Serre	Serra	Estufa	Invernadero	Теплица	温室	온실
collection_card_1_theme_4	0	Entrance	Giriş	Ingang	Eingang	Entrée	Ingresso	Entrada	Entrada	Вход	入口	입구
collection_card_1_theme_5	0	Yoga Mat	Yoga Matı	Yogamat	Yogamatte	Tapis de yoga	Tappetino da Yoga	Tapete de Yoga	Esterilla de Yoga	Коврик для йоги	ヨガマット	요가 매트
collection_card_1_theme_6	0	Seesaw	Tahterevalli	Wip-Wap	Wippe	Bascule	Altalena	Baloiço	Balancín	Качели	シーソー	시소
collection_card_1_theme_7	0	Palm Leaf	Palmiye Yaprağı	Palmblad	Palmenblatt	Feuille de Palmier	Foglia di Palma	Folha de Palma	Hoja de Palma	Пальмовый лист	テキスト:\nヤシの葉	야자수 잎
collection_card_1_theme_8	0	Aurora	Aurora	Aurora	Aurora	Aurora	Aurora	Aurora	Aurora	Аврора	オーロラ	오로라
collection_card_1_theme_9	0	Shore	Kıyı	Kust	Ufer	Rivage	Spiaggia	Costa	Orilla	Берег	海岸	해안
collection_card_2_theme_1	0	Mushrooms	Mantarlar	Paddestoelen	Pilze	Champignons	Funghi	Cogumelos	Hongos	Грибы	キノコ	버섯들
collection_card_2_theme_10	0	Snowflake	Kar Tanesi	Sneeuwvlok	Schneeflocke	Flocon de neige	Fiocco di neve	Floco de Neve	Copos de nieve	Снежинка	スノーフレーク	눈송이
collection_card_2_theme_11	0	Honey	Bal	Honing	Honig	Miel	Miele	Mel	Miel	Мёд	蜂蜜	꿀
collection_card_2_theme_12	0	Wreath	Çelenk	Krans	Kranz	Couronne	Ghirlanda	Grinalda	Guirnalda	Венок	花冠	화환
collection_card_2_theme_13	0	Hay Bale	Saman Bali	Hooibaal	Heuballen	Botte de Foin	Balla di Fieno	Fardo de Feno	Paca de Heno	Сеновал	干し草の俵	건초 더미
collection_card_2_theme_14	0	Raincoat	Yağmurluk	Regenjas	Regenmantel	Imperméable	Impermeabile	Capa de Chuva	Impermeable	Дождевик	レインコート	비옷
collection_card_2_theme_15	0	Pineapple	Ananas	Ananas	Ananas	Ananas	Ananas	Abacaxi	Piña	Ананас	パイナップル	파인애플
collection_card_2_theme_2	0	Rock Hill	Kaya Tepesi	Rotsheuvel	Felsenhügel	Colline Rocheuse	Collina Rocciosa	Colina de Pedra	Colina Rocosa	Рок Хилл	ロックヒル	록 힐
collection_card_2_theme_3	0	Plant	Bitki	Plant	Pflanze	Plante	Pianta	Plantar	Planta	Растение	植える	식물
collection_card_2_theme_4	0	Crystal	Kristal	Kristal	Kristall	Cristal	Cristallo	Cristal	Cristal	Кристалл	クリスタル	크리스탈
collection_card_2_theme_5	0	Matcha	Maça	Matcha	Matcha	Matcha	Matcha	Matcha	Matcha	Матча	マッチャ	말차
collection_card_2_theme_6	0	Balance Board	Denge Tahtası	Evenwichtsbord	Balance Board	Planche d'Équilibre	Tavola di Equilibrio	Tabua de Equilíbrio	Tablero de Equilibrio	Балансировочная доска	バランスボード	균형 보드
collection_card_2_theme_7	0	Clouds	Bulutlar	Wolken	Wolken	Nuages	Nuvole	Nuvens	Nubes	Облака	雲	구름들
collection_card_2_theme_8	0	Night Sky	Gece Gökyüzü	Nachtelijke Hemel	Nacht Himmel	Ciel Nocturne	Cielo Notturno	Ceú Noturno	Cielo Nocturno	Ночное небо	夜空	밤하늘
collection_card_2_theme_9	0	Waves	Dalgalar	Golven	Wellen	Vagues	Onda	Ondas	\nOlas.	Волны	波	파도
collection_card_3_theme_1	0	Roots	Kökler	Wortels	Wurzeln	Racines	Radici	Raízes	Raíces	Корни	ルーツ	뿌리
collection_card_3_theme_10	0	Rainbow	Gökkuşağı	Regenboog	Regenbogen	Arc-en-ciel	Arcobaleno	Arco-íris	Arcoíris	Радуга	レインボー	레인보우
collection_card_3_theme_11	0	Jam	Reçel	Confituur	Marmelade	Confiture	Confettura	Compota	Mermelada	Джем	ジャム	잼
collection_card_3_theme_12	0	Pollen	Polen	Pollen	Pollen	Pollen	Polline	Pólen	Polen	Пыльца	花粉	꽃가루
collection_card_3_theme_13	0	Fence	Çit	Hek	Zaun	Clôture	Recinto	Cerca	Valla	Забор	フェンス	울타리
collection_card_3_theme_14	0	Backpack	Sırt Çantası	Rugzak	Rucksack	Sac à dos	Zaino	Mochila	Mochila	Рюкзак	バックパック	백팩
collection_card_3_theme_15	0	Totem	Totem	Totem	Totem	Totem	Totem	Totem	Tótem	Тотем	トーテム	토템
collection_card_3_theme_2	0	Cactus	Kaktüs	Cactus	Kaktus	Cactus	Cactus	Cacto	Cactus	Кактус	サボテン	선인장
collection_card_3_theme_3	0	Archway	Kemergiriş	Booggang	Bogengang	Arcade	Arco	Arcada	Arco	Арка	アーチウェイ	아치형 길
collection_card_3_theme_4	0	Formations	Formasyonlar	Formaties	Formationen	Formations	Formazioni	Formaciones	Formaciones	Формации	フォーメーション	편대
collection_card_3_theme_5	0	Bowl	Kase	Kom	Schüssel	Bol	Ciotola	Tigela	Cuenco	Чаша	ボウル	볼
collection_card_3_theme_6	0	Hammock	Hamak	Hangmat	Hängematte	Hamac	Amaca	Rede para Dormir	Hamaca	Гамак	ハンモック	해먹
collection_card_3_theme_7	0	Bromeliad	Bromeliad	Bromelia	Bromelie	Broméliacée	Bromelia	Bromélia	Bromelia	Бромелия	ブロメリアード	브로멜리아드
collection_card_3_theme_8	0	Telescope	Teleskop	Telescoop	Teleskop	Télescope	Telescopio	Telescópio	Telescopio	Телескоп	望遠鏡	망원경
collection_card_3_theme_9	0	Drift Boat	Drift Botu	Driftboot	Driftboot	Bateau à Dérive	Barca alla Deriva	Barco à Deriva	Barco a la Deriva	Дрейфующая Лодка	ドリフトボート	드리프트 보트
collection_card_4_theme_1	0	Pathway	Yol	Pad	Pfad	Chemin	Percorso	Caminho	Sendero	Путь	通り道	경로
collection_card_4_theme_10	0	Lightning	Yıldırım	Bliksem	Blitz	Éclair	Fulmine	Raio	Rayo	Молния	稲妻	번개
collection_card_4_theme_11	0	Herbs	Otlar	Kruiden	Kräuter	Herbes	Erbe	Ervas	Hierbas	Травы	ハーブ	약초
collection_card_4_theme_12	0	Egg Basket	Yumurta Sepeti	Eiermandje	Eierkorb	Panier à Œufs	Cestino di Uova	Cesto de Ovos	Canasta de Huevos	Корзина для яиц	卵のバスケット	달걀 바구니
collection_card_4_theme_13	0	Flowers	Çiçekler	Bloemen	Blumen	Fleurs	Fiori	Flores	Flores	Цветы	花	꽃들
collection_card_4_theme_14	0	Torch	Meşale	Toorts	Fackel	Torche	Torcia	Tocha	Antorcha	Факел	トーチ	횃불
collection_card_4_theme_15	0	Hut	Kulübe	Hut	Hütte	Hutte	Capanna	Cabana	Cabaña	Хижина	小屋	오두막
collection_card_4_theme_2	0	Oasis	Oasis	Oase	Oase	Oasis	Oasi	Oasis	Oasis	Оазис	オアシス	오아시스
collection_card_4_theme_3	0	Shrub	Çalı	Struik	Strauch	Arbuste	Arbusto	Arbusto	Arbusto	Куст	低木	관목
collection_card_4_theme_4	0	Light Pool	Light Havuzu	Licht Zwembad	Lichtpool	Piscine Lumineuse	Pool di Luce	Piscina de Luz	Piscina de Luz	Легкий Бассейн	ライトプール	라이트 풀
collection_card_4_theme_5	0	Scents	Kokular	Geuren	Düfte	Parfums	Profumi	Aromas	Esencias	Ароматы	香り	향기들
collection_card_4_theme_6	0	Trail	Patika	Sporen	Spur	Sentier	Sentiero	Trilha	Rastro	Тропа	「トレイル」.	자취
collection_card_4_theme_7	0	Sky Vines	Gökyüzü Asmaları	Hemelranken	Himmelsranken	Lianes Célestes	Viti Celesti	Sky Vines	Enredaderas del Cielo	Небесные Лозы	空のツタ	하늘 덩굴
collection_card_4_theme_8	0	Horizon	Ufuk	Horizont	Horizont	Horizon	Orizzonte	Horizonte	Horizonte	Горизонт	地平線	수평선
collection_card_4_theme_9	0	Sea Shells	Deniz Kabuğu	Zeeschelpen	Meeresschalen	Coquillages	Conchiglie di Mare	Conchas do Mar	Conchas Marinas	Морские Ракушки	シーシェルズ	바다 조개껍데기
collection_card_5_theme_1	0	Log	Günlük	Logboek	Protokoll	Journal	Registro	Registro	Registro	Журнал	ログ	로그
collection_card_5_theme_10	0	Mist	Sis	Mist	Nebel	Brume	Nebbia	Névoa	Niebla	Туман	霧	안개
collection_card_5_theme_11	0	Tea	Çay	Thee	Tee	Thé	Tè	Chá	Té	Чай	お茶	차
collection_card_5_theme_12	0	Picnic	Piknik	Picknick	Picknick	Pique-nique	Picnic	Piquenique	Picnic	Пикник	ピクニック	피크닉
collection_card_5_theme_13	0	Wheat	Buğday	Tarwe	Weizen	Blé	Grano	Trigo	Trigo	Пшеница	小麦	밀
collection_card_5_theme_14	0	Lantern	Fener	Lantaarn	Laterne	Lanterne	Lanterna	Lanterna	Farol	Фонарь	ランタン	랜턴
collection_card_5_theme_15	0	Coconut	Hindistan Cevizi	Kokosnoot	Kokosnuss	Noix de coco	Cocco	Coco	Coco	Кокос	ココナッツ	코코넛
collection_card_5_theme_2	0	Sand Rug	Kum Halı	Zandtapijt	Sandteppich	Tapis de Sable	Tappeto di Sabbia	Tapete de Areia	Alfombra de Arena	Песочный ковер	砂のラグ	샌드 러그
collection_card_5_theme_3	0	Bench	Bank	Bankje	Bank	Banc	Panchina	Banco	Banco	Скамейка	ベンチ	벤치
collection_card_5_theme_4	0	Marked Rock	İşaretli Kaya	Gemarkeerde Rots	Markierter Fels	Roche Marquée	Pietra Segnata	Pedra Marcada	Roca Marcada	Отмеченная скала	印のある岩	마크된 바위
collection_card_5_theme_5	0	Zen Stones	Zen Taşları	Zen Stenen	Zen-Steine	Pierres Zen	Pietre Zen	Pedras Zen	Piedras Zen	Дзен Камни	禅の石	젠 스톤즈
collection_card_5_theme_6	0	Shoes	Ayakkabılar	Schoenen	Schuhe	Chaussures	Scarpe	Sapatos	Zapatos	Обувь	靴	신발
collection_card_5_theme_7	0	Waterfall	Şelale	Waterval	Wasserfall	Chute d'eau	Cascata	Cachoeira	Cascada	Водопад	滝	폭포
collection_card_5_theme_8	0	Cabin	Kulübe	Blokhut	Hütte	Cabane	Capanna	Cabana	Cabaña	Кабина	キャビン	오두막
collection_card_5_theme_9	0	Starfish	Denizyıldızı	Zeester	Seestern	Étoile de mer	Stella Marina	Estrela-do-mar	Estrella de mar	Морская звезда	ヒトデ	불가사리
collection_card_6_theme_1	0	Leaves	Yapraklar	Bladeren	Blätter	Feuilles	Foglie	Folhas	Hojas	Листья	葉	나뭇잎
collection_card_6_theme_10	0	Wind	Rüzgar	Wind	Wind	Vent	Vento	Vento	Viento	Ветер	風	바람
collection_card_6_theme_11	0	Olive Oil	Zeytinyağı	Olijfolie	Olivenöl	Huile d'olive	Olio d'Oliva	Azeite	Aceite de Oliva	Оливковое масло	オリーブオイル	올리브 오일
collection_card_6_theme_12	0	Bloom	Çiçek	Bloei	Blüte	Fleur	Fioritura	Florescer	Floración	Цветение	ブルーム	블룸
collection_card_6_theme_13	0	Tall Grass	Uzun Çimenler	Hoge Gras	Hohes Gras	Herbe Haute	Erba Alta	Mato Alto	Hierba Alta	Высокая Трава	背の高い草	키 큰 풀
collection_card_6_theme_14	0	Map	Harita	Kaart	Karte	Carte	Mappa	Mapa	Mapa	Карта	マップ	지도
collection_card_6_theme_15	0	Flower Chain	Çiçek Zinciri	Bloemenketting	Blütenkette	Chaîne de Fleurs	Catena di Fiori	Cadeia de Flores	Cadena de Flores	Цепочка Цветов	花の連鎖	꽃 체인
collection_card_6_theme_2	0	Pyramid	Piramit	Piramide	Pyramide	Pyramide	Piramide	Pirâmide	Pirámide	Пирамида	ピラミッド	피라미드
collection_card_6_theme_3	0	Watercan	Sulama Kabı	Gieter	Gießkanne	Arrosoir	Annaffiatoio	Regador	Regadera	Лейка	ウォーターカン	물뿌리개
collection_card_6_theme_4	0	Stone	Taş	Steen	Stein	Pierre	Pietra	Pedra	Piedra	Камень	石	돌
collection_card_6_theme_5	0	Pillow	Yastık	Kussen	Kissen	Oreiller	Cuscino	Travesseiro	Almohada	Подушка	枕	베개
collection_card_6_theme_6	0	Bottle	Şişe	Fles	Flasche	Bouteille	Bottiglia	Garrafa	Botella	Бутылка	ボトル	병
collection_card_6_theme_7	0	Sun Leaves	Güneş Yaprakları	Zonnebladeren	Sonnenblätter	Feuilles Solaires	Foglie Solari	Folhas Solares	Hojas de Sol	Солнечные Листья	太陽の葉	해바라기 잎
collection_card_6_theme_8	0	Moonlight	Ay Işığı	Maanlicht	Mondlicht	Lumière de Lune	Luce della Luna	Luar	Luz de Luna	Лунный свет	月光	달빛
collection_card_6_theme_9	0	Sea Plants	Deniz Bitkileri	Zeewieren	Meerespflanzen	Plantes Maritimes	Piante Marine	Plantas do Mar	Plantas Marinas	Морские Растения	海の植物	바다 식물
collection_card_7_theme_1	0	Wood Sign	Tahta Tabela	Houten Bord	Holzschild	Panneau en Bois	Cartello di Legno	Placa de Madeira	Letrero de Madera	Деревянный Знак	木製の看板	목재 표지판
collection_card_7_theme_10	0	Wet Floor	Islak Zemin	Nat Vloer	Rutschiger Boden	Sol Glissant	Pavimento Bagnato	Piso Molhado	Piso Mojado	Скользкий Пол	濡れた床	미끄러운 바닥
collection_card_7_theme_11	0	Olives	Zeytinler	Olijven	Oliven	Olives : Olives	Olive	Azeitonas	Aceitunas	Оливы	オリーブ	올리브
collection_card_7_theme_12	0	Choco Eggs	Choco Yumurtalar	Choco-eieren	Choco-Eier	Œufs Choco	Uova di Cioccolato	Ovos de Chocolate	Huevos de Choco	Шоколадные Яйца	チョコエッグ	초코 알
collection_card_7_theme_13	0	Farm Tool	Çiftlik Aleti	Boerderijgereedschap	Landwirtschaftswerkzeug	Outil de ferme	Strumento Agricolo	Ferramenta Agrícola	Herramienta de Granja	Сельскохозяйственный инструмент	農業ツール	농장 도구
collection_card_7_theme_14	0	Frog	Kurbağa	Kikker	Frosch	Grenouille	Rana	Sapo	Rana	Лягушка	カエル	개구리
collection_card_7_theme_15	0	Banana Tree	Muz Ağacı	Bananenboom	Bananenbaum	Arbre à Bananes	Albero di Banane	Árvore de Bananas	Árbol de Bananas	Банановое дерево	バナナの木	바나나 나무
collection_card_7_theme_2	0	Relic Jar	Kavanoz	Relikwiepot	Reliktkrug	Pot de Reliques	Barattolo Reliquia	Pote de Relíquia	Jarra de Reliquias	Реликвия-банка	遺物の壺	유물 항아리
collection_card_7_theme_3	0	Flower Pots	Saksılar	Bloempotten	Blumentöpfe	Pots de Fleurs	Vasi di Fiori	Vasos de Flores	Macetas de Flores	Цветочные горшки	フラワーポット	꽃 화분
collection_card_7_theme_4	0	Tunnel	Tünel	Tunnel	Tunnel	Tunnel : Tunnel	Galleria	Túnel	Túnel	Туннель	トンネル	터널
collection_card_7_theme_5	0	Bamboo	Bambu	Bamboe	Bambus	Bambou	Bambù	Bambu	Bambú	Бамбук	バンブー	대나무
collection_card_7_theme_6	0	Bench	Bank	Bankje	Bank	Banc	Panchina	Banco	Banco	Скамейка	ベンチ	벤치
collection_card_7_theme_7	0	Stream	Yayın	Stream	Stream	Flux	Flusso	Fluxo	SUPER DURA	Поток	ストリーム	스트림
collection_card_7_theme_8	0	Comet	Kuyruklu Yıldız	Komeet	Komet	Comète	Cometa	Cometa	Cometa	Комета	彗星	혜성
collection_card_7_theme_9	0	Stone Isle	Taş Adası	Steeneiland	Steininsel	Île de Pierre	Isola di Pietra	Ilha de Pedra	Isla de Piedra	Каменный Остров	ストーンアイル	돌섬
collection_card_8_theme_1	0	Blossom	Çiçek	Bloesem	Blüte	Fleurissement	Fioritura	Flor	Floración	Блоссом	花盛り	블로섬
collection_card_8_theme_10	0	Droplet	Damla	Druppel	Tropfen	Goutte	Goccia	Gota	Gota	Капля	水滴	드롭렛
collection_card_8_theme_11	0	Strawberries	Çilekler	Aardbeien	Erdbeeren	Fraises	Fragole	Morangos	Fresas	Клубника	イチゴ	딸기
collection_card_8_theme_12	0	Easter Eggs	Paskalya Yumurtaları	Paaseieren	Ostereier	Œufs de Pâques	Uova di Pasqua	Ovos de Páscoa	Huevos de Pascua	Пасхальные яйца	イースターエッグ	이스터 에그
collection_card_8_theme_13	0	Sunflowers	Ayçiçekleri	Zonnebloemen	Sonnenblumen	Tournesols	Girasoli	Girassóis	Girasoles	Подсолнухи	ヒマワリ	해바라기
collection_card_8_theme_14	0	Paddle	Kürek	Peddel	Schläger	Raquette	Racchetta	Remo	Paleta	Весло	パドル	패들
collection_card_8_theme_15	0	Ukulele	Ukulele	Ukulele	Ukulele	Ukulélé	Ukulele	Ukulele	Ukulele	Укулеле	ウクレレ	우쿨렐레
collection_card_8_theme_2	0	Palm	Palmiye	Palm	Palme	Palmier	Palma	Palmeira	Palmera	Пальма	パーム	팜
collection_card_8_theme_3	0	Pond	Gölet	Vijver	Teich	Étang	Stagno	Lago	Estanque	Пруд	池	연못
collection_card_8_theme_4	0	Light Beam	Işık Demeti	Lichtstraal	Lichtstrahl	Faisceau Lumineux	Raggio di Luce	Feixe de Luz	Rayo de Luz	Световой Луч	光のビーム	광선
collection_card_8_theme_5	0	Beads	Boncuklar	Kralen	Perlen	Perles	Perline	Contas	Cuentas	Бусины	ビーズ	구슬들
collection_card_8_theme_6	0	Bicycle	Bisiklet	Fiets	Fahrrad	Bicyclette	Bicicletta	Bicicleta	Bicicleta	Велосипед	自転車	자전거
collection_card_8_theme_7	0	Sapling	Fidan	Kiemplant	Setzling	Jeune Pousse	Pianticella	Muda	Arbolito	Саженец	苗木	묘목
collection_card_8_theme_8	0	Tent	Çadır	Tent	Zelt	Tente	Tenda	Tenda	Carpa	Шатёр	テント	텐트
collection_card_8_theme_9	0	Jellyfish	Denizanası	Kwallen	Qualle	Méduse	Meduse	Medusa	Medusa	Медуза	クラゲ	해파리
collection_card_9_theme_1	0	Campfire	Kamp Ateşi	Kampvuur	Lagerfeuer	Feu de camp	Fuoco da campo	Fogueira	Fogata	Костер	たき火	모닥불
collection_card_9_theme_10	0	Sunset	Gün Batımı	Zonsondergang	Sonnenuntergang	Coucher de Soleil	Tramonto	Pôr do Sol	Atardecer	Закат	夕焼け	일몰
collection_card_9_theme_11	0	Lemon Tree	Limon Ağacı	Citroenboom	Zitronenbaum	Arbre à Citron	Albero di Limoni	Árvore de Limão	Árbol de Limón	Лимонное дерево	レモンの木	레몬나무
collection_card_9_theme_12	0	Rabbit	Tavşan	Konijn	Kaninchen	Lapin	Coniglio	Coelho	Conejo	Кролик	ウサギ	토끼
collection_card_9_theme_13	0	Scarecrow	Korkuluk	Vogelverschrikker	Vogelscheuche	Épouvantail	Spaventapasseri	Espantalho	Espantapájaros	Пугало	かかし	허수아비
collection_card_9_theme_14	0	Compass	Pusula	Kompas	Kompass	Boussole	Bussola	Bússola	Brújula	Компас	コンパス	나침반
collection_card_9_theme_15	0	Sea Turtle	Deniz Kaplumbağası	Zeeschildpad	Meeresschildkröte	Tortue de mer	Tartaruga Marina	Tartaruga Marinha	Tortuga Marina	Морская черепаха	ウミガメ	바다 거북
collection_card_9_theme_2	0	Sand Lamp	Kum Lambası	Zandlamp	Sandlampe	Lampe de Sable	Lampada di Sabbia	Lâmpada de Areia	Lámpara de Arena	Песочная лампа	砂のランプ	모래 램프
collection_card_9_theme_3	0	Cat Statue	Kedi Heykeli	Kattenbeeld	Katzenstatue	Statue de Chat	Statua del Gatto	Estátua de Gato	Estatua de Gato	Статуя Кота	猫像	고양이 조각상
collection_card_9_theme_4	0	Chamber	Oda	Kamer	Kammer	Chambre	Camera	Câmara	Cámara	Комната	チェンバー	방
collection_card_9_theme_5	0	Lotus	Lotus	Lotus	Lotus	Lotus	Loto	Lótus	Loto	Лотос	ロータス	연꽃
collection_card_9_theme_6	0	Cap	Şapka	Cap	Kappe	Chapeau	Cappello	Boné	Capa	Кепка	キャップ	캡
collection_card_9_theme_7	0	Monkey	Maymun	Aap	Affe	Singe	Scimmia	Macaco	Mono	Обезьяна	モンキー	원숭이
collection_card_9_theme_8	0	Reindeer	Ren geyiği	Rendier	Rentier	Renne	Renna	Rena	Reno	Северный олень	トナカイ	순록
collection_card_9_theme_9	0	Crabs	Yengeçler	Krabben	Krabben	Crabes	Granchi	Caranguejos	Cangrejos	Крабы	カニたち	게들
collection_name	0	Nature Collection	Doğa Koleksiyonu	Natuurcollectie	Natur-Sammlung	Collection Nature	Collezione Natura	Coleção Natureza	Colección de la Naturaleza	Коллекция Природы	自然コレクション	자연
collection_name_gold	0	Grand Nature Collection	Büyük Doğa Koleksiyonu	Grote Natuurlijke Collectie	Große Naturkollektion	Collection Grand Nature	Collezione Grandiosa della Natura	Coleção Grand Natureza	Colección Grand Nature	Великая Природная Коллекция	雄大な自然コレクション	웅장한 자연 컬렉션
collection_theme_1	0	Forest	Orman	Bos	Wald	Forêt	Foresta	Floresta	Bosque	Лес	森	숲
collection_theme_10	0	Weather	Hava Durumu	Weer	Wetter	Temps	Tempo atmosferico	Tempo	Clima	Погода	天気	날씨
collection_theme_11	0	Pantry	Kiler	Voorraadkast	Speisekammer	Garde-manger	Dispensa	Despensa	Despensa	Буфет	パントリー	팬트리
collection_theme_12	0	Easter	Paskalya	Pasen	Ostern	Pâques	Pasqua	Páscoa	Pascua	Пасха	イースター	부활절
collection_theme_13	0	Meadow	Çayır	Weide	Wiese	Prairie	Prato	Prado	Pradera	Луг	草原	목초지
collection_theme_14	0	Expedition	Keşif Gezisi	Expeditie	Expedition	Expédition	Spedizione	Expedição	Expedición	Экспедиция	探検	탐험
collection_theme_15	0	Coast	Kıyı	Kust	Küste	Côte	Costa	Costa	Costa	Берег	海岸	해안
collection_theme_2	0	Desert	Çöl	Woestijn	Wüste	Désert	Deserto	Deserto	Desierto	Пустыня	砂漠	사막
collection_theme_3	0	Garden	Bahçe	Tuin	Garten	Jardin	Giardino	Jardim	Jardín	Сад	庭園	정원
collection_theme_4	0	Caves	Mağaralar	Grotten	Höhlen	Caves	Grotte	Cavernas	Cuevas	Пещеры	洞窟	동굴
collection_theme_5	0	Zen	Zen	Zen	Zen	Zen	Zen	Zen	Zen	Дзен	禅	젠
collection_theme_6	0	Outdoors	Açık Hava	Buiten	Draußen	Plein air	All'aperto	Ao Ar Livre	Aire libre	На улице	屋外	야외
collection_theme_7	0	Rainforest	Yağmur Ormanı	Regenwoud	Regenwald	Forêt tropicale	Foresta pluviale	Floresta Tropical	Selva tropical	Тропический лес	テキスト：\n熱帯雨林	열대 우림
collection_theme_8	0	Northern	Kuzey	Noordelijk	Nordic	Nordique	Settentrionale	Norte	Norte	Северный	北部	북부
collection_theme_9	0	Seashore	Deniz Kıyısı	Zeestrand	Küstenlinie	Rivage	Spiaggia	Costa-Marítima	Orilla del mar	Берег моря	海岸	해안가
collection_token	0	Acorn Token	Meşe Palamudu Jetonu	Eikel Token	Eichel-Token	Jeton Gland	Gettone Ghianda	Ficha de Bolota	Ficha de Bellota	Желудёвый жетон	ドングリトークン	도토리 코인
collection_token_gold	0	Grand Acorn Token	Büyük Meşe Palamut Jetonu	Grote Eikel Token	Große Eichelmarke	Jeton Grand Acorn	Gettone Grande Ghianda	Ficha Grande de Bolota	Ficha de Gran Bellota	Жетон Великого Жёлудя	グランドエコーントークン	그랜드 에이콘 토큰
Completed!	0	Completed!	Tamamlandı!	Voltooid!	Abgeschlossen!	Terminé !	Completato!	Concluído!	¡Completado!	Завершено!	完了しました！	완료되었습니다!
TridentDeal	0	Trident Deal!	Trident Teklifi!	Drietand Aanbieding!	Trident-Deal!	Offre Trident !	Accordo Tridente!	Tridente Negócio!	¡Oferta Tridente!	Сделка Трезубец!	トライデントディール！	트라이던트 딜!
Available	0	Available	Mevcut	Beschikbaar	Verfügbar	Disponible	Disponibile	Disponível	Disponible	Доступно	利用可能	사용 가능
MiniGameOfferRewards	0	Trident Deal Rewards!	Trident Teklifi Ödülleri!	Drietand Deal Beloningen!	Dreizack-Angebotsbelohnungen!	Récompenses de l'offre Trident !	Ricompense dell'Offerta Tridente!	Recompensas do Acordo Tridente!	¡Recompensas del Acuerdo Tridente!	Награды за предложение "Трезубец"!	トライデント取引の報酬！	삼지창 거래 보상!
collection_2_name	0	Winter Collection	Kış Koleksiyonu	Wintercollectie	Winterkollektion	Collection Hivernale	Collezione Invernale	Coleção de Inverno	Colección de Invierno	Зимняя Коллекция	冬のコレクション	겨울 컬렉션
collection_2_name_gold	0	Grand Winter Collection	Büyük Kış Koleksiyonu	Grote Wintercollectie	Große Winterkollektion	Grande Collection d'Hiver	Gran Collezione Invernale	Coleção Grandioso de Inverno	Colección Invernal Grandiosa	Большая Зимняя Коллекция	グランドウィンターコレクション	그랜드 윈터 콜렉션
collection_3_name	0	Nature Collection	Doğa Koleksiyonu	Natuurcollectie	Natur-Sammlung	Collection Nature	Collezione Natura	Coleção Natureza	Colección de la Naturaleza	Коллекция Природы	自然コレクション	자연
collection_3_name_gold	0	Grand Nature Collection	Büyük Doğa Koleksiyonu	Grote Natuurlijke Collectie	Große Naturkollektion	Collection Grand Nature	Collezione Grandiosa della Natura	Coleção Grand Natureza	Colección Grand Nature	Великая Природная Коллекция	雄大な自然コレクション	웅장한 자연 컬렉션
collection_4_name	0	Summer Collection	Yaz Koleksiyonu	Zomer Collectie	Sommer Kollektion	Collection d'été	Collezione Estiva	Coleção de Verão	Colección de Verano	Летняя Коллекция	夏の コレクション	여름 수집
collection_4_name_gold	0	GRAND Summer Collection	BÜYÜK Yaz Koleksiyonu	GROTE Zomer Collectie	GROSSE Sommer Kollektion	GRANDE Collection d’Été	GRANDE Collezione Estiva	GRANDE Coleção de Verão	GRAN Colección de Verano	ГРАНДИОЗНАЯ Летняя Коллекция	壮大な 夏の コレクション	여 름수 집품
collection_5_name	0	Wonderland Collection	Lunapark Koleksiyonu	Wonderland Collectie	Wonderland-Sammlung	Collection Pays des Merveilles	Collezione di Meraviglie	Coleção Wonderland	Colección Wonderland	Коллекция Чудес страны	ワンダーランドコレクション	원더랜드 컬렉션
collection_5_name_gold	0	GRAND Wonderland Collection	BÜYÜK Lunapark Koleksiyonu	GRAND Wonderland Collectie	GRAND-Wunderland-Kollektion	Collection GRAND Wonderland	Collezione GRAND Wonderland	Grande Coleção Wonderland	Gran Colección Wonderland	ГРАНДИОЗНАЯ коллекция Wonderland	グランドワンダーランドコレクション	웅장한 원더랜드 컬렉션
collection_3_card_1_theme_1	0	Mossy Rocks	Yosunlu Kayalar	Mossige Rotsen	Moosige Felsen	Rochers Moussus	Rocce Muschiose	Rochas Musgosas	Rocas Musgosas	Мшистые камни	苔むした岩	이끼 낀 바위
collection_3_card_1_theme_10	0	Sun Rays	Güneş Işınları	Zonnestralen	Sonnenstrahlen	Rayons de soleil	Raggi di Sole	Raios de Sol	Rayos de Sol	Солнечные лучи	太陽の光	태양 광선
collection_3_card_1_theme_11	0	Lemonade	Limonata	Limonade	Limonade	Limonade	Limonata	Limonada	Limonada	Лимонад	レモネード	레모네이드
collection_3_card_1_theme_12	0	Tulips	Laleler	Tulpen	Tulpen	Tulipes	Tulipani	Tulipas	Tulipanes	Тюльпаны	チューリップ	튤립
collection_3_card_1_theme_13	0	Wildflowers	Doğal Çiçekler	Wilde Bloemen	Wildblumen	Fleurs sauvages	Fiori selvatici	Flores Silvestres	Flores Silvestres	Дикие цветы	野生の花	야생화
collection_3_card_1_theme_14	0	First Aid	İlk Yardım	Eerste Hulp	Erste Hilfe	Premiers Secours	Primo Soccorso	Primeiros Socorros	Primeros Auxilios	Первая помощь	応急手当	응급처치
collection_3_card_1_theme_15	0	Volcano	Yanardağ	Vulkaan	Vulkan	Volcan	Vulcano	Vulcão	Volcán	Вулкан	火山	화산
collection_3_card_1_theme_2	0	Dune	Kum Tepesi	\nDuin	Düne	Dune	Duna	Duna	Duna	Дюна	デューン	듄
collection_3_card_1_theme_3	0	Greenhouse	Seralar	Kwekerij	Gewächshaus	Serre	Serra	Estufa	Invernadero	Теплица	温室	온실
collection_3_card_1_theme_4	0	Entrance	Giriş	Ingang	Eingang	Entrée	Ingresso	Entrada	Entrada	Вход	入口	입구
collection_3_card_1_theme_5	0	Yoga Mat	Yoga Matı	Yogamat	Yogamatte	Tapis de yoga	Tappetino da Yoga	Tapete de Yoga	Esterilla de Yoga	Коврик для йоги	ヨガマット	요가 매트
collection_3_card_1_theme_6	0	Seesaw	Tahterevalli	Wip-Wap	Wippe	Bascule	Altalena	Baloiço	Balancín	Качели	シーソー	시소
collection_3_card_1_theme_7	0	Palm Leaf	Palmiye Yaprağı	Palmblad	Palmenblatt	Feuille de Palmier	Foglia di Palma	Folha de Palma	Hoja de Palma	Пальмовый лист	テキスト:\nヤシの葉	야자수 잎
collection_3_card_1_theme_8	0	Aurora	Aurora	Aurora	Aurora	Aurora	Aurora	Aurora	Aurora	Аврора	オーロラ	오로라
collection_3_card_1_theme_9	0	Shore	Kıyı	Kust	Ufer	Rivage	Spiaggia	Costa	Orilla	Берег	海岸	해안
collection_3_card_2_theme_1	0	Mushrooms	Mantarlar	Paddestoelen	Pilze	Champignons	Funghi	Cogumelos	Hongos	Грибы	キノコ	버섯들
collection_3_card_2_theme_10	0	Snowflake	Kar Tanesi	Sneeuwvlok	Schneeflocke	Flocon de neige	Fiocco di neve	Floco de Neve	Copos de nieve	Снежинка	スノーフレーク	눈송이
collection_3_card_2_theme_11	0	Honey	Bal	Honing	Honig	Miel	Miele	Mel	Miel	Мёд	蜂蜜	꿀
collection_3_card_2_theme_12	0	Wreath	Çelenk	Krans	Kranz	Couronne	Ghirlanda	Grinalda	Guirnalda	Венок	花冠	화환
collection_3_card_2_theme_13	0	Hay Bale	Saman Bali	Hooibaal	Heuballen	Botte de Foin	Balla di Fieno	Fardo de Feno	Paca de Heno	Сеновал	干し草の俵	건초 더미
collection_3_card_2_theme_14	0	Raincoat	Yağmurluk	Regenjas	Regenmantel	Imperméable	Impermeabile	Capa de Chuva	Impermeable	Дождевик	レインコート	비옷
collection_3_card_2_theme_15	0	Pineapple	Ananas	Ananas	Ananas	Ananas	Ananas	Abacaxi	Piña	Ананас	パイナップル	파인애플
collection_3_card_2_theme_2	0	Rock Hill	Kaya Tepesi	Rotsheuvel	Felsenhügel	Colline Rocheuse	Collina Rocciosa	Colina de Pedra	Colina Rocosa	Рок Хилл	ロックヒル	록 힐
collection_3_card_2_theme_3	0	Plant	Bitki	Plant	Pflanze	Plante	Pianta	Plantar	Planta	Растение	植える	식물
collection_3_card_2_theme_4	0	Crystal	Kristal	Kristal	Kristall	Cristal	Cristallo	Cristal	Cristal	Кристалл	クリスタル	크리스탈
collection_3_card_2_theme_5	0	Matcha	Maça	Matcha	Matcha	Matcha	Matcha	Matcha	Matcha	Матча	マッチャ	말차
collection_3_card_2_theme_6	0	Balance Board	Denge Tahtası	Evenwichtsbord	Balance Board	Planche d'Équilibre	Tavola di Equilibrio	Tabua de Equilíbrio	Tablero de Equilibrio	Балансировочная доска	バランスボード	균형 보드
collection_3_card_2_theme_7	0	Clouds	Bulutlar	Wolken	Wolken	Nuages	Nuvole	Nuvens	Nubes	Облака	雲	구름들
collection_3_card_2_theme_8	0	Night Sky	Gece Gökyüzü	Nachtelijke Hemel	Nacht Himmel	Ciel Nocturne	Cielo Notturno	Ceú Noturno	Cielo Nocturno	Ночное небо	夜空	밤하늘
collection_3_card_2_theme_9	0	Waves	Dalgalar	Golven	Wellen	Vagues	Onda	Ondas	\nOlas.	Волны	波	파도
collection_3_card_3_theme_1	0	Roots	Kökler	Wortels	Wurzeln	Racines	Radici	Raízes	Raíces	Корни	ルーツ	뿌리
collection_3_card_3_theme_10	0	Rainbow	Gökkuşağı	Regenboog	Regenbogen	Arc-en-ciel	Arcobaleno	Arco-íris	Arcoíris	Радуга	レインボー	레인보우
collection_3_card_3_theme_11	0	Jam	Reçel	Confituur	Marmelade	Confiture	Confettura	Compota	Mermelada	Джем	ジャム	잼
collection_3_card_3_theme_12	0	Pollen	Polen	Pollen	Pollen	Pollen	Polline	Pólen	Polen	Пыльца	花粉	꽃가루
collection_3_card_3_theme_13	0	Fence	Çit	Hek	Zaun	Clôture	Recinto	Cerca	Valla	Забор	フェンス	울타리
collection_3_card_3_theme_14	0	Backpack	Sırt Çantası	Rugzak	Rucksack	Sac à dos	Zaino	Mochila	Mochila	Рюкзак	バックパック	백팩
collection_3_card_3_theme_15	0	Totem	Totem	Totem	Totem	Totem	Totem	Totem	Tótem	Тотем	トーテム	토템
collection_3_card_3_theme_2	0	Cactus	Kaktüs	Cactus	Kaktus	Cactus	Cactus	Cacto	Cactus	Кактус	サボテン	선인장
collection_3_card_3_theme_3	0	Archway	Kemergiriş	Booggang	Bogengang	Arcade	Arco	Arcada	Arco	Арка	アーチウェイ	아치형 길
collection_3_card_3_theme_4	0	Formations	Formasyonlar	Formaties	Formationen	Formations	Formazioni	Formaciones	Formaciones	Формации	フォーメーション	편대
collection_3_card_3_theme_5	0	Bowl	Kase	Kom	Schüssel	Bol	Ciotola	Tigela	Cuenco	Чаша	ボウル	볼
collection_3_card_3_theme_6	0	Hammock	Hamak	Hangmat	Hängematte	Hamac	Amaca	Rede para Dormir	Hamaca	Гамак	ハンモック	해먹
collection_3_card_3_theme_7	0	Bromeliad	Bromeliad	Bromelia	Bromelie	Broméliacée	Bromelia	Bromélia	Bromelia	Бромелия	ブロメリアード	브로멜리아드
collection_3_card_3_theme_8	0	Telescope	Teleskop	Telescoop	Teleskop	Télescope	Telescopio	Telescópio	Telescopio	Телескоп	望遠鏡	망원경
collection_3_card_3_theme_9	0	Drift Boat	Drift Botu	Driftboot	Driftboot	Bateau à Dérive	Barca alla Deriva	Barco à Deriva	Barco a la Deriva	Дрейфующая Лодка	ドリフトボート	드리프트 보트
collection_3_card_4_theme_1	0	Pathway	Yol	Pad	Pfad	Chemin	Percorso	Caminho	Sendero	Путь	通り道	경로
collection_3_card_4_theme_10	0	Lightning	Yıldırım	Bliksem	Blitz	Éclair	Fulmine	Raio	Rayo	Молния	稲妻	번개
collection_3_card_4_theme_11	0	Herbs	Otlar	Kruiden	Kräuter	Herbes	Erbe	Ervas	Hierbas	Травы	ハーブ	약초
collection_3_card_4_theme_12	0	Egg Basket	Yumurta Sepeti	Eiermandje	Eierkorb	Panier à Œufs	Cestino di Uova	Cesto de Ovos	Canasta de Huevos	Корзина для яиц	卵のバスケット	달걀 바구니
collection_3_card_4_theme_13	0	Flowers	Çiçekler	Bloemen	Blumen	Fleurs	Fiori	Flores	Flores	Цветы	花	꽃들
collection_3_card_4_theme_14	0	Torch	Meşale	Toorts	Fackel	Torche	Torcia	Tocha	Antorcha	Факел	トーチ	횃불
collection_3_card_4_theme_15	0	Hut	Kulübe	Hut	Hütte	Hutte	Capanna	Cabana	Cabaña	Хижина	小屋	오두막
collection_3_card_4_theme_2	0	Oasis	Oasis	Oase	Oase	Oasis	Oasi	Oasis	Oasis	Оазис	オアシス	오아시스
collection_3_card_4_theme_3	0	Shrub	Çalı	Struik	Strauch	Arbuste	Arbusto	Arbusto	Arbusto	Куст	低木	관목
collection_3_card_4_theme_4	0	Light Pool	Light Havuzu	Licht Zwembad	Lichtpool	Piscine Lumineuse	Pool di Luce	Piscina de Luz	Piscina de Luz	Легкий Бассейн	ライトプール	라이트 풀
collection_3_card_4_theme_5	0	Scents	Kokular	Geuren	Düfte	Parfums	Profumi	Aromas	Esencias	Ароматы	香り	향기들
collection_3_card_4_theme_6	0	Trail	Patika	Sporen	Spur	Sentier	Sentiero	Trilha	Rastro	Тропа	「トレイル」.	자취
collection_3_card_4_theme_7	0	Sky Vines	Gökyüzü Asmaları	Hemelranken	Himmelsranken	Lianes Célestes	Viti Celesti	Sky Vines	Enredaderas del Cielo	Небесные Лозы	空のツタ	하늘 덩굴
collection_3_card_4_theme_8	0	Horizon	Ufuk	Horizont	Horizont	Horizon	Orizzonte	Horizonte	Horizonte	Горизонт	地平線	수평선
collection_3_card_4_theme_9	0	Sea Shells	Deniz Kabuğu	Zeeschelpen	Meeresschalen	Coquillages	Conchiglie di Mare	Conchas do Mar	Conchas Marinas	Морские Ракушки	シーシェルズ	바다 조개껍데기
collection_3_card_5_theme_1	0	Log	Günlük	Logboek	Protokoll	Journal	Registro	Registro	Registro	Журнал	ログ	로그
collection_3_card_5_theme_10	0	Mist	Sis	Mist	Nebel	Brume	Nebbia	Névoa	Niebla	Туман	霧	안개
collection_3_card_5_theme_11	0	Tea	Çay	Thee	Tee	Thé	Tè	Chá	Té	Чай	お茶	차
collection_3_card_5_theme_12	0	Picnic	Piknik	Picknick	Picknick	Pique-nique	Picnic	Piquenique	Picnic	Пикник	ピクニック	피크닉
collection_3_card_5_theme_13	0	Wheat	Buğday	Tarwe	Weizen	Blé	Grano	Trigo	Trigo	Пшеница	小麦	밀
collection_3_card_5_theme_14	0	Lantern	Fener	Lantaarn	Laterne	Lanterne	Lanterna	Lanterna	Farol	Фонарь	ランタン	랜턴
collection_3_card_5_theme_15	0	Coconut	Hindistan Cevizi	Kokosnoot	Kokosnuss	Noix de coco	Cocco	Coco	Coco	Кокос	ココナッツ	코코넛
collection_3_card_5_theme_2	0	Sand Rug	Kum Halı	Zandtapijt	Sandteppich	Tapis de Sable	Tappeto di Sabbia	Tapete de Areia	Alfombra de Arena	Песочный ковер	砂のラグ	샌드 러그
collection_3_card_5_theme_3	0	Bench	Bank	Bankje	Bank	Banc	Panchina	Banco	Banco	Скамейка	ベンチ	벤치
collection_3_card_5_theme_4	0	Marked Rock	İşaretli Kaya	Gemarkeerde Rots	Markierter Fels	Roche Marquée	Pietra Segnata	Pedra Marcada	Roca Marcada	Отмеченная скала	印のある岩	마크된 바위
collection_3_card_5_theme_5	0	Zen Stones	Zen Taşları	Zen Stenen	Zen-Steine	Pierres Zen	Pietre Zen	Pedras Zen	Piedras Zen	Дзен Камни	禅の石	젠 스톤즈
collection_3_card_5_theme_6	0	Shoes	Ayakkabılar	Schoenen	Schuhe	Chaussures	Scarpe	Sapatos	Zapatos	Обувь	靴	신발
collection_3_card_5_theme_7	0	Waterfall	Şelale	Waterval	Wasserfall	Chute d'eau	Cascata	Cachoeira	Cascada	Водопад	滝	폭포
collection_3_card_5_theme_8	0	Cabin	Kulübe	Blokhut	Hütte	Cabane	Capanna	Cabana	Cabaña	Кабина	キャビン	오두막
collection_3_card_5_theme_9	0	Starfish	Denizyıldızı	Zeester	Seestern	Étoile de mer	Stella Marina	Estrela-do-mar	Estrella de mar	Морская звезда	ヒトデ	불가사리
collection_3_card_6_theme_1	0	Leaves	Yapraklar	Bladeren	Blätter	Feuilles	Foglie	Folhas	Hojas	Листья	葉	나뭇잎
collection_3_card_6_theme_10	0	Wind	Rüzgar	Wind	Wind	Vent	Vento	Vento	Viento	Ветер	風	바람
collection_3_card_6_theme_11	0	Olive Oil	Zeytinyağı	Olijfolie	Olivenöl	Huile d'olive	Olio d'Oliva	Azeite	Aceite de Oliva	Оливковое масло	オリーブオイル	올리브 오일
collection_3_card_6_theme_12	0	Bloom	Çiçek	Bloei	Blüte	Fleur	Fioritura	Florescer	Floración	Цветение	ブルーム	블룸
collection_3_card_6_theme_13	0	Tall Grass	Uzun Çimenler	Hoge Gras	Hohes Gras	Herbe Haute	Erba Alta	Mato Alto	Hierba Alta	Высокая Трава	背の高い草	키 큰 풀
collection_3_card_6_theme_14	0	Map	Harita	Kaart	Karte	Carte	Mappa	Mapa	Mapa	Карта	マップ	지도
collection_3_card_6_theme_15	0	Flower Chain	Çiçek Zinciri	Bloemenketting	Blütenkette	Chaîne de Fleurs	Catena di Fiori	Cadeia de Flores	Cadena de Flores	Цепочка Цветов	花の連鎖	꽃 체인
collection_3_card_6_theme_2	0	Pyramid	Piramit	Piramide	Pyramide	Pyramide	Piramide	Pirâmide	Pirámide	Пирамида	ピラミッド	피라미드
collection_3_card_6_theme_3	0	Watercan	Sulama Kabı	Gieter	Gießkanne	Arrosoir	Annaffiatoio	Regador	Regadera	Лейка	ウォーターカン	물뿌리개
collection_3_card_6_theme_4	0	Stone	Taş	Steen	Stein	Pierre	Pietra	Pedra	Piedra	Камень	石	돌
collection_3_card_6_theme_5	0	Pillow	Yastık	Kussen	Kissen	Oreiller	Cuscino	Travesseiro	Almohada	Подушка	枕	베개
collection_3_card_6_theme_6	0	Bottle	Şişe	Fles	Flasche	Bouteille	Bottiglia	Garrafa	Botella	Бутылка	ボトル	병
collection_3_card_6_theme_7	0	Sun Leaves	Güneş Yaprakları	Zonnebladeren	Sonnenblätter	Feuilles Solaires	Foglie Solari	Folhas Solares	Hojas de Sol	Солнечные Листья	太陽の葉	해바라기 잎
collection_3_card_6_theme_8	0	Moonlight	Ay Işığı	Maanlicht	Mondlicht	Lumière de Lune	Luce della Luna	Luar	Luz de Luna	Лунный свет	月光	달빛
collection_3_card_6_theme_9	0	Sea Plants	Deniz Bitkileri	Zeewieren	Meerespflanzen	Plantes Maritimes	Piante Marine	Plantas do Mar	Plantas Marinas	Морские Растения	海の植物	바다 식물
collection_3_card_7_theme_1	0	Wood Sign	Tahta Tabela	Houten Bord	Holzschild	Panneau en Bois	Cartello di Legno	Placa de Madeira	Letrero de Madera	Деревянный Знак	木製の看板	목재 표지판
collection_3_card_7_theme_10	0	Wet Floor	Islak Zemin	Nat Vloer	Rutschiger Boden	Sol Glissant	Pavimento Bagnato	Piso Molhado	Piso Mojado	Скользкий Пол	濡れた床	미끄러운 바닥
collection_3_card_7_theme_11	0	Olives	Zeytinler	Olijven	Oliven	Olives : Olives	Olive	Azeitonas	Aceitunas	Оливы	オリーブ	올리브
collection_3_card_7_theme_12	0	Choco Eggs	Choco Yumurtalar	Choco-eieren	Choco-Eier	Œufs Choco	Uova di Cioccolato	Ovos de Chocolate	Huevos de Choco	Шоколадные Яйца	チョコエッグ	초코 알
collection_3_card_7_theme_13	0	Farm Tool	Çiftlik Aleti	Boerderijgereedschap	Landwirtschaftswerkzeug	Outil de ferme	Strumento Agricolo	Ferramenta Agrícola	Herramienta de Granja	Сельскохозяйственный инструмент	農業ツール	농장 도구
collection_3_card_7_theme_14	0	Frog	Kurbağa	Kikker	Frosch	Grenouille	Rana	Sapo	Rana	Лягушка	カエル	개구리
collection_3_card_7_theme_15	0	Banana Tree	Muz Ağacı	Bananenboom	Bananenbaum	Arbre à Bananes	Albero di Banane	Árvore de Bananas	Árbol de Bananas	Банановое дерево	バナナの木	바나나 나무
collection_3_card_7_theme_2	0	Relic Jar	Kavanoz	Relikwiepot	Reliktkrug	Pot de Reliques	Barattolo Reliquia	Pote de Relíquia	Jarra de Reliquias	Реликвия-банка	遺物の壺	유물 항아리
collection_3_card_7_theme_3	0	Flower Pots	Saksılar	Bloempotten	Blumentöpfe	Pots de Fleurs	Vasi di Fiori	Vasos de Flores	Macetas de Flores	Цветочные горшки	フラワーポット	꽃 화분
collection_3_card_7_theme_4	0	Tunnel	Tünel	Tunnel	Tunnel	Tunnel : Tunnel	Galleria	Túnel	Túnel	Туннель	トンネル	터널
collection_3_card_7_theme_5	0	Bamboo	Bambu	Bamboe	Bambus	Bambou	Bambù	Bambu	Bambú	Бамбук	バンブー	대나무
collection_3_card_7_theme_6	0	Bench	Bank	Bankje	Bank	Banc	Panchina	Banco	Banco	Скамейка	ベンチ	벤치
collection_3_card_7_theme_7	0	Stream	Yayın	Stream	Stream	Flux	Flusso	Fluxo	SUPER DURA	Поток	ストリーム	스트림
collection_3_card_7_theme_8	0	Comet	Kuyruklu Yıldız	Komeet	Komet	Comète	Cometa	Cometa	Cometa	Комета	彗星	혜성
collection_3_card_7_theme_9	0	Stone Isle	Taş Adası	Steeneiland	Steininsel	Île de Pierre	Isola di Pietra	Ilha de Pedra	Isla de Piedra	Каменный Остров	ストーンアイル	돌섬
collection_3_card_8_theme_1	0	Blossom	Çiçek	Bloesem	Blüte	Fleurissement	Fioritura	Flor	Floración	Блоссом	花盛り	블로섬
collection_3_card_8_theme_10	0	Droplet	Damla	Druppel	Tropfen	Goutte	Goccia	Gota	Gota	Капля	水滴	드롭렛
collection_3_card_8_theme_11	0	Strawberries	Çilekler	Aardbeien	Erdbeeren	Fraises	Fragole	Morangos	Fresas	Клубника	イチゴ	딸기
collection_3_card_8_theme_12	0	Easter Eggs	Paskalya	Paaseieren	Ostereier	Œufs de Pâques	Uova di Pasqua	Ovos de Páscoa	Huevos de Pascua	Пасхальные яйца	イースターエッグ	이스터 에그
collection_3_card_8_theme_13	0	Sunflowers	Ayçiçekleri	Zonnebloemen	Sonnenblumen	Tournesols	Girasoli	Girassóis	Girasoles	Подсолнухи	ヒマワリ	해바라기
collection_3_card_8_theme_14	0	Paddle	Kürek	Peddel	Schläger	Raquette	Racchetta	Remo	Paleta	Весло	パドル	패들
collection_3_card_8_theme_15	0	Ukulele	Ukulele	Ukulele	Ukulele	Ukulélé	Ukulele	Ukulele	Ukulele	Укулеле	ウクレレ	우쿨렐레
collection_3_card_8_theme_2	0	Palm	Palmiye	Palm	Palme	Palmier	Palma	Palmeira	Palmera	Пальма	パーム	팜
collection_3_card_8_theme_3	0	Pond	Gölet	Vijver	Teich	Étang	Stagno	Lago	Estanque	Пруд	池	연못
collection_3_card_8_theme_4	0	Light Beam	Işık Demeti	Lichtstraal	Lichtstrahl	Faisceau Lumineux	Raggio di Luce	Feixe de Luz	Rayo de Luz	Световой Луч	光のビーム	광선
collection_3_card_8_theme_5	0	Beads	Boncuklar	Kralen	Perlen	Perles	Perline	Contas	Cuentas	Бусины	ビーズ	구슬들
collection_3_card_8_theme_6	0	Bicycle	Bisiklet	Fiets	Fahrrad	Bicyclette	Bicicletta	Bicicleta	Bicicleta	Велосипед	自転車	자전거
collection_3_card_8_theme_7	0	Sapling	Fidan	Kiemplant	Setzling	Jeune Pousse	Pianticella	Muda	Arbolito	Саженец	苗木	묘목
collection_3_card_8_theme_8	0	Tent	Çadır	Tent	Zelt	Tente	Tenda	Tenda	Carpa	Шатёр	テント	텐트
collection_3_card_8_theme_9	0	Jellyfish	Denizanası	Kwallen	Qualle	Méduse	Meduse	Medusa	Medusa	Медуза	クラゲ	해파리
collection_3_card_9_theme_1	0	Campfire	Kamp Ateşi	Kampvuur	Lagerfeuer	Feu de camp	Fuoco da campo	Fogueira	Fogata	Костер	たき火	모닥불
collection_3_card_9_theme_10	0	Sunset	Gün Batımı	Zonsondergang	Sonnenuntergang	Coucher de Soleil	Tramonto	Pôr do Sol	Atardecer	Закат	夕焼け	일몰
collection_3_card_9_theme_11	0	Lemon Tree	Limon Ağacı	Citroenboom	Zitronenbaum	Arbre à Citron	Albero di Limoni	Árvore de Limão	Árbol de Limón	Лимонное дерево	レモンの木	레몬나무
collection_3_card_9_theme_12	0	Rabbit	Tavşan	Konijn	Kaninchen	Lapin	Coniglio	Coelho	Conejo	Кролик	ウサギ	토끼
collection_3_card_9_theme_13	0	Scarecrow	Korkuluk	Vogelverschrikker	Vogelscheuche	Épouvantail	Spaventapasseri	Espantalho	Espantapájaros	Пугало	かかし	허수아비
collection_3_card_9_theme_14	0	Compass	Pusula	Kompas	Kompass	Boussole	Bussola	Bússola	Brújula	Компас	コンパス	나침반
collection_3_card_9_theme_15	0	Sea Turtle	Kaplumbağa	Zeeschildpad	Meeresschildkröte	Tortue de mer	Tartaruga Marina	Tartaruga Marinha	Tortuga Marina	Морская черепаха	ウミガメ	바다 거북
collection_3_card_9_theme_2	0	Sand Lamp	Kum Lambası	Zandlamp	Sandlampe	Lampe de Sable	Lampada di Sabbia	Lâmpada de Areia	Lámpara de Arena	Песочная лампа	砂のランプ	모래 램프
collection_3_card_9_theme_3	0	Cat Statue	Kedi Heykeli	Kattenbeeld	Katzenstatue	Statue de Chat	Statua del Gatto	Estátua de Gato	Estatua de Gato	Статуя Кота	猫像	고양이 조각상
collection_3_card_9_theme_4	0	Chamber	Oda	Kamer	Kammer	Chambre	Camera	Câmara	Cámara	Комната	チェンバー	방
collection_3_card_9_theme_5	0	Lotus	Lotus	Lotus	Lotus	Lotus	Loto	Lótus	Loto	Лотос	ロータス	연꽃
collection_3_card_9_theme_6	0	Cap	Şapka	Cap	Kappe	Chapeau	Cappello	Boné	Capa	Кепка	キャップ	캡
collection_3_card_9_theme_7	0	Monkey	Maymun	Aap	Affe	Singe	Scimmia	Macaco	Mono	Обезьяна	モンキー	원숭이
collection_3_card_9_theme_8	0	Reindeer	Ren geyiği	Rendier	Rentier	Renne	Renna	Rena	Reno	Северный олень	トナカイ	순록
collection_3_card_9_theme_9	0	Crabs	Yengeçler	Krabben	Krabben	Crabes	Granchi	Caranguejos	Cangrejos	Крабы	カニたち	게들
collection_3_theme_1	0	Forest	Orman	Bos	Wald	Forêt	Foresta	Floresta	Bosque	Лес	森	숲
collection_3_theme_10	0	Weather	Hava Durumu	Weer	Wetter	Temps	Tempo atmosferico	Tempo	Clima	Погода	天気	날씨
collection_3_theme_11	0	Pantry	Kiler	Voorraadkast	Speisekammer	Garde-manger	Dispensa	Despensa	Despensa	Буфет	パントリー	팬트리
collection_3_theme_12	0	Easter	Paskalya	Pasen	Ostern	Pâques	Pasqua	Páscoa	Pascua	Пасха	イースター	부활절
collection_3_theme_13	0	Meadow	Çayır	Weide	Wiese	Prairie	Prato	Prado	Pradera	Луг	草原	목초지
collection_3_theme_14	0	Expedition	Keşif Gezisi	Expeditie	Expedition	Expédition	Spedizione	Expedição	Expedición	Экспедиция	探検	탐험
collection_3_theme_15	0	Coast	Kıyı	Kust	Küste	Côte	Costa	Costa	Costa	Берег	海岸	해안
collection_3_theme_2	0	Desert	Çöl	Woestijn	Wüste	Désert	Deserto	Deserto	Desierto	Пустыня	砂漠	사막
collection_3_theme_3	0	Garden	Bahçe	Tuin	Garten	Jardin	Giardino	Jardim	Jardín	Сад	庭園	정원
collection_3_theme_4	0	Caves	Mağaralar	Grotten	Höhlen	Caves	Grotte	Cavernas	Cuevas	Пещеры	洞窟	동굴
collection_3_theme_5	0	Zen	Zen	Zen	Zen	Zen	Zen	Zen	Zen	Дзен	禅	젠
collection_3_theme_6	0	Outdoors	Açık Hava	Buiten	Draußen	Plein air	All'aperto	Ao Ar Livre	Aire libre	На улице	屋外	야외
collection_3_theme_7	0	Rainforest	Yağmur Ormanı	Regenwoud	Regenwald	Forêt tropicale	Foresta pluviale	Floresta Tropical	Selva tropical	Тропический лес	熱帯雨林	열대 우림
collection_3_theme_8	0	Northern	Kuzey	Noordelijk	Nordic	Nordique	Settentrionale	Norte	Norte	Северный	北部	북부
collection_3_theme_9	0	Seashore	Deniz Kıyısı	Zeestrand	Küstenlinie	Rivage	Spiaggia	Costa-Marítima	Orilla del mar	Берег моря	海岸	해안가
collection_4_theme_1	0	Camp	Kamp	Kamp	Lager	Camp	Campo	Acampamento	Campamento	Лагерь	キャンプ	캠프
collection_4_card_1_theme_1	0	Campfire	Kamp Ateşi	Kampvuur	Lagerfeuer	Feu de camp	Falò	Fogueira	Fogata	Костер	焚き火	캠프파이어
collection_4_card_2_theme_1	0	Pathway	Patika	Pad	Pfad	Chemin	Percorso	Caminho	Camino	Путь	小道	오솔길
collection_4_card_3_theme_1	0	Sign	Tabela	Bord	Schild	Panneau	Cartello	Placa	Señal	Подпись	看板	표지판
collection_4_card_4_theme_1	0	Waterfall	Şelale	Waterval	Wasserfall	Cascade	Cascata	Cachoeira	Cascada	Водопад	滝	폭포
collection_4_card_5_theme_1	0	Tent	Çadır	Tent	Zelt	Tente	Tenda	Barraca	Tienda	Палатка	テント	텐트
collection_4_card_6_theme_1	0	Comet	Kayan Yıldız	Vallende ster	Sternschnuppe	Étoile Filante	Cometa	Cometa	Cometa	Комета	流れ星	유성
collection_4_card_7_theme_1	0	Lantern	Fener	Lantaarn	Laterne	Lanterne	Lanterna	Lanterna	Linterna	Фонарь	ランタン	랜턴
collection_4_card_8_theme_1	0	Torch	Meşale	Fakkel	Fackel	Torche	Torcia	Tocha	Antorcha	Факел	たいまつ	횃불
collection_4_card_9_theme_1	0	Roots	Ağaç Kökü	Wortels	Wurzeln	Racines	Radici	Raízes	Raíces	Корни	木の根	나무 뿌리
collection_4_theme_2	0	Road Trip	Yolculuk	Roadtrip	Autoreise	Voyage	Percorso	Percurso	Periplo	Дорожное	ドライブ	자동차 여행
collection_4_card_1_theme_2	0	Compass	Pusula	Kompas	Kompass	Boussole	Bussola	Bússola	Brújula	Компас	コンパス	나침반
collection_4_card_2_theme_2	0	Map	Harita	Kaart	Karte	Carte	Mappa	Mapa	Mapa	Карта	地図	지도
collection_4_card_3_theme_2	0	Backpack	Sırt Çantası	Rugzak	Rucksack	Sac à dos	Zaino	Mochila	Mochila	Рюкзак	リュック	배낭
collection_4_card_4_theme_2	0	Furry Dice	Tüylü Zar	Dobbelstenen	Plüsch-Würfel	Dés en peluche	Dadi Pelosi	Dados	Dados	Кубики	ダイス	털주사위
collection_4_card_5_theme_2	0	Car Keys	Araç Anahtarı	Autosleutel	Autoschlüssel	Clés d'auto	Chiavi Auto	Chaves	Llaves	Ключи	車の鍵	차 키
collection_4_card_6_theme_2	0	Camera	Kamera	Camera	Kamera	Caméra	Fotocamera	Câmera	Cámara	Камера	カメラ	카메라
collection_4_card_7_theme_2	0	Tape	Bant	Tape	Band	Ruban	Nastro	Fita	Cinta	Лента	テープ	테이프
collection_4_card_8_theme_2	0	Stop Sign	Dur Tabelası	Stopbord	Stoppschild	Panneau Stop	Cartello Stop	Placa Pare	Señal Stop	Стоп	止まれの標識	정지 표지판
collection_4_card_9_theme_2	0	Van	Karavan	Van	Van	Van	Furgone	Van	Furgoneta	Ван	ワゴン車	밴
collection_4_theme_3	0	Souvenir Shop	Hediyelik	Souvenirwinkel	Souvenirladen	Souvenirs	Souvenir	Lembranças	Recuerdos	магазин	お土産屋	기념품점
collection_4_card_1_theme_3	0	Cart	Kabin	Wagen	Wagen	Chariot	Carrello	Carrinho	Carro	Корзина	カート	카트
collection_4_card_2_theme_3	0	Keychain	Anahtarlık	Sleutelhanger	Anhänger	Porte-clés	Portachiavi	Chaveiro	Llavero	Брелок	キーホルダー	열쇠고리
collection_4_card_3_theme_3	0	Wind Chime	Rüzgar Çanı	Windgong	Windspiel	Carillon	Campana Vento	Sino Ventos	Campanilla	Колокольчик	風鈴	풍경
collection_4_card_4_theme_3	0	Bag	Çanta	Tas	Beutel	Sac	Borsa	Bolsa	Bolsa	Сумка	バッグ	가방
collection_4_card_5_theme_3	0	Mug	Kupa	Mok	Tasse	Tasse	Tazza	Caneca	Taza	Кружка	マグカップ	머그잔
collection_4_card_6_theme_3	0	Glasses	Gözlük	Brillen	Brillen	Lunettes	Occhiali	Óculos	Gafas	Очки	メガネ	안경
collection_4_card_7_theme_3	0	Bracelet	Bilezik	Armband	Armband	Bracelet	Bracciale	Pulseira	Pulsera	Браслет	ブレスレット	팔찌
collection_4_card_8_theme_3	0	Palm Globe	Yaz Küresi	Zomerglobe	Sommerglobus	Globe d'été	Globo	Globo	Globo Palma	Глобус	サマードーム	워터볼
collection_4_card_9_theme_3	0	Postcard	Kartpostal	Ansichtkaart	Postkarte	Carte postale	Cartolina	Postal	Postal	Открытка	ポストカード	엽서
collection_4_theme_4	0	Travel	Seyahat	Reizen	Reise	Périple	Viaggio	Viagem	Viaje	Путешествия	旅行	여행
collection_4_card_1_theme_4	0	Boarding	Biniş Kartı	Instapkaart	Bordkarte	Embarquement	Imbarco	Embarque	Embarque	Посадка	搭乗券	탑승권
collection_4_card_2_theme_4	0	Sleep Mask	Uyku Maskesi	Slaapmasker	Schlafmaske	Masque de Nuit	Mascherina	Tapa-olhos	Antifaz	Маска	アイマスク	수면 안대
collection_4_card_3_theme_4	0	Earplugs	Kulak Tıkacı	Oordopjes	Ohrstöpsel	Bouchons	Tappi	Tampões	Tapones	Беруши	耳栓	귀마개
collection_4_card_4_theme_4	0	Neck Pillow	Boyun Yastığı	Nek Kussen	Nackenkissen	Cale-nuque	Cuscino	Almofada	Almohada	Подушка 	ネックピロー	목베개
collection_4_card_5_theme_4	0	Suitcase	Valiz	Koffer	Koffer	Valise	Valigia	Mala	Maleta	Чемодан	スーツケース	캐리어
collection_4_card_6_theme_4	0	Passport	Pasaport	Paspoort	Reisepass	Passeport	Passaporto	Passaporte	Pasaporte	Паспорт	パスポート	여권
collection_4_card_7_theme_4	0	Plane	Uçak	Vliegtuig	Flugzeug	Avion	Aereo	Avião	Avión	Самолет	飛行機	비행기
collection_4_card_8_theme_4	0	Luggage Tag	Bagaj Etiketi	Bagagelabel	Kofferanhänger	Étiquette	Etiqueta	Etiqueta	Etiqueta	бирка	ネームタグ	네임택
collection_4_card_9_theme_4	0	Globe	Küre	Globe	Globus	Globe	Globo	Globo	Globo	Глобус	地球儀	지구본
collection_4_theme_5	0	Gelato Delights	Gelato	Gelato	Gelato	Gelato	Gelato	Gelato	Gelato	Деликатесы	ジェラート	젤라또
collection_4_card_1_theme_5	0	Wafer Rolls	Rulo Gofret	Wafelrolletjes	Waffelröllchen	Gaufrettes	Cialde	Wafer	Barquillos	Вафельные	ウェハース	웨하스
collection_4_card_2_theme_5	0	Scoop	Dondurma Kaşığı	IJsschep	Eislöffel	Cuillère	Pallina	Concha	Cuchara	Совок	ディッシャー	스쿱
collection_4_card_3_theme_5	0	Sprinkles	Pasta Süsü	Sprinkles	Streusel	Pépites	Zuccherini	Granulado	Chispitas	Посыпка	カラースプレー	스프링클
collection_4_card_4_theme_5	0	Ice Cream	Dondurma	IJsje	Eiscreme	Glace	Gelato	Sorvete	Helado	Мороженое	アイス	아이스크림
collection_4_card_5_theme_5	0	Ice Pop	Meyveli Buz	Ijslolly	Eis am Stiel	Sucette Glacée	Ghiacciolo	Picolé	Paleta	Ледышка	アイスキャンディー	아이스바
collection_4_card_6_theme_5	0	Cherry Cream	Vişneli Dond.	Kersencrème	Kirschsahne	Crème Cerise	Ciliegia	Cereja	Cereza	Вишнёвая	チェリーアイス	체리 아이스
collection_4_card_7_theme_5	0	Yoghurt	Yoğurt	Yoghurt	Joghurt	Yaourt	Yogurt	Iogurte	Yogur	Йогурт	ヨーグルト	요거트
collection_4_card_8_theme_5	0	Gelato	Gelato	Gelato	Gelato	Gelato	Gelato	Gelato	Gelato	Джелато	ジェラート	젤라또
collection_4_card_9_theme_5	0	Ice Sandwich	Sandviç	Ijssandwich	Eis-Sandwich	Sandwich Glacé	Sandwich	Sanduíche	Sándwich	Ледяной	アイスサンド	아이스 샌드
collection_4_theme_6	0	Festival	Festival	Festival	Festival	Festival	Festival	Festival	Festival	Фестиваль	お祭り	축제
collection_4_card_1_theme_6	0	Ticket Roll	Bilet Rulosu	Ticketrol	Ticketrolle	Tickets	Biglietti	Ingressos	Tickets	билетов	ロールチケット	롤 티켓
collection_4_card_2_theme_6	0	Festive Bulbs	Süs Işıkları	Lichtslinger	Lichterkette	Guirlande	Luci	Luzes	Bombillas	Праздничные	イルミネーション	조명
collection_4_card_3_theme_6	0	Boombox	Boombox	Boombox	Boombox	Boombox	Boombox	Boombox	Boombox	Бумбокс	ラジカセ	붐박스
collection_4_card_4_theme_6	0	Jester Hat	Soytarı Külahı	Narrenkap	Narrenhut	Chapeau de fou	Giullare	Chapéu Bobo	Gorro Bufón	Шутовской колпак	ピエロの帽子	광대 모자
collection_4_card_5_theme_6	0	Fireworks	Havai Fişek	Vuurwerk	Feuerwerk	Feu d'artifice	Fuochi	Fogos	Cohetes	Фейерверки	花火	폭죽
collection_4_card_6_theme_6	0	Pretzel	Pretzel	Pretzel	Brezel	Bretzel	Pretzel	Pretzel	Pretzel	Крендель	プレッツェル	프레첼
collection_4_card_7_theme_6	0	Cotton Candy	Pamuk Şeker	Suikerspin	Zuckerwatte	Barbe à Papa	Zucch. Filato	Algodão-doce	Algodón	Сахарная Вата	わたあめ	솜사탕
collection_4_card_8_theme_6	0	Bumper Car	Çarpışan Araba	Botsauto	Autoscooter	Auto-tampon.	Autoscontro	Bate-Bate	Auto Choque	Автодром	ゴーカート	범퍼카
collection_4_card_9_theme_6	0	Rocket Bundle	Roket Paketi	Raket Bundel	Raketenpaket	Pack de Fusées	Razzi	Foguetes	Cohetes	Пакет Ракеты	ロケット花火	로켓 폭죽
collection_4_theme_7	0	Fresh Food	Taze Yiyecek	Vers Voedsel	Frische Kost	Aliments frais	Cibo Fresco	Comida	Comida	Свежая Еда	フード	음식
collection_4_card_1_theme_7	0	Fruits	Meyve	Vruchten	Früchte	Fruits	Frutta	Frutas	Frutas	Фрукты	フルーツ	과일
collection_4_card_2_theme_7	0	Lemonade	Limonata	Limonade	Limonade	Limonade	Limonata	Limonada	Limonada	Лимонад	レモネード	레모네이드
collection_4_card_3_theme_7	0	Fruit Slush	Meyveli Buz	Vruchten Slush	Frucht-Slush	Granité	Frullato	Raspadinha	Bebida Fruta	Фруктовый Слаш	スムージー	슬러시
collection_4_card_4_theme_7	0	Mint Drink	Naneli İçecek	Muntdrank	Minzgetränk	Boisson Menthe	Mojito	Bebida Menta	Bebida Menta	Мятный Напиток	モヒート	모히또
collection_4_card_5_theme_7	0	Iced Tea	Buzlu Çay	IJsthee	Eistee	Thé Glacé	Tè Freddo	Chá Gelado	Té Helado	Холодный чай	アイスティー	아이스티
collection_4_card_6_theme_7	0	Strawberries	Çilek	Aardbeien	Erdbeeren	Fraises	Fragole	Morangos	Fresas	Клубника	イチゴ	딸기
collection_4_card_7_theme_7	0	Red Cherries	Kiraz	Rode Kersen	Rote Kirschen	Cerises Rouges	Ciliegie	Cerejas	Cerezas	Красные вишни	チェリー	체리
collection_4_card_8_theme_7	0	Watermelon	Karpuz	Watermeloen	Wassermelone	Pastèque	Anguria	Melancia	Sandía	Арбуз	スイカ	수박
collection_4_card_9_theme_7	0	Avocado Toast	Avokadolu Tost	Avocado Toast	Avocado-Toast	Toast avocat	Toast	Torrada	Tostada	Авокадо Тост	アボカドトースト	아보카도 토스트
collection_4_theme_8	0	Barbecue	Barbekü	Barbecue	Grillfest	Barbecue	Barbecue	Churrasco	Barbacoa	Барбекю	BBQ	바비큐
collection_4_card_1_theme_8	0	Spatula	Spatula	Spatel	Pfannenwender	Spatule	Spatola	Espátula	Espátula	Лопатка	トング	뒤집개
collection_4_card_2_theme_8	0	Sauces	Soslar	Sauzen	Soßen	Sauces	Salse	Molhos	Salsas	Соусы	ソース	소스
collection_4_card_3_theme_8	0	Oven Mitt	Fırın Eldiveni	Ovenwant	Ofenhandschuh	Gant de four	Guanto Forno	Luva	Manopla	Прихватка	ミトン	오븐 장갑
collection_4_card_4_theme_8	0	Cutlery	Çatal Bıçak	Bestek	Besteck	Couverts	Posate	Talheres	Cubiertos	Столовые	カトラリー	식기
collection_4_card_5_theme_8	0	Grill	Izgara	Grill	Grill	Gril	Griglia	Grelha	Parrilla	Гриль	グリル	그릴
collection_4_card_6_theme_8	0	Vegetables	Sebzeler	Groenten	Gemüse	Légumes	Verdure	Vegetais	Verduras	Овощи	野菜	채소
collection_4_card_7_theme_8	0	Cold Drinks	Soğuk İçecek	Koude Dranken	Kalte Getränke	Boissons	Bevande	Bebidas	Bebidas	Холодные	ドリンク	음료수
collection_4_card_8_theme_8	0	Hot Dog	Sosisli	Hotdog	Hotdog	Hot Dog	Hot Dog	Hot-Dog	Perrito	Хот-дог	ホットドッグ	핫도그
collection_4_card_9_theme_8	0	Cheeseburger	Cheeseburger	Cheeseburger	Cheeseburger	Cheeseburger	Hamburger	Hambúrguer	Hamburguesa	Чизбургер	チーズバーガー	치즈버거
collection_4_theme_9	0	Summer Spa	Yaz Spası	Zomer Spa	Sommer-Spa	Spa d'Été	Spa	Spa	Spa	Летний 	サマースパ	여름 스파
collection_4_card_1_theme_9	0	Body Brush	Vücut Fırçası	Badborstel	Körperbürste	Brosse corps	Spazzola	Escova	Cepillo	Щетка	ボディブラシ	바디 브러시
collection_4_card_2_theme_9	0	Face Roller	Yüz Rulosu	Gezichtsroller	Gesichtsroller	Rouleau visage	Rullo Viso	Rolo	Rodillo	Массажер	美顔ローラー	페이스 롤러
collection_4_card_3_theme_9	0	Candle	Mum	Kaars	Kerze	Bougie	Candela	Vela	Vela	Свеча	キャンドル	향초
collection_4_card_4_theme_9	0	Massage Oil	Masaj Yağı	Massageolie	Massageöl	Huile Massage	Olio Massaggio	Óleo	Aceite	масло	マッサージオイル	마사지 오일
collection_4_card_5_theme_9	0	Diffuser	Difüzör	Diffuser	Diffusor	Diffuseur	Diffusore	Difusor	Difusor	Диффузор	ディフューザー	디퓨저
collection_4_card_6_theme_9	0	Zen Stones	Zen Taşları	Zenstenen	Zen-Steine	Pierres Zen	Pietre Zen	Pedras Zen	Piedras Zen	Зен-камни	禅ストーン	젠 스톤
collection_4_card_7_theme_9	0	Herbal Tea	Bitki Çayı	Kruidenthee	Kräutertee	Thé aux Herbes	Tisana	Chá Ervas	Té Hierbas	Травяной чай	ハーブティー	허브티
collection_4_card_8_theme_9	0	Towels	Havlu	Handdoeken	Handtücher	Serviettes	Asciugamani	Toalhas	Toallas	Полотенца	タオル	수건
collection_4_card_9_theme_9	0	Spa Bowl	Spa Kâsesi	Spabad	Spa-Schüssel	Bol Spa	Ciotola	Tigela	Bolos	Боул-Спа	スパボウル	스파 볼
collection_4_theme_10	0	Starlit Cinema	Açık Sinema	Sterrenkino	Sternenkino	Cinéma Étoilé	Cinema	Cinema	Cine	Кинотеатр	星空シネマ	야외 영화관
collection_4_card_1_theme_10	0	Popcorn	Patlamış Mısır	Popcorn	Popcorn	Pop-corn	Popcorn	Pipoca	Palomitas	Попкорн	ポップコーン	팝콘
collection_4_card_2_theme_10	0	3D Glasses	3D Gözlük	3D-bril	3D-Brillen	Lunettes 3D	Occhiali 3D	Óculos 3D	Gafas 3D	3D Очки	3Dメガネ	3D 안경
collection_4_card_3_theme_10	0	Soda Cup	Soda Bardağı	Sodabeker	Soda-Becher	Gobelet Soda	Bibita	Refrigerante	Refresco	Стакан газировки	ソーダ	탄산음료
collection_4_card_4_theme_10	0	Film Reel	Film Makarası	Filmrolletje	Filmrolle	Bobine de film	Pellicola	Película	Película	Киноплёнка	フィルム	필름 릴
collection_4_card_5_theme_10	0	Projector	Projektör	Projector	Projektor	Projecteur	Proiettore	Projetor	Proyector	Проектор	プロジェクター	프로젝터
collection_4_card_6_theme_10	0	Megaphone	Megafon	Megafoon	Megafon	Mégaphone	Megafono	Megafone	Megáfono	Мегафон	メガホン	메가폰
collection_4_card_7_theme_10	0	Tickets	Bilet	Tickets	Tickets	Billets	Biglietti	Bilhetes	Boletos	Билеты	チケット	티켓
collection_4_card_8_theme_10	0	Clapperboard	Klaket	Klapbord	Filmklappe	Clap	Ciak	Claquete	Claqueta	Хлопушка	カチンコ	슬레이트
collection_4_card_9_theme_10	0	Golden Award	Altın Kupa	Gouden Prijs	Gold-Trophäe	Prix d'Or	Premio	Prêmio	Premio	Золотая Награда	トロフィー	트로피
collection_4_theme_11	0	Deep Sea	Denizaltı	Diepe Zee	Tiefsee	Mer Profonde	Mare Profondo	Mar Profundo	Mar Profundo	Глубокое Море	深海	심해
collection_4_card_1_theme_11	0	Speargun	Zıpkın	Speergeweer	Harpune	Fusil-harpon	Arpione	Arpão	Arpón	Гарпун	水中銃	작살총
collection_4_card_2_theme_11	0	Scuba Mask	Dalış Maskesi	Duikmasker	Taucherbrille	Masque Plongée	Maschera	Máscara	Máscara	Маска	ダイビングマスク	잠수 마스크
collection_4_card_3_theme_11	0	Snorkel	Şnorkel	Snorkel	Schnorchel	Tuba	Boccaglio	Snorkel	Snorkel	Подводная	シュノーケル	스노클
collection_4_card_4_theme_11	0	Diving Fins	Palet	Duikvinnen	Tauchflossen	Palmes	Pinne	Nadadeiras	Aletas	дайвинга	フィン	오리발
collection_4_card_5_theme_11	0	Seaweed	Yosun	Zeewier	Seetang	Algue	Alga	Alga	Alga	Водоросль	海藻	해초
collection_4_card_6_theme_11	0	Shark Fin	Köpek Balığı	Haaienvin	Haiflosse	Aileron	Pinna	Barbatana	Aleta	Акулий Плавник	サメの背ビレ	상어 지느러미
collection_4_card_7_theme_11	0	Coral	Mercan	Koraal	Koralle	Corail	Corallo	Coral	Coral	Коралл	サンゴ	산호
collection_4_card_8_theme_11	0	Scuba Tank	Dalış Tüpü	Duikfles	Tauchflasche	Bouteille O2	Bombola	Cilindro	Tanque	Акваланг	酸素ボンベ	산소통
collection_4_card_9_theme_11	0	Oyster	İstiridye	Oester	Auster	Huître	Ostrica	Ostra	Ostra	Устрица	真珠貝	진주조개
collection_4_theme_12	0	Cruise	Gemi	Cruise	Kreuzfahrt	Croisière	Crociera	Cruzeiro	Crucero	Круиз	クルーズ	크루즈
collection_4_card_1_theme_12	0	Anchor	Çapa	Anker	Anker	Ancre	Ancora	Âncora	Ancla	Якорь	錨	닻
collection_4_card_2_theme_12	0	Lighthouse	Deniz Feneri	Vuurtoren	Leuchtturm	Phare	Faro	Farol	Faro	Маяк	灯台	등대
collection_4_card_3_theme_12	0	Lifebuoy	Can Simidi	Reddingsboei	Rettungsring	Bouée	Salvagente	Boia	Salvavidas	Круг	浮き輪	구명튜브
collection_4_card_4_theme_12	0	Cruise Ship	Yolcu Gemisi	Cruiseschip	Kreuzer	Croiseur	Nave	Navio	Barco	Круизный Лайнер	豪華客船	유람선
collection_4_card_5_theme_12	0	Wheel	Dümen	Stuurwiel	Steuerrad	Gouvernail	Timone	Timão	Rueda	Колесо	操舵輪	조타륜
collection_4_card_6_theme_12	0	Binoculars	Dürbün	Verrekijker	Ferngläser	Jumelles	Binocolo	Binóculos	Binoculares	Бинокль	双眼鏡	쌍안경
collection_4_card_7_theme_12	0	Life Jacket	Can Yeleği	Reddingsvest	Rettungsweste	Gilet	Giubbotto	Colete	Chaleco	Жилет	ライフジャケット	구명조끼
collection_4_card_8_theme_12	0	Captain Hat	Kaptan Şapkası	Kapiteinspet	Kapitänshut	Casquette	Berretto	Quepe	Gorro Capitán	Фуражка	船長の帽子	선장 모자
collection_4_card_9_theme_12	0	Ocean Wave	Dev Dalga	Oceaangolf	Ozeanwelle	Vague Océane	Onda	Onda	Ola	Волна	波	파도
collection_4_theme_13	0	Ocean	Okyanus	Oceaan	Ozean	Océan	Oceano	Oceano	Océano	Океан	海	바다
collection_4_card_1_theme_13	0	Drift Boat	Sandal	Driftboot	Driftboot	Bateau	Barca	Bote	Bote	Шлюпка	小舟	보트
collection_4_card_2_theme_13	0	Hammock	Hamak	Hangmat	Hängematte	Hamac	Amaca	Rede	Hamaca	Гамак	ハンモック	해먹
collection_4_card_3_theme_13	0	Jellyfish	Denizanası	Kwallen	Qualle	Méduse	Medusa	Água-viva	Medusa	Медуза	クラゲ	해파리
collection_4_card_4_theme_13	0	Starfish	Denizyıldızı	Zeester	Seestern	Étoile de mer	Stella Marina	Estrela	Estrella Mar	Звезда	ヒトデ	불가사리
collection_4_card_5_theme_13	0	Paddle	Kürek	Peddel	Paddel	Pagaie	Remo	Remo	Remo	Лопасть	オール	노
collection_4_card_6_theme_13	0	Seashore	Sahil	Kustlijn	Meeresküste	Rivage	Spiaggia	Praia	Orilla	Пляж	ビーチ	해변
collection_4_card_7_theme_13	0	Sea Turtle	Kaplumbağa	Zeeschildpad	Schildkröte	Tortue de mer	Tartaruga	Tartaruga	Tortuga	Черепаха	ウミガメ	바다거북
collection_4_card_8_theme_13	0	Clownfish	Palyaço Balığı	Clownvis	Clownfisch	Poisson-clown	Pesce Clown	Peixe-palhaço	Pez Payaso	Рыба-клоун	クマノミ	흰동가리
collection_4_card_9_theme_13	0	Dolphin	Yunus	Dolfijn	Delfin	Dauphin	Delfino	Golfinho	Delfín	Дельфин	イルカ	돌고래
collection_4_theme_14	0	Pool	Havuz	Zwembad	Pool	Piscine	Piscina	Piscina	Piscina	Бассейн	プール	수영장
collection_4_card_1_theme_14	0	Beachball	Plaj Topu	Strandbal	Strandball	Ballon plage	Pallone	Bola	Pelota	Мяч	ビーチボール	비치볼
collection_4_card_2_theme_14	0	Umbrella	Şemsiye	Parasol	Sonnenschirm	Parasol	Ombrellone	Guarda-sol	Sombrilla	Зонт	パラソル	파라솔
collection_4_card_3_theme_14	0	Slippers	Terlik	Slippers	Badeschlappen	Tongs	Ciabatte	Chinelos	Chanclas	Тапочки	ビーチサンダル	쪼리
collection_4_card_4_theme_14	0	Beach Chair	Şezlong	Strandstoel	Strandstuhl	Chaise longue	Sdraio	Cadeira	Silla Playa	Шезлонг	ビーチチェア	썬베드
collection_4_card_5_theme_14	0	Sunglasses	Güneş Gözlüğü	Zonnebril	Sonnenbrille	Lunettes sol	Occhiali Sole	Óculos Sol	Gafas de Sol	Очки	サングラス	선글라스
collection_4_card_6_theme_14	0	Toy Duck	Oyuncak Ördek	Speelgoed Eend	Spielzeugente	Canard Jouet	Paperella	Patinho	Patito	Уточка	ラバーダック	러버덕
collection_4_card_7_theme_14	0	Flamingo	Flamingo	Flamingo	Flamingo	Flamant	Fenicottero	Flamingo	Flamenco	Фламинго	フラミンゴ	플라밍고
collection_4_card_8_theme_14	0	Water Gun	Su Tabancası	Waterpistool	Wasserpistole	Pistolet à Eau	Pistola Acqua	Arma d'água	Pistola Agua	Водомет	水鉄砲	물총
collection_4_card_9_theme_14	0	Chillin	Dinlenme	Chillen	Relaxen	Détente	Relax	Relax	Relax	Отдых	リラックス	휴식
collection_4_theme_15	0	Tropical	Tropikal	Tropisch	Tropisch	Tropical	Tropicale	Tropical	Tropical	Тропики	トロピカル	트로피컬
collection_4_card_1_theme_15	0	Banana Tree	Muz Ağacı	Bananenboom	Bananenbaum	Bananier	Banano	Bananeira	Palmera	Пальма	バナナの木	바나나 나무
collection_4_card_2_theme_15	0	Crabs	Yengeç	Krabben	Krabben	Crabes	Granchio	Caranguejo	Cangrejo	Краб	カニ	게
collection_4_card_3_theme_15	0	Pineapple	Ananas	Ananas	Ananas	Ananas	Ananas	Abacaxi	Piña	Ананас	パイナップル	파인애플
collection_4_card_4_theme_15	0	Guitar	Gitar	Gitaar	Gitarre	Guitare	Chitarra	Violão	Guitarra	Гитара	ギター	기타
collection_4_card_5_theme_15	0	Flower Chain	Çiçek Kolye	Bloemenketting	Blumenkette	Collier fleurs	Collana Fiori	Colar Flores	Collar Flores	Леи	レイ	화환
collection_4_card_6_theme_15	0	Floral Dress	Çiçekli Elbise	Bloemenjurk	Blumenkleid	Robe Florale	Vestito	Vestido	Vestido	Платье	サマードレス	꽃무늬 원피스
collection_4_card_7_theme_15	0	Aloha	Aloha	Aloha	Aloha	Aloha	Aloha	Aloha	Aloha	Алоха	アロハ	알로하
collection_4_card_8_theme_15	0	The Winner	Kazanan	De Winnaar	Der Gewinner	Le Gagnant	Vincitore	Vencedor	Ganador	Победитель	優勝者	우승자
collection_4_card_9_theme_15	0	Surfer	Sörfçü	Surfer	Surfer	Surfeur	Surfista	Surfista	Surfista	Серфер	サーファー	서퍼
noads_description_1	0	Remove all forced ads forever!	Zorunlu reklamları sonsuza dek kaldır!	Verwijder voor altijd alle verplichte advertenties!	Entferne alle erzwungenen Anzeigen für immer!	Supprimez toutes les publicités forcées pour toujours !	Rimuovi per sempre tutte le pubblicità forzate!	Remova todos os anúncios forçados para sempre!	¡Elimina todos los anuncios forzados para siempre!	Удалите все принудительные рекламные объявления навсегда!	強制広告を永久に削除！	모든 강제 광고를 영구히 제거하세요!
noads_description_2	0	Keep optional ads for rewards!	Ödüller için isteğe bağlı reklamları tutun!	Houd optionele advertenties voor beloningen!	Optionale Werbung für Belohnungen behalten!	Conservez les publicités optionnelles pour obtenir des récompenses !	Mantieni le pubblicità opzionali per ottenere ricompense!	Mantenha os anúncios opcionais para recompensas!	¡Mantén los anuncios opcionales para obtener recompensas!	Сохраняйте необязательную рекламу для получения наград!	報酬を得るためにオプション広告を維持しよう！	보상을 위한 선택적 광고를 유지하세요!
noads_title	0	Remove ADS	Reklamları Kaldır	Advertenties Verwijderen	Werbung entfernen	Supprimer les PUBS	Rimuovi ANNUNCI	Remover ANÚNCIOS	Eliminar ANUNCIOS	Удалить рекламу	広告を削除	광고 제거
BoatRushTitle	0	Boat Rush	Tekne Yarışı	Bootrace	Bootsrennen	Rush en Bateau	Title dell’imbarcazione	Corrida de Barcos	Título de Carrera de Barcos	Лодочный Забег	ボートラッシュ	보트 러시
BoatRushJoinBannerText	0	Beat <color=#FFB70B>{0} stages</color> to win the grand prize!	Büyük ödülü kazanmak için <color=#FFB70B>{0} aşamayı</color> geç!	Behaal <color=#FFB70B>{0} levels</color> om de hoofdprijs te winnen!	Besiege <color=#FFB70B>{0} Levels</color>, um den Hauptpreis zu gewinnen!	Terminez <color=#FFB70B>{0} niveaux</color> pour remporter le grand prix !	Supera <color=#FFB70B>{0} livelli</color> per vincere il gran premio!	Complete <color=#FFB70B>{0} fases</color> para ganhar o grande prêmio!	¡Supera <color=#FFB70B>{0} etapas</color> para ganar el gran premio!	Пройдите <color=#FFB70B>{0} уровней</color>, чтобы выиграть главный приз!	<color=#FFB70B>{0}ステージ</color>をクリアして、豪華賞品を獲得しよう！	<color=#FFB70B>{0} 단계</color>를 완료하여 대상을 획득하세요!
BoatRushTitleCompletedText	0	Congratulations! You completed the challenge!	Tebrikler! Mücadeleyi tamamladınız!	Gefeliciteerd! Je hebt de uitdaging voltooid!	Herzlichen Glückwunsch! Du hast die Herausforderung abgeschlossen!	Félicitations ! Vous avez réussi le défi !	Congratulazioni! Hai completato la sfida!	Parabéns! Você completou o desafio!	¡Felicidades! ¡Completaste el desafío!	Поздравляем! Вы выполнили задание!	おめでとうございます！チャレンジをクリアしました！	축하합니다! 챌린지를 완료했습니다!
BoatRushInfoText1	0	Beat {0} levels!	{0} seviyeyi yen!	Versla {0} levels!	Schließe {0} Level ab!	Bats {0} niveaux !	Completa {0} livelli!	Passe {0} níveis!	¡Supera {0} niveles!	Пройди {0} уровней!	{0}レベルをクリアしよう！	{0} 레벨을 완료하세요!
BoatRushInfoText2	0	Finish race before others	Yarışı diğerlerinden önce bitir	Voltooi de race vóór de anderen	Beende das Rennen vor den anderen	Terminez la course avant les autres	Completa la gara prima degli altri	Termine a corrida antes dos outros	Termina la carrera antes que los demás	Завершите гонку раньше остальных	レースを他のプレイヤーより先に終わらせよう	레이스를 다른 사람들보다 먼저 완료하세요.
BoatRushInfoText3	0	Advance to next stages for greater prizes!	Daha büyük ödüller için bir sonraki aşamalara geçin!	Ga naar de volgende fases voor grotere prijzen!	Steige zu den nächsten Stufen auf, um größere Preise zu erhalten!	Avancez aux étapes suivantes pour des prix plus importants !	Avanza ai livelli successivi per ottenere premi maggiori!	Avance para os próximos estágios para maiores prêmios!	¡Avanza a las siguientes etapas para obtener premios mayores!	Переходите на новые этапы, чтобы получить еще большие призы!	次のステージに進んで、より大きな賞品を手に入れよう！	더 큰 보상을 위해 다음 단계로 나아가세요!
BoatRushInfoText4	0	Win amazing rewards!	Muhteşem ödüller kazanın!	Win geweldige beloningen!	Gewinne unglaubliche Belohnungen!	Gagnez des récompenses incroyables !	Vinci premi incredibili!	Ganhe recompensas incríveis!	¡Gana increíbles recompensas!	Выиграйте потрясающие награды!	素晴らしい報酬を獲得しよう！	놀라운 보상을 획득하세요!
BoatRushRaceBannerText	0	Stage {0}/{1}: Beat <color=#FFB70B>{2} levels</color> before others to win rewards.	Aşama {0}/{1}: Ödülleri kazanmak için <color=#FFB70B>{2} seviyeyi</color> diğerlerinden önce tamamla.	Stadium {0}/{1}: Voltooi <color=#FFB70B>{2} levels</color> vóór anderen om beloningen te winnen.	Stufe {0}/{1}: Schlage <color=#FFB70B>{2} Level</color> vor den anderen, um Belohnungen zu gewinnen.	Étage {0}/{1} : Terminez <color=#FFB70B>{2} niveaux</color> avant les autres pour gagner des récompenses.	Stage {0}/{1}: Completa <color=#FFB70B>{2} livelli</color> prima degli altri per vincere ricompense.	Estágio {0}/{1}: Complete <color=#FFB70B>{2} níveis</color> antes dos outros para ganhar recompensas.	Etapa {0}/{1}: Supera <color=#FFB70B>{2} niveles</color> antes que otros para ganar recompensas.	Этап {0}/{1}: Пройди <color=#FFB70B>{2} уровней</color> быстрее других, чтобы получить награды.	ステージ {0}/{1}：<color=#FFB70B>{2} レベル</color>を他のプレイヤーより先にクリアして、報酬を獲得しましょう。	스테이지 {0}/{1}: 다른 사람들보다 먼저 <color=#FFB70B>{2} 레벨</color>을 완료하여 보상을 획득하세요.
BoatRushRaceBannerTextLose	0	Stage {0}/{1}: Race is over! Hurry up next time to win rewards!	Aşama {0}/{1}: Yarış bitti! Bir dahaki sefere acele et ve ödülleri kazan!	Stage {0}/{1}: De race is voorbij! Zorg dat je de volgende keer snel bent om beloningen te winnen!	Stufe {0}/{1}: Das Rennen ist vorbei! Beeil dich das nächste Mal, um Belohnungen zu gewinnen!	Étape {0}/{1} : La course est terminée ! Dépêchez-vous la prochaine fois pour gagner des récompenses !	Livello {0}/{1}: La gara è finita! Fai più in fretta la prossima volta per vincere premi!	Estágio {0}/{1}: A corrida acabou! Apresse-se da próxima vez para ganhar recompensas!	Etapa {0}/{1}: ¡La carrera ha terminado! ¡Date prisa la próxima vez para ganar recompensas!	Этап {0}/{1}: Гонка окончена! В следующий раз поспешите, чтобы выиграть призы!	ステージ {0}/{1}：レース終了！次回は急いで報酬をゲットしよう！	스테이지 {0}/{1}: 경주가 끝났습니다! 다음 번에는 서둘러서 보상을 받으세요!
BoatRushRaceBannerTextWin	0	Stage {0}/{1}: You won the race! Claim stage to continue!	Aşama {0}/{1}: Yarışı kazandınız! Devam etmek için aşamayı alın!	Fase {0}/{1}: Je hebt de race gewonnen! Claim de fase om door te gaan!	Stage {0}/{1}: Du hast das Rennen gewonnen! Fordere die Stufe an, um fortzufahren!	Étape {0}/{1} : Vous avez gagné la course ! Réclamez l'étape pour continuer !	Fase {0}/{1}: Hai vinto la gara! Rivendica la fase per continuare!	Estágio {0}/{1}: Você venceu a corrida! Reivindique o estágio para continuar!	Escenario {0}/{1}: ¡Ganaste la carrera! ¡Reclama el escenario para continuar!	Этап {0}/{1}: Вы выиграли гонку! Заберите награду, чтобы продолжить!	ステージ {0}/{1}：あなたはレースに勝ちました！ステージを獲得して続けましょう！	스테이지 {0}/{1}: 경주에서 승리했습니다! 계속하려면 스테이지를 획득하세요!
BoatRushStage	0	Stage	Aşama	Stadium	Stufe	Étape	Fase	Estágio	Escenario	Этап	ステージ	단계
BoatRushRaceRewardsTitle	0	Boat Rush Rewards	Tekne Yarışı Ödülleri	Boot Rush Beloningen	Bootstour-Belohnungen	Récompenses de la Course de Bateaux	Ricompense Corsa in Barca	Recompensas do Boat Rush	Recompensas de Boat Rush	Награды за Boat Rush	ボートラッシュ報酬	보트 러시 보상
BoatRushTierRewardsTitle	0	Chest Rewards	Sandık Ödülleri	Kistenbeloningen	Truhenbelohnungen	Récompenses de Coffre	Ricompense dei Bauli	Recompensas do Baú	Recompensas del Cofre	Награды за сундуки	宝箱の報酬	상자 보상
BoatRushFirstPlaceClaimed	0	<color=#EF980B>1st</color> place claimed!	<color=#EF980B>1.</color> yer kazanıldı!	<color=#EF980B>1e</color> plaats behaald!	<color=#EF980B>1. Platz</color> Won!	<color=#EF980B>1ère</color> place revendiquée !	<color=#EF980B>1°</color> posto conquistato!	<color=#EF980B>1º</color> lugar conquistado!	¡<color=#EF980B>1er</color> lugar reclamado!	<color=#EF980B>1-е</color> место занято!	<color=#EF980B>1位</color>を獲得しました！	<color=#EF980B>1위</color> 달성!
BoatRushSecondPlaceClaimed	0	<color=#3C78BE>2nd</color> place claimed!	<color=#3C78BE>2.</color> yer kazanıldı!	<color=#3C78BE>2e</color> plaats behaald!	<color=#3C78BE>2. Platz</color> Won!	<color=#3C78BE>2ème</color> place revendiquée !	<color=#3C78BE>2º</color> posto conquistato!	<color=#3C78BE>2º</color> lugar conquistado!	¡<color=#3C78BE>2er</color> lugar reclamado!	<color=#3C78BE>2-е</color> место занято!	<color=#3C78BE>2位</color>を獲得しました！	<color=#3C78BE>2위</color> 달성!
BoatRushThirdPlaceClaimed	0	<color=#AE5700>3rd</color> place claimed!	<color=#AE5700>3.</color> yer kazanıldı!	<color=#AE5700>3e</color> plaats behaald!	<color=#AE5700>3. Platz</color> Won!	<color=#AE5700>3ème</color> place revendiquée !	<color=#AE5700>3°</color> posto conquistato!	<color=#AE5700>3º</color> lugar conquistado!	¡<color=#AE5700>3er</color> lugar reclamado!	<color=#AE5700>3-е</color> место занято!	<color=#AE5700>3位</color>を獲得しました！	<color=#AE5700>3위</color> 달성!
WebShopTitle	0	Choose Payment	Ödeme Seçin	Betaling Kiezen	Zahlung auswählen	Choisissez le paiement	Scegli il pagamento	Escolher Pagamento	Seleccionar método de pago	Выберите способ оплаты	支払い方法を選択	결제 방법 선택
WebShopInApp	0	Pay In-App	Uygulamada Öde	Betaal In-App	Zahle In-App	Payer Dans l'App	Paga In-App	Pagar In-App	Pagar en la aplicación	Оплатить в приложении	アプリ内課金	인앱 결제
WebShopOnWeb	0	Pay On-Web	Web'de Öde	Betalen Op-Web	Bezahlen auf Web	Payer sur le Web	Paga Sul Web	Pague Na Web	Paga en la Web	Оплата Онлайн	ウェブで支払う	결제 On-Web
WebShopOff	0	<color=#f6e480>OFF</color>	<color=#f6e480>İNDİRİM</color>	<color=#f6e480>KORTING</color>	<color=#f6e480>RABATT</color>	<color=#f6e480>REMISE</color>	<color=#f6e480>SCONTO</color>	<color=#f6e480>DESCONTO</color>	<color=#f6e480>DESCUENTO</color>	<color=#f6e480>СКИДКА</color>	<color=#f6e480>割引</color>	<color=#f6e480>할인</color>
WebShopNoExtraBonus	0	No Extra Bonus	Ekstra Bonus Yok	Geen Extra Bonus	Kein zusätzlicher Bonus	Pas de Bonus Supplémentaire	Nessun Bonus Extra	Sem Bônus Extra	Sin Bonificación Extra	Без дополнительного бонуса	追加ボーナスなし	추가 보너스 없음
WebShopNoExtraDiscount	0	No Discount	İndirim Yok	Geen Korting	Kein Rabatt	Pas de réduction	Nessuno Sconto	Sem Desconto	Sin Descuento	Без скидки	割引なし	할인 없음
WebShopSecurePayment	0	Secure Payment	Güvenli Ödeme	Veilige Betaling	Sichere Zahlung	Paiement sécurisé	Pagamento Sicuro	Pagamento Seguro	Pago Seguro	Безопасная оплата	安全な支払い	안전한 결제
WebShopBonusReward	0	Web Shop Bonus	Web Shop Bonusu	Webshopbonus	Webshop-Bonus	Texte : Bonus de la boutique en ligne	Negozio Web Bonus	Bônus da Loja Online	Bono de la Tienda Web	Бонус в Веб-магазине	ウェブショップボーナス	웹 샵 보너스
WebShopPurchaseFailedText	0	Your purchase could not be resolved!	Satın alma işleminiz tamamlanamadı!	Je aankoop kon niet worden voltooid!	Ihr Einkauf konnte nicht abgeschlossen werden!	Votre achat n'a pas pu être traité !	Il tuo acquisto non può essere completato!	Sua compra não pôde ser concluída!	¡No se pudo completar tu compra!	Вашу покупку не удалось обработать!	購入を完了できませんでした！	구매가 완료되지 않았습니다!
MergeMiniGameTitle	0	Merge Bakery	Birleştirme Fırını	Merge Bakkerij	Misch-Bäckerei	Fusionner la Boulangerie	Unisci Panetteria	Mesclar Padaria	Fusión de Pastelería	Объединение Пекарни	合併するベーカリー	머지 베이커리
MergeMiniGameInfoStep1	0	 <color=#FFC210>Win</color> energy from events and levels!	Etkinliklerden ve seviyelerden <color=#FFC210>Kazan</color> enerji!	<color=#FFC210>Win</color> energie van evenementen en levels!	<color=#FFC210>Gewinne</color> Energie aus Events und Levels!	<color=#FFC210>Gagnez</color> de l'énergie lors des événements et des niveaux !	<color=#FFC210>Vinci</color> energia da eventi e livelli!	<color=#FFC210>Ganhe</color> energia em eventos e níveis!	<color=#FFC210>¡Gana</color> energía en eventos y niveles!	<color=#FFC210>Выигрывайте</color> энергию в событиях и уровнях!	<color=#FFC210>イベントやレベルでエネルギーを獲得</color>しましょう！	<color=#FFC210>이기면</color> 이벤트와 레벨에서 에너지를 얻을 수 있습니다!
MergeMiniGameInfoStep2	0	 <color=#FFC210>Use</color> energy to generate items!	<color=#FFC210>Enerji</color> kullanarak eşyalar oluştur!	<color=#FFC210>Gebruik</color> energie om items te genereren!	<color=#FFC210>Verwende</color> Energie, um Gegenstände zu erzeugen!	<color=#FFC210>Utilisez</color> de l'énergie pour générer des objets !	<color=#FFC210>Usa</color> energia per generare oggetti!	<color=#FFC210>Use</color> energia para gerar itens!	<color=#FFC210>Usa</color> energía para generar objetos.	<color=#FFC210>Используйте</color> энергию, чтобы создать предметы!	<color=#FFC210>エネルギーを使用して</color>アイテムを生成しよう！	<color=#FFC210>에너지를 사용하여</color> 아이템을 생성하세요!
MergeMiniGameInfoStep3	0	 <color=#FFC210>Merge</color> items!	Öğeleri <color=#FFC210>Birleştir</color>!	<color=#FFC210>Voeg samen</color> items!	<color=#FFC210>Vereine</color> Gegenstände!	<color=#FFC210>Fusionnez</color> des objets !	\n<color=#FFC210>Unisci</color> gli oggetti!	<color=#FFC210>Junte</color> itens!	¡<color=#FFC210>Combina</color> objetos!	<color=#FFC210>Объединяйте</color> предметы!	アイテムを<color=#FFC210>合成</color>しよう！	<color=#FFC210>합치기</color> 아이템!
MergeMiniGameInfoStep4	0	 <color=#FFC210>Discover</color> all items and win the Grand Prize!	Tüm eşyaları <color=#FFC210>Keşfet</color> ve Büyük Ödülü kazan!	<color=#FFC210>Ontdek</color> alle items en win de Hoofdprijs!	<color=#FFC210>Entdecke</color> alle Gegenstände und gewinne den Hauptpreis!	<color=#FFC210>Découvrez</color> tous les objets et remportez le Grand Prix !	<color=#FFC210>Scopri</color> tutti gli oggetti e vinci il Gran Premio!	<color=#FFC210>Descubra</color> todos os itens e ganhe o Grande Prêmio!	<color=#FFC210>Descubre</color> todos los objetos y gana el Gran Premio.	<color=#FFC210>Откройте</color> все предметы и выиграйте главный приз!	<color=#FFC210>すべてのアイテムを発見</color>して、グランド賞を勝ち取ろう！	<color=#FFC210>모든 아이템을 발견</color>하고 대상을 획득하세요!
MergeMiniGameInfoRewarded	0	Reward Items	Ödül Öğeleri	Beloningsitems	Belohnungsgegenstände	Éléments de récompense	Oggetti Ricompensa	Itens de Recompensa	Artículos de Recompensa	Предметы награды	報酬アイテム	보상 아이템
MergeMiniGameRewardedInfoStep1	0	 <color=#FFC210>Merge items</color> and reach the reward items!	<color=#FFC210>Eşyaları birleştir</color> ve ödül eşyalarına ulaş!	<color=#FFC210>Combineer items</color> en bereik de beloningsitems!	<color=#FFC210>Verbinde Gegenstände</color> und erreiche die Belohnungsgegenstände!	<color=#FFC210>Fusionne les objets</color> et atteins les objets de récompense !	<color=#FFC210>Unisci gli oggetti</color> e raggiungi gli oggetti premio!	<color=#FFC210>Una os itens</color> e alcance os itens de recompensa!	<color=#FFC210>Combina objetos</color> y alcanza los objetos de recompensa.	<color=#FFC210>Объединяйте предметы</color> и добирайтесь до предметов награды!	<color=#FFC210>アイテムを合成</color>して、報酬アイテムに到達しよう！	<color=#FFC210>아이템을 합치고</color> 보상 아이템에 도달하세요!
MergeMiniGameRewardedInfoStep2	0	 Merge <color=#FFC210>reward items</color> to unlock bigger rewards!	Ödülleri büyütmek için <color=#FFC210>ödül eşyalarını</color> birleştir!	Combineer <color=#FFC210>beloningsitems</color> om grotere beloningen te ontgrendelen!	Mische <color=#FFC210>Belohnungsgegenstände</color>, um größere Belohnungen freizuschalten!	Fusionnez les <color=#FFC210>objets de récompense</color> pour débloquer de plus grandes récompenses !	Unisci gli <color=#FFC210>oggetti premio</color> per sbloccare premi più grandi!	Una os <color=#FFC210>itens de recompensa</color> para desbloquear recompensas maiores!	Fusiona <color=#FFC210>objetos de recompensa</color> para desbloquear recompensas más grandes.	Объединяйте <color=#FFC210>элементы награды</color>, чтобы получить более крупные награды!	報酬アイテムを<color=#FFC210>合成</color>して、さらに大きな報酬をアンロックしよう！	병합하여 <color=#FFC210>보상 아이템</color>을 더 큰 보상으로 잠금 해제하세요!
MergeMiniGameRewardedInfoStep3	0	<color=#FFC210>Double-tap</color> to claim your rewards!	<color=#FFC210>Ödüllerinizi almak için iki kez dokunun!</color>	<color=#FFC210>Dubbeltikken</color> om je beloningen te innen!	<color=#FFC210>Doppelt tippen</color>, um deine Belohnungen zu erhalten!	<color=#FFC210>Double-tapez</color> pour réclamer vos récompenses !	<color=#FFC210>Tocca due volte</color> per richiedere i tuoi premi!	<color=#FFC210>Toque duas vezes</color> para reivindicar suas recompensas!	<color=#FFC210>Toca dos veces</color> para reclamar tus recompensas.	<color=#FFC210>Двойное нажатие</color>, чтобы получить ваши награды!	<color=#FFC210>ダブルタップ</color>して報酬を受け取りましょう！	<color=#FFC210>두 번 탭하여</color> 보상을 받으세요!
MergeMiniGameJoinText	0	Complete all Merge Items to win the Grand Prize	Tüm Birleştirme Eşyalarını tamamlayarak Büyük Ödülü kazanın.	Voltooi alle samengevoegde items om de Hoofdprijs te winnen.	Schließe alle Merge-Elemente ab, um den Hauptpreis zu gewinnen.	Terminez tous les Objets Fusion pour remporter le Grand Prix	Completa tutti gli oggetti Merge per vincere il Gran Premio	Complete todos os Itens de Mesclagem para ganhar o Grande Prêmio	Completa todos los Objetos Combinados para ganar el Gran Premio.	Завершите все объединения предметов, чтобы выиграть главный приз.	すべてのマージアイテムを完成させて、グランドプライズを手に入れよう	모든 병합 아이템을 완료하여 대상을 획득하세요.
MergeButtonNoEnergyText	0	No Energy!	Enerji Yok!	Geen energie!	Keine Energie!	Pas d'énergie !	Energia esaurita!	Sem Energia!	¡Sin energía!	Нет энергии!	エネルギーがありません！	에너지가 없습니다!
MergeButtonNoSpaceText	0	No Space!	Boşluk Yok!	Geen Ruimte!	Kein Platz!	Pas d'espace !	Nessuno Spazio!	Sem Espaço!	¡Sin espacio!	Нет места!	スペースなし！	공간 없음!
MergeAreYouSureText	0	You will lose your energy if you quit!	Çıkarsanız enerjinizi kaybedeceksiniz!	Je verliest je energie als je stopt!	Du wirst deine Energie verlieren, wenn du aufhörst!	Vous perdrez votre énergie si vous quittez !	Perderai la tua energia se abbandoni!	Você perderá sua energia se sair!	¡Perderás tu energía si te sales!	Вы потеряете энергию, если выйдете!	ゲームを終了するとエネルギーを失いますよ！	그만두시면 에너지가 사라집니다!
MergeItems	0	Merge Items	Eşyaları Birleştir	Voorwerp Samenvoegen	Gegenstände Zusammenführen	Fusionner des objets	Unisci Oggetti	Fundir Itens	Combinar objetos	Объединить предметы	アイテムを合成	아이템 합치기
Bakery	0	Bakery	Fırın	Bakkerij	Bäckerei	Boulangerie	Panetteria	Padaria	Panadería	Пекарня	ベーカリー	베이커리
Coffee	0	Coffee	Kahve	Koffie	Kaffee	Café	Caffè	Café	Café	Кофе	コーヒー	커피
Energy	0	Energy	Enerji	Energie	Energie	Énergie	Energia	Energia	Energía	Энергия	エネルギー	에너지
Coin	0	Coin	Madeni Para	Munt	Münze	Pièce	Moneta	Moeda	Moneda	Монета	コイン	코인
UnlimitedLife	0	Unlimited Life	Sınırsız Can	Onbeperkt Leven	Unbegrenztes Leben	Vie illimitée	Vite Illimitate	Vida Ilimitada	Vidas Ilimitadas	Неограниченная Жизнь	無制限のライフ	무제한 생명
MergeNewItemTitle	0	New Item Found!	Yeni Eşya Bulundu!	Nieuw Item Gevonden!	Neues Objekt gefunden!	Nouvel objet trouvé !	Oggetto Nuovo Trovato!	Novo Item Encontrado!	¡Nuevo objeto encontrado!	Найден новый предмет!	新しいアイテムが見つかりました！	새로운 아이템 발견!
MergeMultiplierUnlockToolbarText	0	Merge items to unlock higher multipliers	Öğeleri birleştirerek daha yüksek çarpanları aç	Voeg items samen om hogere vermenigvuldigers te ontgrendelen	Gegenstände kombinieren, um höhere Multiplikatoren freizuschalten	Fusionnez des objets pour débloquer des multiplicateurs plus élevés	Unisci gli oggetti per sbloccare moltiplicatori più alti	Una itens para desbloquear multiplicadores maiores	Combina elementos para desbloquear multiplicadores más altos	Совмещайте предметы, чтобы разблокировать более высокие множители	アイテムをマージして、より高いマルチプライヤーをアンロックしましょう	아이템을 병합하여 더 높은 배수기를 잠금 해제하세요
MergeEventFailedTitle	0	Time's Up	Süre Doldu	Tijd is om	Die Zeit ist um	Le temps est écoulé	Il tempo è scaduto	O tempo acabou	¡Se acabó el tiempo!	Время вышло	時間切れ	시간이 다 됐습니다.
MergeEventFailedDescription	0	Merge Bakery has ended!\nTry again next time.	Merge Fırını sona erdi!  \nBir dahaki sefere tekrar deneyin.	Merge Bakkerij is afgelopen!  \nProbeer het de volgende keer opnieuw.	Die Zusammenführung der Bäckerei ist beendet!  \nVersuchen Sie es beim nächsten Mal erneut.	La fusion de la boulangerie est terminée !  \nRéessayez la prochaine fois.	La Fusione della Pasticceria è terminata!  \nRiprova la prossima volta.	A Fusão da Padaria terminou!  \nTente novamente na próxima vez.	¡La Fusión de la Panadería ha terminado!\nInténtalo de nuevo la próxima vez.	Закрытие Пекарни. Попробуйте снова в следующий раз.	マージベーカリーが終了しました！\n次回にまた挑戦してください。	베이커리 합치기가 종료되었습니다!\n다음 기회에 다시 도전해보세요.
MergeEventCompleted	0	Event Completed!	Etkinlik Tamamlandı!	Evenement voltooid!	Event abgeschlossen!	Événement terminé !	Evento Completato!	Evento Concluído!	¡Evento completado!	Событие завершено!	イベント完了！	이벤트 완료!
MergeMiniGameCollectibleReward	0	Merge Collectible Rewards	Birleştirme Koleksiyon Ödülleri	Voeg Verzamelbeloningen Samen	Belohnungen für das Sammeln von Gegenständen zusammenführen	Récompenses de collection fusionnées	Ricompense Collezionabili da Unire	Recompensas de Colecionáveis de Fusão	Recompensas de coleccionables de combinación	Награды за объединённые коллекционные предметы	コレクション報酬を合成する	수집 보상 병합
MergeMiniGameStageCompleted	0	Merge Stage Rewards	Birleştirme Aşaması Ödülleri	Samensmeltingsfasebeloningen	Belohnungen für den Fusionsabschnitt	Récompenses de niveau de fusion	Ricompense di Fase di Fusione	Recompensas da Fase de Mesclagem	Recompensas de la Etapa de Combinación	Награды за этап слияния	ステージ統合報酬	병합 스테이지 보상
MergeMiniGameGrandPrize	0	Merge Grand Prize	Büyük Ödülü Birleştir	Grote Hoofdprijs Samenvoegen	Hauptpreis zusammenführen	Grand Prix de Fusion	Gran Premio di Unione	Grande Prêmio de Fusão	Gran Premio de Fusión	Гран-при слияния	マージグランド賞	합병 대상大奖
MergeNewMultiplierAvailable	0	New Multiplier is available now!	Yeni Çarpan şimdi kullanılabilir!	Nieuwe vermenigvuldiger is nu beschikbaar!	Neuer Multiplikator ist jetzt verfügbar!	Un nouveau multiplicateur est maintenant disponible !	Nuovo Moltiplicatore disponibile ora!	Novo Multiplicador disponível agora!	¡Un nuevo multiplicador está disponible ahora!	Новый мультипликатор теперь доступен!	新しいマルチプライヤーが利用可能になりました！	새로운 배수가 이제 이용 가능합니다!
MergeTutorialItem	0	Merge 2 items to upgrade!	2 öğeyi birleştirip yükselt!	Voeg 2 items samen om te upgraden!	Kombiniere 2 Gegenstände, um ein Upgrade durchzuführen!	Fusionne 2 objets pour améliorer !	Unisci 2 oggetti per migliorare!	Una 2 itens para melhorar!	¡Combina 2 elementos para mejorar!	Объедините 2 предмета, чтобы улучшить!	アイテムを2つ合成してアップグレードしよう！	아이템 2개를 합쳐 업그레이드하세요!
MergeTutorialBubble	0	 Uncover bubble item by merging it!	Balon öğesini birleştirerek ortaya çıkar!	Ontdek een bubbelitem door het te combineren!	Decke das Blasen-Item auf, indem du es zusammenführst!	Découvrez l'objet bulle en le fusionnant !	Svela l'oggetto bolla unendolo!	Descubra o item de bolha unindo-o!	¡Descubre el objeto burbuja combinándolo!	Обнаружьте предмет пузыря, объединив его!	バブルアイテムを合体させて明らかにしよう！	거품 아이템을 합쳐서 발견하세요!
MergeTutorialGeneratorItem	0	Tap to spawn items	Eşyaları üretmek için dokun	Tik om items te laten verschijnen	Tippe, um Gegenstände erscheinen zu lassen.	Appuyez pour faire apparaître des objets	Tocca per generare oggetti	Toque para gerar itens	Toca para generar objetos	Нажмите, чтобы создать предметы	アイテムを生成するにはタップしてください	탭하여 아이템 소환
MergeTutorialCollectible	0	Tap to collect rewards	Ödülleri toplamak için dokunun	Tik om beloningen te verzamelen	Tippen, um Belohnungen zu sammeln.	Touchez pour collecter les récompenses	Tocca per raccogliere le ricompense	Toque para coletar recompensas	Toca para recoger las recompensas	Нажмите, чтобы собрать награды	報酬を集めるにはタップしてください。	보상을 받으려면 탭하세요.
MergeBlockItemText	0	Merge items near block to unlock it!	Blokları açmak için yakınındaki ögeleri birleştir!	Voeg items samen nabij het blok om het te ontgrendelen!	Füge Gegenstände in der Nähe des Blocks zusammen, um ihn freizuschalten!	Fusionnez des objets près du bloc pour le débloquer !	Unisci oggetti vicino al blocco per sbloccarlo!	Una os itens próximos ao bloco para desbloqueá-lo!	Fusiona elementos cerca del bloque para desbloquearlo.	Объединяйте предметы рядом с блоком, чтобы разблокировать его!	ブロックの近くでアイテムを合成して解除しよう！	블록을 잠금 해제하려면 블록 근처의 아이템을 합치세요!
MergeGeneratorButtonText	0	Tap to Generator Button to spawn items!	Eşyaları ortaya çıkarmak için Üretici Düğmesine dokunun!	Tik op de Generator-knop om items te laten verschijnen!	Tippe auf den Generator-Button, um Gegenstände zu erzeugen!	Touchez le bouton du générateur pour créer des objets !	Tocca il pulsante del generatore per generare oggetti!	Toque no botão do gerador para gerar itens!	¡Toca el botón del generador para generar objetos!	Нажмите на кнопку Генератор, чтобы создать предметы!	アイテムを生成するには、ジェネレーターボタンをタップしてください！	아이템을 생성하려면 생성기 버튼을 탭하세요!
DeleteMyAccountText	0	<u>Delete My Account</u>	<u>Hesabımı Sil</u>	<u>Verwijder Mijn Account</u>	<u>Konto löschen</u>	<u>Supprimer Mon Compte</u>	<u>Elimina il mio account</u>	<u>Excluir Minha Conta</u>	<u>Eliminar mi cuenta</u>	<u>Удалить мой аккаунт</u>	<u>アカウントを削除</u>	<u>내 계정 삭제</u>
AccountDeletionInProgressText	0	You've logged into an account that's currently being deleted. If you'd like to cancel this process and keep playing, just tap the button below.	Hâlâ silinmekte olan bir hesaba giriş yaptınız. Bu işlemi iptal edip oynamaya devam etmek istiyorsanız, aşağıdaki butona dokunmanız yeterli.	Je hebt ingelogd op een account dat momenteel wordt verwijderd. Als je dit proces wilt annuleren en wilt blijven spelen, tik dan gewoon op de knop hieronder.	Sie haben sich in ein Konto eingeloggt, das derzeit gelöscht wird. Wenn Sie diesen Vorgang abbrechen und weiterspielen möchten, tippen Sie einfach auf den untenstehenden Button.	Vous vous êtes connecté à un compte qui est en cours de suppression. Si vous souhaitez annuler ce processus et continuer à jouer, il vous suffit d'appuyer sur le bouton ci-dessous.	Ti sei connesso a un account che è attualmente in fase di eliminazione. Se desideri annullare questo processo e continuare a giocare, premi semplicemente il pulsante qui sotto.	Você entrou em uma conta que está atualmente sendo excluída. Se desejar cancelar esse processo e continuar jogando, basta tocar no botão abaixo.	Has iniciado sesión en una cuenta que actualmente está siendo eliminada. Si deseas cancelar este proceso y seguir jugando, solo toca el botón de abajo.	Вы вошли в учетную запись, которая в данный момент удаляется. Если вы хотите отменить этот процесс и продолжить играть, просто нажмите кнопку ниже.	現在削除中のアカウントにログインしています。このプロセスをキャンセルしてプレイを続けたい場合は、下のボタンをタップしてください。	현재 삭제 중인 계정으로 로그인했습니다. 이 과정을 취소하고 계속 플레이하려면 아래 버튼을 탭하세요.
DeleteAccountDescriptionText	0	If you confirm, you'll permanently lose your level, coins, boosters, and all purchases.\nWe aim to complete your deletion request within 15 days of receiving it. Once your account is deleted, this action cannot be undone.\nIf you log back in before your account is deleted, you can cancel the process and keep your account.	Eğer onaylarsanız, seviyenizi, jetonlarınızı, güçlendiricilerinizi ve tüm satın alımlarınızı kalıcı olarak kaybedeceksiniz. Silme talebinizi aldıktan sonra 15 gün içinde tamamlamayı hedefliyoruz. Hesabınız silindikten sonra bu işlem geri alınamaz. Hesabınız silinmeden önce tekrar giriş yaparsanız süreci iptal edebilir ve hesabınızı koruyabilirsiniz.	Als je bevestigt, verlies je permanent je level, munten, boosters en alle aankopen.\n\nWe streven ernaar om je verwijderingsverzoek binnen 15 dagen na ontvangst te voltooien. Zodra je account is verwijderd, kan deze actie niet ongedaan worden gemaakt.\n\nAls je opnieuw inlogt voordat je account is verwijderd, kun je het proces annuleren en je account behouden.	Wenn Sie bestätigen, verlieren Sie dauerhaft Ihr Level, Ihre Münzen, Booster und alle Käufe. Wir bemühen uns, Ihre Löschanfrage innerhalb von 15 Tagen nach Eingang zu bearbeiten. Sobald Ihr Konto gelöscht ist, kann diese Aktion nicht rückgängig gemacht werden. Wenn Sie sich vor der Löschung Ihres Kontos erneut anmelden, können Sie den Prozess abbrechen und Ihr Konto behalten.	Si vous confirmez, vous perdrez définitivement votre niveau, vos pièces, vos boosters et tous vos achats.\n\nNous visons à traiter votre demande de suppression dans un délai de 15 jours suivant sa réception. Une fois votre compte supprimé, cette action est irréversible.\n\nSi vous vous reconnectez avant que votre compte soit supprimé, vous pouvez annuler le processus et conserver votre compte.	Se confermi, perderai definitivamente il tuo livello, le monete, i potenziatori e tutti gli acquisti.  \nMiriamo a completare la tua richiesta di eliminazione entro 15 giorni dalla ricezione. Una volta che il tuo account è eliminato, questa azione non può essere annullata.  \nSe accedi nuovamente prima che il tuo account venga eliminato, puoi annullare il processo e mantenere il tuo account.	Se você confirmar, perderá permanentemente seu nível, moedas, impulsionadores e todas as compras realizadas. \n\nNosso objetivo é concluir sua solicitação de exclusão dentro de 15 dias após recebê-la. Assim que sua conta for excluída, essa ação não poderá ser desfeita. \n\nSe você fizer login novamente antes que sua conta seja excluída, poderá cancelar o processo e manter sua conta.	Si confirmas, perderás permanentemente tu nivel, monedas, potenciadores y todas las compras.\nNuestro objetivo es completar tu solicitud de eliminación en un plazo de 15 días desde que la recibamos. Una vez que tu cuenta sea eliminada, esta acción no se podrá deshacer.\nSi vuelves a iniciar sesión antes de que se elimine tu cuenta, puedes cancelar el proceso y conservar tu cuenta.	Если вы подтвердите, вы навсегда потеряете ваш уровень, монеты, усилители и все покупки. Мы стремимся выполнить ваш запрос на удаление в течение 15 дней после его получения. После удаления вашего аккаунта это действие не может быть отменено. Если вы войдете в систему до удаления вашего аккаунта, вы сможете отменить процесс и сохранить свой аккаунт.	確認すると、レベル、コイン、ブースター、そしてすべての購入が永久に失われます。  \n削除リクエストを受け取ってから15日以内に処理を完了することを目指します。一度アカウントが削除されると、この操作は取り消せません。  \nアカウントが削除される前に再ログインすると、プロセスをキャンセルしてアカウントを保持できます。	확인하시면, 레벨, 코인, 부스터, 그리고 모든 구매 항목이 영구적으로 삭제됩니다.\n\n귀하의 삭제 요청을 수령한 후 15일 이내에 완료하는 것을 목표로 하고 있습니다. 계정이 삭제되면, 이 작업은 되돌릴 수 없습니다.\n\n계정이 삭제되기 전에 다시 로그인하시면, 프로세스를 취소하고 계정을 유지할 수 있습니다.
DeleteAccountTitleText	0	Delete Account	Hesabı Sil	Account Verwijderen	Konto löschen	Supprimer le compte	Elimina Account	Excluir Conta	Eliminar Cuenta	Удаление учетной записи	アカウント削除	계정 삭제
DeleteConfirmationDescriptionText	0	To delete your account, type 'Delete My Account' in the box below	Hesabınızı silmek için aşağıdaki kutuya 'Delete My Account' yazın.	Om uw account te verwijderen, typt u 'Delete My Account' in het onderstaande vak.	Um Ihr Konto zu löschen, geben Sie 'Delete My Account' in das unten stehende Feld ein.	Pour supprimer votre compte, tapez 'Delete My Account' dans la case ci-dessous.	Per eliminare il tuo account, digita 'Delete My Account' nel campo sottostante.	Para excluir sua conta, digite 'Delete My Account' na caixa abaixo.	Para eliminar tu cuenta, escribe 'Delete My Account' en el cuadro de abajo.	Чтобы удалить свою учетную запись, введите 'Delete My Account' в поле ниже.	アカウントを削除するには、下のボックスに「Delete My Account」と入力してください。	계정을 삭제하려면 아래 상자에 'Delete My Account'를 입력하세요.
DeleteCompletedDescription	0	Your account successfuly deleted. You can delete and re-install the game to create a new account.	Hesabınız başarıyla silindi. Yeni bir hesap oluşturmak için oyunu silip yeniden yükleyebilirsiniz.	Je account is succesvol verwijderd. Je kunt het spel verwijderen en opnieuw installeren om een nieuw account aan te maken.	Dein Konto wurde erfolgreich gelöscht. Du kannst das Spiel löschen und neu installieren, um ein neues Konto zu erstellen.	Votre compte a été supprimé avec succès. Vous pouvez supprimer et réinstaller le jeu pour créer un nouveau compte.	Il tuo account è stato eliminato con successo. Puoi eliminare e reinstallare il gioco per creare un nuovo account.	Sua conta foi excluída com sucesso. Você pode excluir e reinstalar o jogo para criar uma nova conta.	Tu cuenta se ha eliminado con éxito. Puedes borrar y reinstalar el juego para crear una nueva cuenta.	Ваш аккаунт успешно удален. Вы можете удалить и заново установить игру, чтобы создать новый аккаунт.	あなたのアカウントは正常に削除されました。新しいアカウントを作成するには、ゲームを削除して再インストールすることができます。	계정이 성공적으로 삭제되었습니다. 새 계정을 만들기 위해 게임을 삭제하고 다시 설치할 수 있습니다.
DeleteCompeletedTitleText	0	Account Deleted	Hesap Silindi	Account Verwijderd	Konto gelöscht	Compte Supprimé	Account eliminato	Conta Excluída	Cuenta Eliminada	Аккаунт удалён	アカウントが削除されました	계정 삭제됨
DeleteConfirmationFailedText	0	Wrong Text	Yanlış Metin	Onjuiste Tekst	Falscher Text	Texte incorrect	Testo errato	Texto Incorreto	Texto incorrecto	Неверный текст	間違ったテキスト	잘못된 텍스트
RestorePurchaseText	0	<u>Restore Purchase</u>	<u>Satın Alımı Geri Yükle</u>	<u>Aankoop Herstellen</u>	<u>Kauf Wiederherstellen</u>	<u>Restaurer l'achat</u>	<u>Ripristina Acquisto</u>	<u>Restaurar Compra</u>	<u>Restaurar compra</u>	<u>Восстановить покупку</u>	<u>購入の復元</u>	<u>구매 복원</u>
RestorePurchaseTextWithoutOutline	0	Restore Purchase	Satın Alım Geri Yükle	Aankoop Herstellen	Kauf wiederherstellen	Restaurer l'achat	Ripristina acquisto	Restaurar Compra	Restaurar compra	Восстановить покупку	購入を復元	구매 복원
WorldCupSpecialOfferHeader	0	Match Night	Maç Gecesi	Wedstrijdnacht	Spielabend	Soirée de Match	Notte di Partita	Noite de Partida	Noche de Partido	Матч Ночь	試合の夜	매치 나이트
WorldCupSpecialOfferHeader2	0	DEAL!	TEKLİFİ!	AANBIEDING!	ANGEBOT!	OFFRE !	OFFERTA!	OFERTA!	OFERTA!	СДЕЛКА!	セール！	제안!
SuperChargerJoinProgressText	0	Beat {0} levels to activate <color=#FFC20F>Super Charger !</color>	{0} seviyeyi geçerek <color=#FFC20F>Super Charger'ı</color> etkinleştir!	Voltooi {0} niveaus om de <color=#FFC20F>Super Charger</color> te activeren!	Schließe {0} Level ab, um den <color=#FFC20F>Super Charger !</color> zu aktivieren.	Terminez {0} niveaux pour activer le <color=#FFC20F>Super Charger !</color>	Completa {0} livelli per attivare <color=#FFC20F>Super Charger!</color>	Complete {0} níveis para ativar o <color=#FFC20F>Super Charger!</color>	Supera {0} niveles para activar el <color=#FFC20F>Super Charger ¡</color>!	Пройдите {0} уровней, чтобы активировать <color=#FFC20F>Super Charger!</color>	{0} レベルをクリアして、<color=#FFC20F>Super Charger</color>を起動しよう！	{0} 레벨을 완료하여 <color=#FFC20F>Super Charger!</color>를 활성화하세요.
SuperChargerTitleText1	0	SUPER	SUPER	SUPER	SUPER	SUPER	SUPER	SUPER	SUPER	SUPER	SUPER	SUPER
SuperChargerTitleText2	0	CHARGER	CHARGER	CHARGER	CHARGER	CHARGER	CHARGER	CHARGER	CHARGER	CHARGER	CHARGER	CHARGER
SuperChargerTitleText	0	Super Charger	Super Charger	Super Charger	Super Charger	Super Charger	Super Charger	Super Charger	Super Charger	Super Charger	Super Charger	Super Charger
SuperChargerIsActiveText	0	Super Charger is now <color=#05E800>Active!</color>	Super Charger şimdi <color=#05E800>Aktif!</color>	Super Charger is nu <color=#05E800>actief!</color>	Super Charger ist jetzt <color=#05E800>aktiv!</color>	Super Charger est maintenant <color=#05E800>Actif!</color>	Il <color=#FFC20F>Super Charger</color> è ora <color=#05E800>Attivo!</color>	Super Charger está agora <color=#05E800>Ativo!</color>	Super Charger ahora está <color=#05E800>¡Activo!</color>	Super Charger теперь <color=#05E800>Активна!</color>	スーパー チャージャーが現在<color=#05E800>アクティブです！</color>	슈퍼 충전기가 이제 <color=#05E800>활성화되었습니다!</color>
SuperChargerLoseAreYouSureText	0	You will lose your <color=#AD1433>Super Charger</color> !	<color=#AD1433>Super Charger</color>'ınızı kaybedeceksiniz!	Je zult je <color=#AD1433>Super Charger</color> verliezen!	Du wirst deinen <color=#AD1433>Super Charger</color> verlieren!	Vous allez perdre votre <color=#FFC20F>Super Charger</color> !	Perderai il tuo <color=#AD1433>>Super Charger</color>!	Você perderá seu <color=#AD1433>Super Charger</color>!	Perderás tu <color=#AD1433>Super Charger</color> !	Вы потеряете свой <color=#FFC20F>Супер Зарядник</color>!	<color=#AD1433>スーパー・チャージャー</color> を失いますよ！	<color=#AD1433>슈퍼 충전기</color>를 잃게 됩니다!
SuperChargerInfoText1	0	Beat <color=#FFC20F>{0} Levels!</color>	<color=#FFC20F>{0} Seviyeyi Geç!</color>	Voltooi <color=#FFC20F>{0} Levels!</color>	Meistere <color=#FFC20F>{0} Level!</color>	Bats <color=#FFC20F>{0} niveaux !</color>	Completa <color=#FFC20F>{0} livelli!</color>	Complete <color=#FFC20F>{0} Níveis!</color>	¡Supera <color=#FFC20F>{0} niveles!</color>	Пройдите <color=#FFC20F>{0} уровней!</color>	<color=#FFC20F>{0} レベルをクリアしよう！</color>	<color=#FFC20F>{0} 레벨을</color> 완료하세요!
SuperChargerInfoText2	0	<color=#FFC20F>Activate</color> the Super Charger!\n	Super Charger'ı <color=#FFC20F>Etkinleştir</color>	<color=#FFC20F>Activeer</color> de Super Charger!	<color=#FFC20F>Aktiviere</color> den Super Charger!	<color=#FFC20F>Activez</color> le Super Charger !	<color=#FFC20F>Attiva</color> il Super Charger!	<color=#FFC20F>Ative</color> o Super Charger!	<color=#FFC20F>¡Activa</color> el Super Charger!	<color=#FFC20F>Активируйте</color> Super Charger!	Super Chargerを<color=#FFC20F>起動</color>しよう！	Super Charger를 <color=#FFC20F>활성화</color>하세요!
SuperChargerInfoText3WithMove	0	Make <color=#FFC20F>moves</color>  to fill the Super Charger!\n	Super Charger'ı doldurmak için <color=#FFC20F>hamleler</color> yap!	Maak <color=#FFC20F>zetten</color> om de Super Charger te vullen!	Mache <color=#FFC20F>Züge</color>, um den Super Charger zu füllen!	Faites des <color=#FFC20F>mouvements</color> pour remplir le Super Charger !	Fai <color=#FFC20F>mosse</color> per riempire il Super Charger!	Faça <color=#FFC20F>movimentos</color> para encher o Super Charger!	¡Haz <color=#FFC20F>movimientos</color> para llenar el Super Charger!	Делайте <color=#FFC20F>ходы</color>, чтобы заполнить Super Charger!	<color=#FFC20F>移動</color>してSuper Chargerを満たそう！	<color=#FFC20F>이동</color>하여 Super Charger를 채우세요!
SuperChargerInfoText3WithMatch	0	<color=#FFC20F>Complete bottles</color> to fill the Super Charger!\n	<color=#FFC20F>Şişeleri tamamlayarak</color> Super Charger'ı doldurun!	<color=#FFC20F>Voltooi flessen</color> om de Super Charger te vullen!	<color=#FFC20F>Vervollständige Flaschen</color>, um den Super Charger zu füllen!	<color=#FFC20F>Complétez les bouteilles</color> pour remplir le Super Charger !	<color=#FFC20F>Completa le bottiglie</color> per riempire il Super Charger!	<color=#FFC20F>Complete as garrafas</color> para encher o Super Charger!	¡<color=#FFC20F>Completa las botellas</color> para llenar el Super Charger!	<color=#FFC20F>Собирайте бутылки</color>, чтобы заполнить Super Charger!	<color=#FFC20F>ボトルを完成させて</color>Super Chargerを満たそう！	Super Charger를 채우려면 <color=#FFC20F>병을 완성하세요</color>!
SuperChargerInfoText4ChargeableBottle	0	<color=#3AC700>Super Charger</color> magically creates a mini bottle!	<color=#3AC700>Super Charger</color> sihirli bir şekilde mini bir şişe oluşturur!	<color=#3AC700>Super Charger</color> creëert op magische wijze een mini-fles!	<color=#3AC700>Super Charger</color> erstellt auf magische Weise eine Mini-Flasche!	<color=#3AC700>Super Charger</color> crée magiquement une mini bouteille !	<color=#3AC700>Super Charger</color> crea magicamente una mini bottiglia!	<color=#3AC700>Super Charger</color> cria magicamente uma mini garrafa!	¡<color=#3AC700>Super Charger</color> crea mágicamente una mini botella!	<color=#3AC700>Super Charger</color> волшебным образом создаёт мини-бутылку!	<color=#3AC700>Super Charger</color>が魔法でミニボトルを作成します！	<color=#3AC700>Super Charger</color> 가 마법처럼 미니 병을 만듭니다!
SuperChargerInfoText4MagicWand	0	<color=#3AC700>Super Charger</color> magically fills a bottle!\n	<color=#3AC700>Super Charger</color> sihirli bir şekilde şişeyi doldurur!	<color=#3AC700>Super Charger</color> vult op magische wijze een fles!	<color=#3AC700>Super Charger</color> füllt auf magische Weise eine Flasche!	<color=#3AC700>Super Charger</color> remplit magiquement une bouteille !	<color=#3AC700>Super Charger</color> riempie magicamente una bottiglia!	<color=#3AC700>Super Charger</color> enche magicamente uma garrafa!	¡<color=#3AC700>Super Charger</color> llena mágicamente una botella!	<color=#3AC700>Super Charger</color> волшебным образом наполняет бутылку!	<color=#3AC700>Super Charger</color>が魔法でボトルを満たします！	<color=#3AC700>Super Charger</color> 가 마법처럼 병을 채웁니다!
SuperChargerInfoTextFailInfo	0	Super Charger will be active until you <color=#EC1600>fail</color>!\n	Super Charger, <color=#EC1600>başarısız olana</color> kadar aktif kalacak!	Super Charger blijft actief totdat je <color=#EC1600>faalt</color>!	Der Super Charger bleibt aktiv, bis du <color=#EC1600>scheiterst</color>!	Le Super Charger sera actif jusqu'à ce que vous <color=#EC1600>échouiez</color> !	Il Super Charger resterà attivo fino a quando <color=#EC1600>fallisci</color>!	Super Charger ficará ativo até você <color=#EC1600>falhar</color>!	¡El Super Charger estará activo hasta que <color=#EC1600>falles</color>!	Super Charger будет активен, пока вы не <color=#EC1600>проиграете</color>!	Super Chargerは<color=#EC1600>失敗する</color>までアクティブです！	Super Charger는 <color=#EC1600>실패</color>할 때까지 활성화됩니다!
SuperChargerTutorialDescription	0	Tap to use <color=#8A1DD1>SUPERCHARGER</color>!	<color=#8A1DD1>SUPERCHARGER</color>'ı kullanmak için dokunun!	Tik om de <color=#8A1DD1>SUPERCHARGER</color> te gebruiken!	Tippe, um den <color=#8A1DD1>SUPERCHARGER</color> zu verwenden!	Touchez pour utiliser le <color=#8A1DD1>SUPERCHARGEUR</color> !	Tocca per usare il <color=#8A1DD1>SUPERCHARGER</color>!	Toque para usar o <color=#8A1DD1>SOBRECARGADOR</color>!	¡Toca para usar el <color=#8A1DD1>SUPERCHARGER</color>!	Нажмите, чтобы использовать <color=#8A1DD1>СУПЕРЗАРЯДНОЕ УСТРОЙСТВО</color>!	タップして<color=#8A1DD1>スーパー充電器</color>を使おう！	탭하여 <color=#8A1DD1>슈퍼차저</color>를 사용하세요!
SuperChargerBottleTutorialDescription1	0	Sort colors to charge the Supercharger!	Renkleri sıralayarak Süper Şarj Aleti'ni doldurun!	Sorteer de kleuren om de Supercharger op te laden!	Farben sortieren, um den Supercharger aufzuladen!	Triez les couleurs pour recharger le Supercharger !	Ordina i colori per caricare il Supercharger!	Classifique as cores para carregar o Supercharger!	¡Ordena los colores para cargar el Supercharger!	Сортируйте цвета, чтобы зарядить Суперзарядное устройство!	色を揃えてスーパー充電器をチャージしましょう！	색상을 정렬하여 슈퍼차저를 충전하세요!
SuperChargerBottleTutorialDescription2	0	Each bottle can be used once. Sort colors to recharge.	Her şişe bir kez kullanılabilir. Yeniden şarj etmek için renkleri sıralayın.	Elke fles kan één keer worden gebruikt. Sorteer de kleuren om op te laden.	Jede Flasche kann einmal verwendet werden. Sortiere die Farben, um sie aufzuladen.	Chaque bouteille peut être utilisée une seule fois. Triez les couleurs pour recharger.	Ogni bottiglia può essere utilizzata una volta. Ordina i colori per ricaricare.	Cada garrafa pode ser usada uma vez. Organize as cores para recarregar.	Cada botella se puede usar una vez. Ordena los colores para recargar.	Каждая бутылка может быть использована один раз. Сортируйте цвета, чтобы перезарядить.	各ボトルは一度だけ使用できます。色を揃えてチャージしてください。	각 병은 한 번 사용할 수 있습니다. 충전하려면 색상을 정렬하세요.
StuckAreYouSurePlayOn1	0	+1 Play On	+1 Devam Et	+1 Verder Spelen	+1 Weiterspielen	+1 Continuer à jouer	+1 Continua a giocare	+1 Continuar Jogando	+1 Continuar Jugando	+1 Продолжить Играть	+1 プレイ続行	+1 계속 플레이
StuckAreYouSurePlayOn2	0	for this level!	bu seviye için!	voor dit level!	für dieses Level!	pour ce niveau !	per questo livello!	para este nível!	para este nivel!	для этого уровня!	このレベルで！	이 레벨에서!
TreasureDrillAreYouSureTitle	0	Treasure Drill	Hazine Matkabı	Schatboor	Schatzbohrer	Trésor Foreuse	Trivella del Tesoro	Broca do Tesouro	Taladro del Tesoro	Сокровищное Бурение	トレジャードリル	보물 드릴
collection_5_theme_1	0	Snacks	Atıştırmalıklar	Snacks	Snacks	En-cas	Spuntini	Lanches	Bocadillos	Закуски	軽食	간식
collection_5_card_1_theme_1	0	Hot Dog	Sosisli Sandviç	Hotdog	Hotdog	Hot Dog	Hot Dog	Cachorro-Quente	Perro Caliente	Хот-дог	ホットドッグ	핫도그
collection_5_card_2_theme_1	0	Cheeseburger	Cheeseburger	Cheeseburger	Cheeseburger	Cheeseburger	Cheeseburger	Cheeseburger	Cheeseburguesa	Чизбургер	チーズバーガー	치즈버거
collection_5_card_3_theme_1	0	Ice Sandwich	Buzlu Sandviç	Ijssandwich	Eis-Sandwich	Sandwich Glacé	Panino di Ghiaccio	Sanduíche de Gelo	Sándwich de Hielo	Ледяной сэндвич	アイスサンドイッチ	아이스 샌드위치
collection_5_card_4_theme_1	0	Wafer Rolls	Gofret Ruloları	Wafelrolletjes	Waffelröllchen	Rouleaux de Gaufrette	Cialde Arrotolate	Rolinhos de Wafer	Barquillos	Вафельные Рулетики	ウエハースロール	웨이퍼 롤즈
collection_5_card_5_theme_1	0	Gelato	Gelato	Gelato	Eis	Gelato	Gelato	Sorvete	Gelato	Джелато	ジェラート	젤라토
collection_5_card_6_theme_1	0	Iced Tea	Buzlu Çay	IJsthee	Eistee	Thé Glacé	Tè Freddo	Chá Gelado	Té Helado	Холодный чай	アイスティー	아이스티
collection_5_card_7_theme_1	0	Fruit Slush	Meyve Slush	Vruchten Slush	Fruchtpüree	Salade de Fruits	Frullato di Frutta	Salada de Frutas	Granizado de Frutas	Фруктовый Смузи	フルーツスラッシュ	과일 슬러시
collection_5_card_8_theme_1	0	Cotton Candy	Pamuk Şekeri	Suikerspin	Zuckerwatte	Barbe à papa	Zucchero Filato	Algodão Doce	Algodón de Azúcar	Сладкая вата	わたあめ	솜사탕
collection_5_card_9_theme_1	0	Popsicle	Dondurma	Raketje	Eis am Stiel	Esquimau	Ghiacciolo	Picolé	Paleta	Эскимо	アイスキャンディー	아이스캔디
collection_5_theme_2	0	Cinema	Sinema	Bioscoop	Kino	Cinéma	Cinema	Cinema	Cine	Кинотеатр	映画館	영화관
collection_5_card_1_theme_2	0	Popcorn	Patlamış Mısır	Popcorn	Popcorn	Pop-corn	Popcorn	Pipoca	Palomitas de maíz	Попкорн	ポップコーン	팝콘
collection_5_card_2_theme_2	0	Tickets	Biletler	Tickets	Tickets	Billets	Biglietti	Ingressos	Boletos	Билеты	チケット	티켓
collection_5_card_3_theme_2	0	Movie Glasses	Film Gözlükleri	Filmbril	Filmbrillen	Lunettes de cinéma	Occhiali da Cinema	Óculos de Cinema	Gafas de Película	Кинозал Очки	映画用メガネ	영화 안경
collection_5_card_4_theme_2	0	Film Reel	Film Makarası	Filmrol	Filmrolle	Bobine de Film	Rullo di Pellicola	Bobina de Filme	Carrete de Película	Бобина с пленкой	フィルムリール	필름 릴
collection_5_card_5_theme_2	0	Projector	Projektör	Projector	Projektor	Projecteur	Proiettore	Projetor	Proyector	Проектор	プロジェクター	빔프로젝터
collection_5_card_6_theme_2	0	Clapperboard	Klapeyt	Klapbord	Klappe	Clap de fin	Ciak	Claquete	Claqueta	Хлопушка	クラッパーボード	클래퍼보드
collection_5_card_7_theme_2	0	Soda Cup	Soda Bardağı	Sodabeker	Soda-Becher	Gobelet de Soda	Bicchiere di Soda	Copo de Refrigerante	Vaso de Refresco	Стакан газировки	ソーダカップ	소다 컵
collection_5_card_8_theme_2	0	Megaphone	Megafon	Megafoon	Megafon	Mégaphone	Megafono	Megafone	Megáfono	Мегафон	メガホン	메가폰
collection_5_card_9_theme_2	0	Screen	Ekran	Scherm	Bildschirm	Écran	Schermo	Tela	Pantalla	Экран	画面	화면
collection_5_theme_3	0	Souvenir	Hatıra	Souvenir	Andenken	Souvenir	Souvenir	Lembrança	Recuerdo	Сувенир	おみやげ	기념품
collection_5_card_1_theme_3	0	Magnet	Mıknatıs	Magneet	Magnet	Aimant	Magnete	Ímã	Imán	Магнит	マグネット	자석
collection_5_card_2_theme_3	0	Bracelet	Bilezik	Armband	Armband	Bracelet	Braccialetto	Pulseira	Pulsera	Браслет	ブレスレット	팔찌
collection_5_card_3_theme_3	0	Token	Jeton	Token	Token	Jeton	Gettone	Ficha	Ficha	Токен	トークン	토큰
collection_5_card_4_theme_3	0	Colorful Hat	Renkli Şapka	Kleurrijke Hoed	Bunter Hut	Chapeau coloré	Cappello Colorato	Chapéu Colorido	Sombrero Colorido	Цветная Шляпа	カラフルハット	컬러풀 모자
collection_5_card_5_theme_3	0	Cat Cookie	Kedi Kurabiyesi	Kattensnoepje	Katzenkeks	Biscuit Chat	Biscotto al Gatto	Biscoito de Gato	Galleta de Gato	Печенье с котом	猫クッキー	고양이 쿠키
collection_5_card_6_theme_3	0	Plush Toy	Peluş Oyuncak	Pluchen Speelgoed	Plüschspielzeug	Peluche	Giocattolo di peluche	Brinquedo de Pelúcia	Peluche	Плюшевая игрушка	ぬいぐるみ	봉제 인형
collection_5_card_7_theme_3	0	Keychain	Anahtarlık	Sleutelhanger	Schlüsselanhänger	Porte-clés	Portachiavi	Chaveiro	Llavero	Брелок	キーホルダー	열쇠고리
collection_5_card_8_theme_3	0	Mug	Kupa	Mok	Becher	Tasse	Tazza	Caneca	Taza	Кружка	マグカップ	머그
collection_5_card_9_theme_3	0	Sunglasses	Güneş Gözlükleri	Zonnebril	Sonnenbrille	Lunettes de soleil	Occhiali da sole	Óculos de Sol	Gafas de sol	Солнечные очки	サングラス	선글라스
collection_5_theme_4	0	Wonderland	Lunapark	Wonderland	Wunderland	Pays des Merveilles	La Terra delle Meraviglie	Maravilha	El País de las Maravillas	Страна Чудес	不思議の国	원더랜드
collection_5_card_1_theme_4	0	Cat Entrance	Kedi Girişi	Ingang van de Kat	Katzeneingang	Entrée du Chat	Entrata del Gatto	Entrada do Gato	Entrada del Gato	Вход кота	猫の入口	고양이 입장
collection_5_card_2_theme_4	0	Signpost	Yol Levhası	Wegwijzer	Wegweiser	Panneau de signalisation	Cartello stradale	Placa de Sinalização	Señalización	Указатель	標識	표지판
collection_5_card_3_theme_4	0	Ticket Roll	Bilet Rulosu	Ticketrol	Ticketrolle	Rouleau de Tickets	Rotolo di Ticket	Rolo de Ingressos	Rollo de boletos	Билетный рулон	チケットロール	티켓 롤
collection_5_card_4_theme_4	0	Balloons	Balonlar	Ballonnen	Ballons	Ballons	Palloncini	Balões	Globos	Воздушные шары	バルーン	풍선들
collection_5_card_5_theme_4	0	Map	Harita	Kaart	Karte	Carte	Mappa	Mapa	Mapa	Карта	マップ	지도
collection_5_card_6_theme_4	0	Festive Bulbs	Şenlik Ampulleri	Feestelijke Lampjes	Feierliche Glühbirnen	Ampoules Festives	Lampadine Festive	Lâmpadas Festivas	Bombillas Festivas	Праздничные Лампочки	お祭り電球	축제 전구
collection_5_card_7_theme_4	0	Trash Bin	Çöp Kutusu	Afvalbak	Mülleimer	Poubelle	Cestino	Lixeira	Papelera	Мусорное ведро	ゴミ箱	휴지통
collection_5_card_8_theme_4	0	Light Pole	Işık Direği	Lichtmast	Lichtmast	Poteau Lumineux	Palo della Luce	Poste de Luz	Poste de Luz	Фонарь	街灯	전봇대
collection_5_card_9_theme_4	0	Ground Arrow	Zemin Oku	Grondpijl	Bodenpfeil	Flèche au Sol	Freccia a Terra	Seta no Chão	Flecha en el Suelo	Стрелка на земле	地面の矢印	바닥 화살표
collection_5_theme_5	0	Garden	Bahçe	Tuin	Garten	Jardin	Giardino	Jardim	Jardín	Сад	庭園	정원
collection_5_card_1_theme_5	0	Check	Şah	Schaak	Schach	Échec	Scacco	Xeque	Jaque	Шах	王手	체크
collection_5_card_2_theme_5	0	Bucket	Kova	Emmer	Eimer	Seau	Secchio	Balde	Cubo	Ведро	バケツ	양동이
collection_5_card_3_theme_5	0	Mushroom Seat	Mantar Koltuk	Paddenstoelstoel	Pilzsitz	Siège Champignon	Sedia a Fungo	Assento de Cogumelo	Asiento de Setas	Грибной стул	キノコのシート	버섯 의자
collection_5_card_4_theme_5	0	Basket	Sepet	Mandje	Korb	Panier	Cestino	Cesta	Cesta	Корзина	バスケット	바구니
collection_5_card_5_theme_5	0	Hopscotch	Sek Sek	Hinkelen	Himmel und Hölle	Marelle	Campana	Amarelinha	Rayuela	Классики	けんけんぱ	땅따먹기
collection_5_card_6_theme_5	0	Fountain	Çeşme	Fontein	Springbrunnen	Fontaine	Fontana	Fonte	Fuente	Фонтан	噴水	분수
collection_5_card_7_theme_5	0	Bench	Bank	Bankje	Bank	Banc	Panchina	Banco	Banco	Скамейка	ベンチ	벤치
collection_5_card_8_theme_5	0	Topiary	Bitki Heykeli	Buxusfiguur	Buchsbaumfigur	Topiaire	Topiaria	Arte Topiária	Topiaria	Топиарий	トピアリー	토피어리
collection_5_card_9_theme_5	0	Archway	Kemerli Geçit	Booggang	Torbogen	Arcade	Arco	Arco	Arco	Арка	アーチ道	아치형 통로
collection_5_theme_6	0	Water Play	Su Oyunu	Waterplezier	Wasserspiel	Jeu d'eau	Gioco d'Acqua	Jogo Aquático	Juego de Agua	Водная игра	ウォータープレイ	수(水) 장난
collection_5_card_1_theme_6	0	Water Gun	Su Tabancası	Waterpistool	Wasserpistole	Pistolet à eau	Pistola ad Acqua	Pistola de Água	Pistola de Agua	Водный Пистолет	水鉄砲	물총
collection_5_card_2_theme_6	0	Beachball	Plaj Topu	Strandbal	Beachball	Ballon de plage	Pallone da spiaggia	Bola de Praia	Pelota de Playa	Пляжный мяч	ビーチボール	비치볼
collection_5_card_3_theme_6	0	Water Slide	Su Kaydırağı	Waterglijbaan	Wasserrutsche	Toboggan Aquatique	Scivolo d'Acqua	Toboágua	Tobogán Acuático	Водная Горка	ウォータースライダー	워터 슬라이드
collection_5_card_4_theme_6	0	Flamingo	Filamingo	Flamingo	Flamingo	Flamant Rose	Fenicottero	Flamingo	Flamenco	Фламинго	フラミンゴ	플라밍고
collection_5_card_5_theme_6	0	Paddle	Kürek	Peddel	Schläger	Palet	Racchetta	Remo	Remo	Ракетка	パドル	패들
collection_5_card_6_theme_6	0	Life Jacket	Can Yeleği	Reddingsvest	Rettungsweste	Gilet de Sauvetage	Giubbotto di salvataggio	Colete Salva-vidas	Chaleco Salvavidas	Спасательный жилет	救命胴衣	구명조끼
collection_5_card_7_theme_6	0	Wet Floor	Kaygan Zemin	Nat Vloer	Rutschiger Boden	Sol Glissant	Pavimento Bagnato	Piso Molhado	Piso Mojado	Скользкий Пол	滑りやすい床	미끄러운 바닥
collection_5_card_8_theme_6	0	Twirl Slide	Dönen Kaydırak	Draaiglijbaan	Wirbelrutsche	Toboggan Tournant	Scivolo a Spirale	Escorregador Giratório	Tobogán Giratorio	Спиральная Горка	回転すべり台	회전 미끄럼틀
collection_5_card_9_theme_6	0	Dolphin	Yunus	Dolfijn	Delfin	Dauphin	Delfino	Golfinho	Delfín	Дельфин	イルカ	돌고래
collection_5_theme_7	0	Playland	Oyun Alanı	Speelland	Spielland	Parc de Jeux	Parco Giochi	Parquinho	Zona de Juegos	Страна Игр	プレイランド	플레이랜드
collection_5_card_1_theme_7	0	Seesaw	Tahterevalli	Seesaw	Wippe	Balancelle	Altalena	Gangorra	Balancín	Качели	シーソー	시소
collection_5_card_2_theme_7	0	Climbing Wall	Tırmanış Duvarı	Klimmuur	Kletterwand	Mur d'escalade	Parete da Arrampicata	Parede de Escalada	Muro de Escalada	Скалодром	クライミングウォール	클라이밍 월
collection_5_card_3_theme_7	0	Trampoline	Trambolin	Trampoline	Trampolin	Trampoline	Trampolino	Trampolim	Trampolín	Батут	トランポリン	트램폴린
collection_5_card_4_theme_7	0	Puzzle Mat	Bulmaca Matı	Puzzelmat	Puzzlematte	Tapis de Puzzle	Tappetino Puzzle	Tapete de Enigmas	Alfombra de Rompecabezas	Пазл Мат	パズルマット	퍼즐 매트
collection_5_card_5_theme_7	0	Castle	Kale	Kasteel	Burg	Château	Castello	Castelo	Castillo	Замок	城	성
collection_5_card_6_theme_7	0	Ball Pit	Top Havuzu	Ballenbak	Bällebad	Parc à Balles	Piscina di Palline	Piscina de Bolinhas	Piscina de Pelotas	Шариковая яма	ボールピット	공 튀기기장
collection_5_card_7_theme_7	0	Swing	Salıncak	Schommel	Schaukel	Balançoire	Altalena	Balanço	Columpio	Качели	ブランコ	그네
collection_5_card_8_theme_7	0	Mini Slide	Mini Kaydırak	Mini Glijbaan	Mini-Rutsche	Mini Glisse	Mini Scivolo	Mini Deslizamento	Deslizador Mini	Мини Слайд	ミニスライド	미니 슬라이드
collection_5_card_9_theme_7	0	Spring Rider	Yaylı Zıpzıp	Wipkip	Federwippe	Animal à Ressort	Dondolo a Molla	Brinquedo de Mola	Balancín de Muelle	Качалка на пружине	スプリング遊具	스프링 놀이기구
collection_5_theme_8	0	Carnival	Karnaval	Kermis	Karneval	Carnaval	Carnevale	Carnaval	Carnaval	Карнавал	カーニバル	카니발
collection_5_card_1_theme_8	0	Swing Ride	Zincirli Salıncak	Zweefmolen	Kettenkarussell	Chaises Volantes	Giostra a Catene	Cadeiras Voadoras	Sillas Voladoras	Цепочная Карусель	回転ブランコ	회전그네
collection_5_card_2_theme_8	0	Bumper Car	Çarpışan Araba	Botsauto	Autoscooter	Auto-tamponneuse	Autoscontro	Carro de Bate-Bate	Carro Chocón	Бамперная машина	バンパーカー	범퍼카
collection_5_card_3_theme_8	0	Firework	Havai Fişek	Vuurwerk	Feuerwerk	Feu d'artifice	Fuochi d'artificio	Fogos de Artifício	Fuegos Artificiales	Фейерверк	花火	불꽃놀이
collection_5_card_4_theme_8	0	Gondola	Gondol	Gondel	Gondel	Gondole	Gondola	Gôndola	Góndola	Гондола	ゴンドラ	곤돌라
collection_5_card_5_theme_8	0	Train Ride	Tren Yolculuğu	Treinrit	Zugfahrt	Trajet en Train	Viaggio in Treno	Passeio de Trem	Viaje en Tren	Поездка на поезде	電車の旅	기차 여행
collection_5_card_6_theme_8	0	Spinning Cups	Dönen Fincanlar	Draaiende Bekers	Drehende Tassen	Toupies Tournantes	Tazze Rotanti	Copos Giratórios	Tazas Giratorias	Крутящиеся чашки	スピニングカップ	튜브 컵S
collection_5_card_7_theme_8	0	Roller Coaster	Rollercoaster	Achtbaan	Achterbahn	Montagnes russes	Montagne Russe	Montanha-Russa	Montaña Rusa	Американские горки	ジェットコースター	롤러코스터
collection_5_card_8_theme_8	0	Ferris Wheel	Dönme Dolap	Reuzenrad	Riesenrad	Grande Roue	Ruota Panoramica	Roda Gigante	Rueda de la Fortuna	Колесо обозрения	観覧車	관람차
collection_5_card_9_theme_8	0	Carousel	Atlıkarınca	Draaimolen	Karussell	Carrousel	Giostra	Carrossel	Carrusel	Карусель	メリーゴーラウンド	회전목마
collection_5_theme_9	0	Race Track	Yarış Pisti	Racebaan	Rennstrecke	Piste de Course	Pista di Gara	Pista de Corrida	Pista de Carrera	Трасса для гонок	レーストラック	레이스 트랙
collection_5_card_1_theme_9	0	Finish Line	Bitiş Çizgisi	Finishlijn	Ziellinie	Ligne d'arrivée	Traguardo	Linha de Chegada	Meta Final	Финишная черта	ゴールライン	결승선
collection_5_card_2_theme_9	0	Helmet	Kask	Helm	Helm	Casque	Elmo	Capacete	Casco	Шлем	ヘルメット	헬멧
collection_5_card_3_theme_9	0	Race Track	Yarış Pisti	Racebaan	Rennstrecke	Piste de course	Pista di Corsa	Pista de Corrida	Pista de Carreras	Трасса Для Гонок	レーストラック	레이스 트랙
collection_5_card_4_theme_9	0	Race Flag	Yarış Bayrağı	Racevlag	Rennflagge	Drapeau de Course	Bandiera di Gara	Bandeira de Corrida	Bandera de Carrera	Флаг гонки	レース旗	레이스 깃발
collection_5_card_5_theme_9	0	Traffic Cones	Trafik Konileri	Verkeerskegels	Verkehrshütchen	Cônes de circulation	Coni del traffico	Cones de Trânsito	Conos de Tráfico	Дорожные конусы	交通コーン	교통 콘es
collection_5_card_6_theme_9	0	Podium	Podyum	Podium	Podium	Podium	Podio	Pódio	Podio	Пьедестал	表彰台	포디움
collection_5_card_7_theme_9	0	Race Car	Yarış Arabası	Raceauto	Rennwagen	Voiture de course	Auto da Corsa	Carro de Corrida	Coche de Carreras	Гоночная машина	レースカー	경주용 자동차
collection_5_card_8_theme_9	0	Winner Pose	Kazanan Pozu	Winnaars Pose	Gewinnerpose	Pose du gagnant	Posa del Vincitore	Pose de Vencedor	Pose de Ganador	Позы победителя	勝者のポーズ	승리 포즈
collection_5_card_9_theme_9	0	Trophy	Kupa	Trofee	Trophäe	Trophée	Trofeo	Troféu	Trofeo	Трофей	トロフィー	트로피
collection_5_theme_10	0	Concert	Konser	Concert	Konzert	Concert	Concerto	Concerto	Concierto	Концерт	コンサート	콘서트
collection_5_card_1_theme_10	0	Ukulele	Ukulele	Ukulele	Ukulele	Ukulélé	Ukulele	Ukulele	Ukulele	Укулеле	ウクレレ	우쿨렐레
collection_5_card_2_theme_10	0	Microphone	Mikrofon	Microfoon	Mikrofon	Microphone	Microfono	Microfone	Micrófono	Микрофон	マイクロフォン	마이크로폰
collection_5_card_3_theme_10	0	Boombox	Boombox	Boombox	Boombox	Boombox	Boombox	Boombox	Boombox	Бумбокс	ブームボックス	붐박스
collection_5_card_4_theme_10	0	Stage	Sahne	Podium	Bühne	Étape	Fase	Etapa	Escenario	Этап	ステージ	스테이지
collection_5_card_5_theme_10	0	Drum Set	Davul Seti	Drumstel	Schlagzeug	Batterie	Batteria	Conjunto de Bateria	Batería	Барабанная установка	ドラムセット	드럼 세트
collection_5_card_6_theme_10	0	Music Sign	Müzik Simgesi	Muzieksignaal	Musikzeichen	Signe Musical	Segno Musicale	Sinal de Música	Señal de Música	Музыкальный Знак	音楽記号	음악 기호
collection_5_card_7_theme_10	0	Notes	Notalar	Muzieknoten	Noten	Notes de Musique	Note Musicali	Notas Musicais	Notas Musicales	Ноты	音符	음표
collection_5_card_8_theme_10	0	DJ Setup	DJ Seti	DJ-set	DJ-Pult	Platines DJ	Consolle DJ	Equipamento de DJ	Equipo de DJ	DJ-пульт	DJセット	DJ 세트
collection_5_card_9_theme_10	0	Rock Star	Rock Yıldızı	Rockster	Rockstar	Rockeur Étoile	Rock Star	Estrela do Rock	Estrella del Rock	Рок-звезда	ロックスター	록 스타
collection_5_theme_11	0	Parkour	Parkur	Parcours	Parkour	Parcours	Percorso	Parkour	Parque	Паркур	パルクール	파쿠르
collection_5_card_1_theme_11	0	Tunnel Tube	Tünel Tüpü	Tunnelbuis	Tunneltube	Tube de Tunnel	Tubo del tunnel	Túnel Tubo	Tubo del Túnel	Тоннельная Труба	トンネルチューブ	터널 튜브
collection_5_card_2_theme_11	0	Stepping Stones	Basamak Taşları	Overstapstenen	Trittsteine	Pas à Pas	Pietre Miliari	Pedras de Passagem	Trampolines de Piedra	Переправа по камням	足場の石	징검다리
collection_5_card_3_theme_11	0	Balance Beam	Denge Kirişi	Evenwichtsbalk	Balancierbalken	Barre d'équilibre	Trave di Equilibrio	Trave de Equilíbrio	Viga de Equilibrio	Балансирная Балка	平均台	균형 빔
collection_5_card_4_theme_11	0	Rings	Halkalar	Ringen	Ringe	Anneaux	Anelli	Anéis	Anillos	Кольца	リング	반지들
collection_5_card_5_theme_11	0	Hoop	Çember	Hoep	Reifen	Cerceau	Cerchio	Aro	Aro	Обруч	フープ	후프
collection_5_card_6_theme_11	0	Rope Bridge	İp Köprüsü	Touwbrug	Seilbrücke	Pont de Corde	Ponte di Corde	Ponte de Corda	Puente de Cuerda	Верёвочный мост	ロープブリッジ	밧줄 다리
collection_5_card_7_theme_11	0	Golf Club	Golf Kulübü	Golfclub	Golf Club	Club de Golf	Mazza da Golf	Clube de Golfe	Club de Golf	Гольф-клуб	ゴルフクラブ	골프클럽
collection_5_card_8_theme_11	0	Rode Bull	Rodeo Boğası	Rodeostier	Rodeo-Bulle	Taureau de Rodéo	Toro Meccanico	Touro Mecânico	Toro Mecánico	Родео-бык	ロデオブル	로데오 황소
collection_5_card_9_theme_11	0	Hanging	Asılı Kal	Hangen	Hängen	Se Suspendre	Restare Appesi	Pendurar-se	Colgarse	Висеть	ぶら下がる	매달리기
collection_5_theme_12	0	Amusement	Eğlence	Amusement	Vergnügen	Amusement	Divertimento	Diversão	Entretenimiento	Развлечение	楽しさ	즐거움
collection_5_card_1_theme_12	0	Prize Booth	Ödül Kabini	Prijzenstand	Preisbude	Stand des Prix	Cabina Premi	Cabine de Prêmios	Caseta de Premios	Призовой киоск	賞品ブース	상품 부스
collection_5_card_2_theme_12	0	Ring Toss	Halka Atma	Ringwerpen	Ringwerfen	Lancer d'Anneaux	Lancio degli Anelli	Arremesso de Aros	Lanzamiento de Aros	Метание колец	輪投げ	링 던지기
collection_5_card_3_theme_12	0	Lucky Wheel	Şanslı Çark	Gelukswiel	Glücksrad	Roulette Chance	Ruota Fortunata	Roda da Sorte	Ruleta de la Suerte	Счастливое колесо	ラッキーホイール	행운의 룰렛
collection_5_card_4_theme_12	0	Candy	Şekerleme	Snoepje	Bonbon	Bonbon	Caramella	Doce	Caramelo	Конфета	キャンディー	사탕
collection_5_card_5_theme_12	0	Claw Machine	Pençe Makinesi	Kraanmachine	Greifautomat	Machine à Griffe	Macchina Raccogli-Pupazzi	Máquina de Garra	Máquina de Garra	Игровой автомат с когтем	クロー・マシン	클로 머신
collection_5_card_6_theme_12	0	Arcade Machine	Atari	Arcadekast	Spielautomat	Borne d'Arcade	Cabinato Arcade	Fliperama	Recreativa	Игровой автомат	ゲーム機	오락기
collection_5_card_7_theme_12	0	Photo Booth	Fotoğraf Kabini	Fotohokje	Fotoautomat	Cabine Photographique	Cabina Fotografica	Cabine Fotográfica	Cabina de Fotos	Фотокабина	フォトブース	포토 부스
collection_5_card_8_theme_12	0	Cheese	Peynir	Kaasje	Käse	Fromage	Formaggio	Queijo	Queso	Сыр	チーズ	치즈
collection_5_card_9_theme_12	0	Fun Day	Eğlence Günü	Leuke Dag	Spaßtag	Journée Amusante	Giornata Divertente	Dia Divertido	Día Divertido	День веселья	楽しい日	즐거운 날
collection_5_theme_13	0	Haunted	Perili	Spookachtig	Spukend	Hanté	Infestato	Assombrado	Embrujado	Призрачный	呪われた	유령의
collection_5_card_1_theme_13	0	Red Lantern	Kırmızı Fener	Rode Lantaarn	Rote Laterne	Lanterne Rouge	Lanterna Rossa	Lanterna Vermelha	Linterna Roja	Красный фонарь	赤いランタン	붉은 랜턴
collection_5_card_2_theme_13	0	Tunnel	Tünel	Tunnel	Tunnel	Tunnel	Galleria	Túnel	Túnel	Тоннель	トンネル	터널
collection_5_card_3_theme_13	0	Ride Cart	Vagon	Ritkarretje	Fahrwagen	Wagonnet	Vagoncino	Carrinho da Atração	Vagoneta	Вагонетка	ライドカート	라이드 카트
collection_5_card_4_theme_13	0	Scare Box	Korku Kutusu	Schrikdoos	Erschreckbox	Boîte Effrayante	Scatola Spaventosa	Caixa Assustadora	Caja de Sustos	Ящик Пугала	おどかし箱	괴짜 상자
collection_5_card_5_theme_13	0	Potion	İksir	Drank	Trank	Potion	Pozione	Poção	Poción	Зелье	ポーション	포션
collection_5_card_6_theme_13	0	Exit Sign	Çıkış Tabelası	Uitgangsbord	Ausgangsschild	Panneau de sortie	Segnale di Uscita	Sinal de Saída	Letrero de Salida	Выход	出口サイン	출구 표지판
collection_5_card_7_theme_13	0	Ghost Sign	Hayalet İşareti	Geestenbord	Geisterzeichen	Signal du Fantôme	Segno di Fantasma	Placa Fantasma	Señal de Fantasma	Призрачный Знак	ゴーストサイン	유령 기호
collection_5_card_8_theme_13	0	Mummy	Mumya	Mummie	Mumie	Momie	Mummia	Múmia	Momia	Мумия	ミイラ	미이라
collection_5_card_9_theme_13	0	Boo Ride	Boo Yolculuğu	Boo Rit	Boo-Fahrt	Balade Boo	Giro Boo	Passeio Assustador	Paseo Boo	Поездка Бу	ブーライド	부우 라이드
collection_5_theme_14	0	Magic Show	Sihirli Gösteri	Magische Show	Magische Show	Spectacle de Magie	Spettacolo Magico	Espetáculo Mágico	Espectáculo Mágico	Волшебное Шоу	マジックショー	매직 쇼
collection_5_card_1_theme_14	0	Magic Wand	Sihirli Asa	Toverstok	Magischer Zauberstab	Baguette Magique	Bacchetta Magica	Varinha Mágica	Varita Mágica	Волшебная Палочка	魔法の杖	마법 지팡이
collection_5_card_2_theme_14	0	Crystal Ball	Kristal Küre	Kristallen Bol	Kristallkugel	Boule de Cristal	Sfera di Cristallo	Bola de Cristal	Bola de Cristal	Хрустальный Шар	水晶玉	수정 구슬
collection_5_card_3_theme_14	0	Stage Curtain	Sahne Perdesi	Toneelgordijn	Bühnenvorhang	Rideau de Scène	Sipario di Scena	Cortina do Palco	Telón de Escenario	Занавес Сцены	ステージカーテン	막 커튼
collection_5_card_4_theme_14	0	Playing Cards	Oyun Kartları	Speelkaarten	Spielkarten	Cartes à jouer	Carte da Gioco	Cartas de Jogo	Cartas para Jugar	Игральные карты	カードをプレイ	플레잉 카드
collection_5_card_5_theme_14	0	Magic Hat	Sihirli Şapka	Magische Hoed	Zauberhut	Chapeau Magique	Cappello Magico	Chapéu Mágico	Sombrero Mágico	Волшебная Шляпа	マジックハット	마법 모자
collection_5_card_6_theme_14	0	Flying Carpet	Uçan Halı	Vliegend Tapijt	Fliegender Teppich	Tapis Volant	Tappeto Volante	Tapete Voador	Alfombra Voladora	Летающий ковер	フライングカーペット	비행 양탄자
collection_5_card_7_theme_14	0	Rabbit in Hat	Şapkadaki Tavşan	Konijn in Hoed	Kaninchen im Hut	Lapin dans le Chapeau	Coniglio nel Cappello	Coelho na Cartola	Conejo en el Sombrero	Кролик в Шляпе	帽子の中のウサギ	모자 속 토끼
collection_5_card_8_theme_14	0	Escape Artist	Kaçış Sanatçısı	Ontsnappingskunstenaar	Entfesselungskünstler	Artiste de l'évasion	Artista della fuga	Artista do Escape	Artista del Escape	Искусный Побег	脱出アーティスト	탈출의 명수
collection_5_card_9_theme_14	0	Pick a Card	Bir Kart Seç	Kies een Kaart	Ziehe eine Karte	Choisissez une Carte	Scegli una Carta	Escolha uma Carta	Escoge una carta	Выберите карту	カードを選んでください	카드 선택
collection_5_theme_15	0	Games	Oyunlar	Spellen	Spiele	Jeux	Giochi	Jogos	Juegos	Игры	ゲーム	게임들
collection_5_card_1_theme_15	0	Basketball	Basketbol	Basketbal	Basketball	Basket-ball	Pallacanestro	Basquetebol	Baloncesto	Баскетбол	バスケットボール	농구
collection_5_card_2_theme_15	0	Balloon Pop	Balon Patlatma	Ballon Pop	Ballon-Pop	Éclatement de Ballon	Scoppio Palloncino	Estouro de Balões	Explosión de Globos	Шариковый Поп	バルーンポップ	풍선 터뜨리기
collection_5_card_3_theme_15	0	Target Shooting	Hedef Vurma	Doelschieten	Zielschießen	Tir à Cible	Tiro al Bersaglio	Tiro ao Alvo	Tiro al Blanco	Стрельба по мишеням	ターゲットシューティング	과녁 사격
collection_5_card_4_theme_15	0	Whack-a-Mole	Köstebeği Vur	Sla de Mol	Hau den Maulwurf	Tape-taupe	Acchiappa la Talpa	Bata na Toupeira	Golpea al Topo	Ударь Крота	モグラたたき	두더지 잡기
collection_5_card_5_theme_15	0	High Striker	Yüksek Vuruşçu	Krachtmeter	Hau-den-Lukas	Le Haut Striker	Martello a Testa	Batedor Forte	Golpeador Fuerte	Силач	ハイストライカー	높은 타격기
collection_5_card_6_theme_15	0	Dart	Dart	Dartsen	Dart	Dart	Freccetta	Dardo	Dardo	Дротик	ダーツ	다트
collection_5_card_7_theme_15	0	Stacked Caps	Bardak Kulesi	Bekertoren	Becherturm	Tour de Gobelets	Torre di Bicchieri	Torre de Copos	Torre de Vasos	Башня стаканов	カップタワー	컵 타워
collection_5_card_8_theme_15	0	Splash	Sıçrama	Plons	Spritzer	Éclaboussure	Acqua schizzata	Toque	Salpicadura	Всплеск	スプラッシュ	스플래시
collection_5_card_9_theme_15	0	Smash It	Ezip Geç	Maak het stuk	Zerschmettere Es	Éclate-le	Distruggilo	Esmague-o	Destrúyelo	Разбей это	スマッシュせよ	부숴버려
